CREATE TABLE IF NOT EXISTS areas (
    id INT NOT NULL,
    name TEXT,
    area_owner TEXT,
    parent_id INT,
    pos1x BIGINT,
    pos1y BIGINT,
    pos1z BIGINT,
    pos2x BIGINT,
    pos2y BIGINT,
    pos2z BIGINT,
    isopen BOOLEAN,
    PRIMARY KEY(id));

CREATE TABLE IF NOT EXISTS bans (
    playername TEXT,
    bantime TIMESTAMP,
    source TEXT,
    reason TEXT,
    PRIMARY KEY(playername));

CREATE TABLE IF NOT EXISTS craft_shaped (
    craftoutput TEXT NOT NULL,
    craftwidth INT NOT NULL,
    recipe1 TEXT NOT NULL DEFAULT '',
    recipe2 TEXT NOT NULL DEFAULT '',
    recipe3 TEXT NOT NULL DEFAULT '',
    recipe4 TEXT NOT NULL DEFAULT '',
    recipe5 TEXT NOT NULL DEFAULT '',
    recipe6 TEXT NOT NULL DEFAULT '',
    recipe7 TEXT NOT NULL DEFAULT '',
    recipe8 TEXT NOT NULL DEFAULT '',
    recipe9 TEXT NOT NULL DEFAULT '');

INSERT INTO craft_shaped (craftoutput, craftwidth, recipe1, recipe2, recipe3, recipe4, recipe5, recipe6, recipe7, recipe8, recipe9) VALUES
('boats:boat','3','','','','group:wood','','group:wood','group:wood','group:wood','group:wood'),
('bucket:bucket_empty 1','3','default:steel_ingot','','default:steel_ingot','','default:steel_ingot','','','',''),
('default:pick_steel','3','default:steel_ingot','default:steel_ingot','default:steel_ingot','','group:stick','','','group:stick',''),
('default:pick_bronze','3','default:bronze_ingot','default:bronze_ingot','default:bronze_ingot','','group:stick','','','group:stick',''),
('default:pick_mese','3','default:mese_crystal','default:mese_crystal','default:mese_crystal','','group:stick','','','group:stick',''),
('default:pick_diamond','3','default:diamond','default:diamond','default:diamond','','group:stick','','','group:stick',''),
('default:shovel_wood','1','group:wood','group:stick','group:stick','','','','','',''),
('default:shovel_stone','1','group:stone','group:stick','group:stick','','','','','',''),
('default:shovel_steel','1','default:steel_ingot','group:stick','group:stick','','','','','',''),
('default:shovel_bronze','1','default:bronze_ingot','group:stick','group:stick','','','','','',''),
('default:shovel_mese','1','default:mese_crystal','group:stick','group:stick','','','','','',''),
('default:shovel_diamond','1','default:diamond','group:stick','group:stick','','','','','',''),
('default:axe_wood','2','group:wood','group:wood','group:wood','group:stick','','group:stick','','',''),
('default:axe_stone','2','group:stone','group:stone','group:stone','group:stick','','group:stick','','',''),
('default:axe_steel','2','default:steel_ingot','default:steel_ingot','default:steel_ingot','group:stick','','group:stick','','',''),
('default:axe_bronze','2','default:bronze_ingot','default:bronze_ingot','default:bronze_ingot','group:stick','','group:stick','','',''),
('default:axe_mese','2','default:mese_crystal','default:mese_crystal','default:mese_crystal','group:stick','','group:stick','','',''),
('default:axe_diamond','2','default:diamond','default:diamond','default:diamond','group:stick','','group:stick','','',''),
('default:axe_wood','2','group:wood','group:wood','group:stick','group:wood','group:stick','','','',''),
('default:axe_stone','2','group:stone','group:stone','group:stick','group:stone','group:stick','','','',''),
('default:axe_steel','2','default:steel_ingot','default:steel_ingot','group:stick','default:steel_ingot','group:stick','','','',''),
('default:axe_bronze','2','default:bronze_ingot','default:bronze_ingot','group:stick','default:bronze_ingot','group:stick','','','',''),
('default:axe_mese','2','default:mese_crystal','default:mese_crystal','group:stick','default:mese_crystal','group:stick','','','',''),
('default:axe_diamond','2','default:diamond','default:diamond','group:stick','default:diamond','group:stick','','','',''),
('default:sword_wood','1','group:wood','group:wood','group:stick','','','','','',''),
('default:sword_stone','1','group:stone','group:stone','group:stick','','','','','',''),
('default:sword_steel','1','default:steel_ingot','default:steel_ingot','group:stick','','','','','',''),
('default:sword_bronze','1','default:bronze_ingot','default:bronze_ingot','group:stick','','','','','',''),
('default:sword_mese','1','default:mese_crystal','default:mese_crystal','group:stick','','','','','',''),
('default:sword_diamond','1','default:diamond','default:diamond','group:stick','','','','','',''),
('default:rail 15','3','default:steel_ingot','','default:steel_ingot','default:steel_ingot','group:stick','default:steel_ingot','default:steel_ingot','','default:steel_ingot'),
('default:chest','3','group:wood','group:wood','group:wood','group:wood','','group:wood','group:wood','group:wood','group:wood'),
('default:chest_locked','3','group:wood','group:wood','group:wood','group:wood','default:steel_ingot','group:wood','group:wood','group:wood','group:wood'),
('default:furnace','3','group:stone','group:stone','group:stone','group:stone','','group:stone','group:stone','group:stone','group:stone'),
('default:coalblock','3','default:coal_lump','default:coal_lump','default:coal_lump','default:coal_lump','default:coal_lump','default:coal_lump','default:coal_lump','default:coal_lump','default:coal_lump'),
('default:coal_lump 9','1','default:coalblock','','','','','','','',''),
('default:steelblock','3','default:steel_ingot','default:steel_ingot','default:steel_ingot','default:steel_ingot','default:steel_ingot','default:steel_ingot','default:steel_ingot','default:steel_ingot','default:steel_ingot'),
('default:steel_ingot 9','1','default:steelblock','','','','','','','',''),
('default:copperblock','3','default:copper_ingot','default:copper_ingot','default:copper_ingot','default:copper_ingot','default:copper_ingot','default:copper_ingot','default:copper_ingot','default:copper_ingot','default:copper_ingot'),
('default:copper_ingot 9','1','default:copperblock','','','','','','','',''),
('default:bronzeblock','3','default:bronze_ingot','default:bronze_ingot','default:bronze_ingot','default:bronze_ingot','default:bronze_ingot','default:bronze_ingot','default:bronze_ingot','default:bronze_ingot','default:bronze_ingot'),
('default:bronze_ingot 9','1','default:bronzeblock','','','','','','','',''),
('default:goldblock','3','default:gold_ingot','default:gold_ingot','default:gold_ingot','default:gold_ingot','default:gold_ingot','default:gold_ingot','default:gold_ingot','default:gold_ingot','default:gold_ingot'),
('default:gold_ingot 9','1','default:goldblock','','','','','','','',''),
('default:diamondblock','3','default:diamond','default:diamond','default:diamond','default:diamond','default:diamond','default:diamond','default:diamond','default:diamond','default:diamond'),
('default:diamond 9','1','default:diamondblock','','','','','','','',''),
('default:sandstone','2','group:sand','group:sand','group:sand','group:sand','','','','',''),
('default:sand 4','1','default:sandstone','','','','','','','',''),
('default:sandstonebrick 4','2','default:sandstone','default:sandstone','default:sandstone','default:sandstone','','','','',''),
('default:clay','2','default:clay_lump','default:clay_lump','default:clay_lump','default:clay_lump','','','','',''),
('default:brick','2','default:clay_brick','default:clay_brick','default:clay_brick','default:clay_brick','','','','',''),
('default:clay_brick 4','1','default:brick','','','','','','','',''),
('default:paper','3','default:papyrus','default:papyrus','default:papyrus','','','','','',''),
('default:book','1','default:paper','default:paper','default:paper','','','','','',''),
('default:bookshelf','3','group:wood','group:wood','group:wood','default:book','default:book','default:book','group:wood','group:wood','group:wood'),
('default:ladder','3','group:stick','','group:stick','group:stick','group:stick','group:stick','group:stick','','group:stick'),
('default:mese','3','default:mese_crystal','default:mese_crystal','default:mese_crystal','default:mese_crystal','default:mese_crystal','default:mese_crystal','default:mese_crystal','default:mese_crystal','default:mese_crystal'),
('default:mese_crystal 9','1','default:mese','','','','','','','',''),
('default:mese_crystal_fragment 9','1','default:mese_crystal','','','','','','','',''),
('default:meselamp 1','3','','default:mese_crystal','','default:mese_crystal','default:glass','default:mese_crystal','','',''),
('default:obsidian_shard 9','1','default:obsidian','','','','','','','',''),
('default:obsidian','3','default:obsidian_shard','default:obsidian_shard','default:obsidian_shard','default:obsidian_shard','default:obsidian_shard','default:obsidian_shard','default:obsidian_shard','default:obsidian_shard','default:obsidian_shard'),
('default:obsidianbrick 4','2','default:obsidian','default:obsidian','default:obsidian','default:obsidian','','','','',''),
('default:stonebrick 4','2','default:stone','default:stone','default:stone','default:stone','','','','',''),
('default:desert_stonebrick 4','2','default:desert_stone','default:desert_stone','default:desert_stone','default:desert_stone','','','','',''),
('default:snowblock','3','default:snow','default:snow','default:snow','default:snow','default:snow','default:snow','default:snow','default:snow','default:snow'),
('default:wood 4','1','default:tree','','','','','','','',''),
('default:junglewood 4','1','default:jungletree','','','','','','','',''),
('default:pinewood 4','1','default:pinetree','','','','','','','',''),
('default:stick 4','1','group:wood','','','','','','','',''),
('default:fence_wood 2','3','group:stick','group:stick','group:stick','group:stick','group:stick','group:stick','','',''),
('default:sign_wall','3','group:wood','group:wood','group:wood','group:wood','group:wood','group:wood','','group:stick',''),
('default:torch 4','1','default:coal_lump','group:stick','','','','','','',''),
('default:pick_wood','3','group:wood','group:wood','group:wood','','group:stick','','','group:stick',''),
('default:pick_stone','3','group:stone','group:stone','group:stone','','group:stick','','','group:stick',''),
('default:snow 9','1','default:snowblock','','','','','','','',''),
('doors:door_wood','2','group:wood','group:wood','group:wood','group:wood','group:wood','group:wood','','',''),
('doors:door_steel','2','default:steel_ingot','default:steel_ingot','default:steel_ingot','default:steel_ingot','default:steel_ingot','default:steel_ingot','','',''),
('doors:door_glass','2','default:glass','default:glass','default:glass','default:glass','default:glass','default:glass','','',''),
('doors:door_obsidian_glass','2','default:obsidian_glass','default:obsidian_glass','default:obsidian_glass','default:obsidian_glass','default:obsidian_glass','default:obsidian_glass','','',''),
('doors:trapdoor 2','3','group:wood','group:wood','group:wood','group:wood','group:wood','group:wood','','',''),
('farming:straw 3','3','farming:wheat','farming:wheat','farming:wheat','farming:wheat','farming:wheat','farming:wheat','farming:wheat','farming:wheat','farming:wheat'),
('farming:wheat 3','1','farming:straw','','','','','','','',''),
('vessels:shelf','3','group:wood','group:wood','group:wood','group:vessel','group:vessel','group:vessel','group:wood','group:wood','group:wood'),
('vessels:drinking_glass 14','3','default:glass','','default:glass','default:glass','','default:glass','default:glass','default:glass','default:glass'),
('vessels:glass_bottle 10','3','default:glass','','default:glass','default:glass','','default:glass','','default:glass',''),
('vessels:steel_bottle 5','3','default:steel_ingot','','default:steel_ingot','default:steel_ingot','','default:steel_ingot','','default:steel_ingot',''),
('fences:fence_wood 2','3','default:stick','default:stick','default:stick','default:stick','default:stick','default:stick','','',''),
('fences:fencegate','3','default:stick','default:wood','default:stick','default:stick','default:wood','default:stick','','',''),
('markers:mark 4','1','group:stick','default:apple','group:stick','','','','','',''),
('markers:stone','1','markers:mark','default:cobble','','','','','','',''),
('markers:land_title_register','1','markers:mark','markers:stone','default:book','','','','','',''),
('wool:white','2','farming:cotton','farming:cotton','farming:cotton','farming:cotton','','','','',''),
('money:shop','3','default:wood','default:wood','default:wood','default:wood','default:mese','default:wood','default:wood','default:wood','default:wood'),
('dirt:torchis 4','1','default:papyrus','dirt:dirt_clay','','','','','','',''),
('dirt:furnace','3','dirt:dirt_brick_rusted','dirt:dirt_brick_rusted','dirt:dirt_brick_rusted','dirt:dirt_brick_rusted','','dirt:dirt_brick_rusted','dirt:dirt_brick_rusted','dirt:dirt_brick_rusted','dirt:dirt_brick_rusted'),
('dirt:silex_block','3','dirt:silex','dirt:silex','dirt:silex','dirt:silex','dirt:silex','dirt:silex','dirt:silex','dirt:silex','dirt:silex'),
('dirt:silex 9','1','dirt:silex_block','','','','','','','',''),
('dirt:silex_hammer','3','dirt:silex_block','default:papyrus','dirt:silex_block','','default:stick','','','default:stick','');

-- DBv3
CREATE TABLE IF NOT EXISTS craft_cooking (
    craftoutput TEXT NOT NULL,
    recipe TEXT NOT NULL,
    cooktime NUMERIC(16, 4) DEFAULT '3.0',
    PRIMARY KEY (craftoutput, recipe)
);

INSERT INTO craft_cooking (craftoutput, recipe, cooktime) VALUES
('default:glass', 'group:sand', '3.0'),
('default:obsidian_glass', 'default:obsidian_shard"', '3.0'),
('default:stone', 'default:cobble"', '3.0'),
('default:stone', 'default:mossycobble', '3.0'),
('default:desert_stone', 'default:desert_cobble', '3.0'),
('default:steel_ingot', 'default:iron_lump', '3.0'),
('default:copper_ingot', 'default:copper_lump', '3.0'),
('default:gold_ingot', 'default:gold_lump', '3.0'),
('default:clay_brick', 'default:clay_brick', '3.0'),
('default:glass"', 'vessels:glass_fragments', '3.0'),
('default:steel_ingot', 'vessels:steel_bottle', '3.0'),
('farming:bread', 'farming:flour', '15.0');

-- DBv4
CREATE TABLE IF NOT EXISTS craft_fuel (
    recipe TEXT NOT NULL,
    burntime NUMERIC(16, 4) DEFAULT '1.0',
    PRIMARY KEY (recipe)
);

INSERT INTO craft_fuel (recipe, burntime) VALUES
('group:tree',30.0),
('default:junglegrass',2.0),
('group:leaves',1.0),
('default:cactus',15.0),
('default:papyrus',1.0),
('default:bookshelf',30.0),
('default:fence_wood',15.0),
('default:ladder',5.0),
('group:wood',7.0),
('default:lava_source',60.0),
('default:torch',4.0),
('default:sign_wall',10.0),
('default:chest',30.0),
('default:chest_locked',30.0),
('default:nyancat',1.0),
('default:nyancat_rainbow',1.0),
('group:sapling',10.0),
('default:apple',3.0),
('default:coal_lump',40.0),
('default:coalblock',370.0),
('default:grass_1',2.0),
('default:dry_grass_1',2.0);

-- DBv5
CREATE TABLE IF NOT EXISTS tips (
    tip_en TEXT NOT NULL,
    PRIMARY KEY(tip_en)
);

INSERT INTO tips (tip_en) VALUES
('[Rule] Please respect other players work, don''t build too close, don''t destroy and steal their buildings.'),
('[Rule] If you want some wood, cut the whole tree and plant a seed.'),
('[Rule] Please be polite with other players.'),
('[Tip] You can protect your building areas using markers.'),
('[Tip] You can retrieve your inventory after a death if you loot your corpse, but others players can loot it too !'),
('[Tip] Eating cooked food reduce more your hunger than uncooked food.'),
('[Tip] You can craft ten items in one time using the middle click.');

-- DBv6
CREATE TABLE IF NOT EXISTS creaturedefs (
    name TEXT NOT NULL,
    creaturetype INT NOT NULL DEFAULT '0',
    attacktype INT NOT NULL DEFAULT '0',
    canfloat BOOLEAN NOT NULL DEFAULT true,
    canjump BOOLEAN NOT NULL DEFAULT true,
    viewrange NUMERIC(16, 4) DEFAULT '15.0',
    replacerate INT NOT NULL DEFAULT '0',
    replaceoffset NUMERIC(16, 4) DEFAULT '0.0',
    collisionbox1 NUMERIC(16, 4) NOT NULL,
    collisionbox2 NUMERIC(16, 4) NOT NULL,
    collisionbox3 NUMERIC(16, 4) NOT NULL,
    collisionbox4 NUMERIC(16, 4) NOT NULL,
    collisionbox5 NUMERIC(16, 4) NOT NULL,
    collisionbox6 NUMERIC(16, 4) NOT NULL,
    PRIMARY KEY(name)
);

INSERT INTO creaturedefs (name, creaturetype, attacktype, canfloat, canjump, viewrange, replacerate, replaceoffset, collisionbox1, collisionbox2, collisionbox3, collisionbox4, collisionbox5, collisionbox6) VALUES
('mobs:sheep',1,0,'t','t',15.0,50,-1,-0.4,-1.0,-0.4,0.4,0.3,0.4),
('mobs:cow',1,2,'t','t',15.0,50,0,-0.4,-0.01,-0.4,0.4,1.0,0.4),
('mobs:kitten',1,0,'t','t',15.0,0,0,-0.3,-0.3,-0.3,0.3,0.1,0.3),
('mobs:bee',1,0,'t','t',15.0,0,0,-0.2,-0.01,-0.2,0.2,0.2,0.2),
('mobs:pumba',1,2,'t','t',15.0,0,0,-0.4,-0.01,-0.4,0.4,1.0,0.4),
('mobs:tree_monster',2,2,'t','t',15.0,0,0,-0.4,-1.0,-0.4,0.4,0.8,0.4),
('mobs:sand_monster',2,2,'f','t',15.0,0,0,-0.4,-1.0,-0.4,0.4,0.8,0.4),
('mobs:stone_monster',2,2,'f','t',15.0,0,0,-0.4,-1.0,-0.4,0.4,0.8,0.4),
('mobs:dirt_monster',2,2,'f','t',15.0,0,0,-0.4,-1.0,-0.4,0.4,0.8,0.4),
('mobs:dungeon_master',2,3,'t','t',15.0,0,0,-0.7,-1.0,-0.7,0.7,1.6,0.7),
('mobs:chicken',1,0,'t','t',15.0,8000,0,-0.3,-0.75,-0.3,0.3,0.1,0.3),
('mobs:bunny',1,2,'t','t',15.0,80,0,-0.268,-0.5,-0.268,0.268,0.167,0.268),
('mobs:lava_flan',2,2,'f','t',15.0,0,0,-0.5,-0.5,-0.5,0.5,1.5,0.5),
('mobs:oerkki',2,2,'t','t',15.0,40,-1,-0.4,-1.0,-0.4,0.4,0.9,0.4),
('mobs:mese_monster',2,3,'t','t',15.0,0,0,-0.5,-1.5,-0.5,0.5,0.5,0.5),
('mobs:spider',2,2,'f','t',15.0,0,0,-0.9,-0.01,-0.7,0.7,0.6,0.7),
('mobs:rat',1,0,'t','t',15.0,0,0,-0.2,-1.0,-0.2,0.2,-0.8,0.2);

-- DBv7
ALTER TABLE creaturedefs ADD COLUMN can_take_fall_damage BOOLEAN DEFAULT 't';
ALTER TABLE creaturedefs ADD COLUMN fall_speed NUMERIC(16, 4) DEFAULT '-100.0';
ALTER TABLE creaturedefs ADD COLUMN jump_height NUMERIC(16, 4) DEFAULT '6.5';
ALTER TABLE creaturedefs ADD COLUMN walk_chance NUMERIC(16, 4) DEFAULT '50.0';
ALTER TABLE creaturedefs ADD COLUMN walk_velocity NUMERIC(16, 4) DEFAULT '10.0';
ALTER TABLE creaturedefs ADD COLUMN replace_with TEXT DEFAULT '';
ALTER TABLE creaturedefs ADD COLUMN damage_min INT DEFAULT '0';
ALTER TABLE creaturedefs ADD COLUMN loot_table INT DEFAULT '0';

CREATE TABLE IF NOT EXISTS creaturedefs_animationinfos (
    name TEXT NOT NULL,
    speed_normal INTEGER DEFAULT '0',
    stand_start INTEGER DEFAULT '0',
    stand_end INTEGER DEFAULT '0',
    walk_start INTEGER DEFAULT '0',
    walk_end INTEGER DEFAULT '0',
    run_start INTEGER DEFAULT '0',
    run_end INTEGER DEFAULT '0',
    speed_run INTEGER DEFAULT '0',
    punch_start INTEGER DEFAULT '0',
    punch_end INTEGER DEFAULT '0',
    PRIMARY KEY(name)
);

CREATE TABLE IF NOT EXISTS creaturedefs_sounds (
    name TEXT NOT NULL,
    sound_warcry TEXT DEFAULT '',
    sound_random TEXT DEFAULT '',
    sound_attack TEXT DEFAULT '',
    sound_death TEXT DEFAULT '',
    sound_damage TEXT DEFAULT '',
    sound_jump TEXT DEFAULT '',
    PRIMARY KEY(name)
);

CREATE TABLE IF NOT EXISTS creaturedefs_damages (
    name TEXT NOT NULL,
    damage_light INT DEFAULT '0',
    damage_water INT DEFAULT '0',
    damage_lava INT DEFAULT '0',
    damage_fall INT DEFAULT '0',
    PRIMARY KEY(name)
);

CREATE TABLE IF NOT EXISTS creaturedefs_loot (
    id INT NOT NULL,
    item TEXT NOT NULL,
    chance INT NOT NULL,
    mindrops INT NOT NULL,
    maxdrops INT NOT NULL,
    PRIMARY KEY (id,item)
);

UPDATE creaturedefs set replace_with = 'air' WHERE name IN ('mobs:sheep','mobs:cow','mobs:bunny','mobs:oerkki');
UPDATE creaturedefs set can_take_fall_damage = 'f' WHERE name = 'mobs:tree_monster';
UPDATE creaturedefs set can_take_fall_damage = 'f', fall_speed = '-30.0' WHERE name = 'mobs:bee';
UPDATE creaturedefs set can_take_fall_damage = 'f', fall_speed = '-80.0', replace_with = 'mobs:egg' WHERE name = 'mobs:chicken';
UPDATE creaturedefs set can_take_fall_damage = 'f', fall_speed = '-60.0' WHERE name = 'mobs:mese_monster';
UPDATE creaturedefs set damage_min = '4' WHERE name IN ('mobs:cow','mobs:dungeon_master','mobs:oerkki');
UPDATE creaturedefs set damage_min = '3' WHERE name IN ('mobs:stone_monster','mobs:lava_flan','mobs:mese_monster','mobs:spider');
UPDATE creaturedefs set damage_min = '2' WHERE name IN ('mobs:pumba','mobs:tree_monster','mobs:dirt_monster');
UPDATE creaturedefs set damage_min = '1' WHERE name = 'mobs:sand_monster';
INSERT INTO creaturedefs_animationinfos (name, speed_normal, speed_run, stand_start, stand_end, walk_start, walk_end) VALUES ('mobs:sheep',15,15,0,80,81,100);
INSERT INTO creaturedefs_animationinfos (name, speed_normal, speed_run, stand_start, stand_end, walk_start, walk_end, run_start, run_end, punch_start, punch_end) VALUES ('mobs:cow',15,15,0,30,35,65,105,135,70,100);
INSERT INTO creaturedefs_animationinfos (name, speed_normal, stand_start, stand_end, walk_start, walk_end) VALUES ('mobs:kitten',42,97,192,0,96);
INSERT INTO creaturedefs_animationinfos (name, speed_normal, stand_start, stand_end, walk_start, walk_end) VALUES ('mobs:bee',15,0,30,35,65);
INSERT INTO creaturedefs_animationinfos (name, speed_normal, speed_run, stand_start, stand_end, walk_start, walk_end, punch_start, punch_end) VALUES ('mobs:pumba',15,25,25,55,70,100,70,100);
INSERT INTO creaturedefs_animationinfos (name, speed_normal, speed_run, stand_start, stand_end, walk_start, walk_end, run_start, run_end, punch_start, punch_end) VALUES ('mobs:tree_monster',15,15,0,24,25,47,48,62,48,62);
INSERT INTO creaturedefs_animationinfos (name, speed_normal, speed_run, stand_start, stand_end, walk_start, walk_end, run_start, run_end, punch_start, punch_end) VALUES ('mobs:sand_monster',15,15,0,39,41,72,74,105,74,105);
INSERT INTO creaturedefs_animationinfos (name, speed_normal, speed_run, stand_start, stand_end, walk_start, walk_end, run_start, run_end, punch_start, punch_end) VALUES ('mobs:stone_monster',15,15,0,14,15,38,40,63,40,63);
INSERT INTO creaturedefs_animationinfos (name, speed_normal, speed_run, stand_start, stand_end, walk_start, walk_end, run_start, run_end, punch_start, punch_end) VALUES ('mobs:dirt_monster',15,15,0,14,15,38,40,63,40,63);
INSERT INTO creaturedefs_animationinfos (name, stand_start, stand_end, walk_start, walk_end, punch_start, punch_end, speed_normal, speed_run) VALUES ('mobs:dungeon_master',0,19,20,35,36,48,15,15);
INSERT INTO creaturedefs_animationinfos (name, speed_normal, stand_start, stand_end, walk_start, walk_end) VALUES ('mobs:chicken',15,0,1,20,40);
INSERT INTO creaturedefs_animationinfos (name, speed_normal, stand_start, stand_end, walk_start, walk_end, punch_start, punch_end) VALUES ('mobs:bunny',15,1,15,16,24,16,24);
INSERT INTO creaturedefs_animationinfos (name, speed_normal, speed_run, stand_start, stand_end, walk_start, walk_end, run_start, run_end, punch_start, punch_end) VALUES ('mobs:lava_flan',15,15,0,8,10,18,20,28,20,28);
INSERT INTO creaturedefs_animationinfos (name, speed_normal, speed_run, stand_start, stand_end, walk_start, walk_end, run_start, run_end, punch_start, punch_end) VALUES ('mobs:oerkki',15,15,0,23,24,36,37,49,37,49);
INSERT INTO creaturedefs_animationinfos (name, speed_normal, speed_run, stand_start, stand_end, walk_start, walk_end, run_start, run_end, punch_start, punch_end) VALUES ('mobs:mese_monster',15,15,0,14,15,38,40,63,15,38);
INSERT INTO creaturedefs_animationinfos (name, speed_normal, speed_run, stand_start, stand_end, walk_start, walk_end, run_start, run_end, punch_start, punch_end) VALUES ('mobs:spider',15,15,1,1,20,40,20,40,50,90);
INSERT INTO creaturedefs_sounds (name, sound_random) VALUES
('mobs:sheep', 'mobs_sheep'),
('mobs:cow', 'mobs_cow'),
('mobs:kitten', 'mobs_kitten'),
('mobs:bee', 'mobs_bee'),
('mobs:tree_monster', 'mobs_treemonster'),
('mobs:sand_monster', 'mobs_sandmonster'),
('mobs:stone_monster', 'mobs_stonemonster'),
('mobs:dirt_monster', 'mobs_stonemonster'),
('mobs:chicken','mobs_chicken'),
('mobs:oerkki','mobs_oerkki'),
('mobs:mese_monster','mobs_mesemonster'),
('mobs:rat','mobs_rat');
INSERT INTO creaturedefs_sounds (name, sound_random, sound_attack) VALUES
('mobs:pumba', 'mobs_pig', 'mobs_pig_angry'),
('mobs:dungeon_master','mobs_dungeonmaster','mobs_fireball'),
('mobs:spider','mobs_spider','mobs_spider');
INSERT INTO creaturedefs_damages (name, damage_water,damage_lava) VALUES
('mobs:sheep',1,5),
('mobs:cow',1,5),
('mobs:kitten',1,5),
('mobs:bee',1,1),
('mobs:pumba',1,5),
('mobs:sand_monster',3,4),
('mobs:dungeon_master',1,1),
('mobs:chicken',1,5),
('mobs:bunny',1,4);
INSERT INTO creaturedefs_damages (name, damage_light, damage_water, damage_lava) VALUES
('mobs:tree_monster',2,1,5),
('mobs:dirt_monster',2,1,5),
('mobs:oerkki',1,2,4),
('mobs:spider',2,5,5);
INSERT INTO creaturedefs_damages (name, damage_lava) VALUES
('mobs:stone_monster',1),
('mobs:rat',4);
INSERT INTO creaturedefs_damages (name, damage_water) VALUES ('mobs:lava_flan',5);

INSERT INTO creaturedefs_loot (id, item, chance, mindrops, maxdrops) VALUES
(1,'mobs:meat_raw',1,2,3),
(1,'wool:white',1,1,1),
(2,'mobs:meat_raw',1,5,10),
(2,'mobs:leather',1,0,3),
(3,'farming:string',1,1,1),
(4,'mobs:honey',1,1,2),
(5,'mobs:pork_raw',1,2,3),
(6,'ethereal:tree_sapling',3,1,2),
(6,'ethereal:jungle_tree_sapling',3,1,2),
(6,'default:apple',2,1,3),
(7,'default:desert_sand',1,3,5),
(8,'default:torch',2,3,5),
(8,'default:iron_lump',5,1,2),
(8,'default:coal_lump',3,1,3),
(9,'default:dirt',1,3,5),
(10,'default:mese_crystal_fragment',1,1,3),
(10,'default:diamond',4,1,1),
(10,'default:mese_crystal',2,1,2),
(10,'default:diamondblock',30,1,1),
(11,'mobs:chicken_raw',1,2,2),
(12,'mobs:meat_raw',1,1,2),
(13,'mobs:lava_orb',15,1,1),
(14,'default:obsidian',3,1,2),
(15,'default:mese_crystal',9,1,3),
(15,'default:mese_crystal_fragment',1,1,9),
(16,'farming:string',1,1,5),
(16,'ethereal:crystal_spike',15,1,2);

UPDATE creaturedefs set loot_table = 1 WHERE name = 'mobs:sheep';
UPDATE creaturedefs set loot_table = 2 WHERE name = 'mobs:cow';
UPDATE creaturedefs set loot_table = 3 WHERE name = 'mobs:kitten';
UPDATE creaturedefs set loot_table = 4 WHERE name = 'mobs:bee';
UPDATE creaturedefs set loot_table = 5 WHERE name = 'mobs:pumba';
UPDATE creaturedefs set loot_table = 6 WHERE name = 'mobs:tree_monster';
UPDATE creaturedefs set loot_table = 7 WHERE name = 'mobs:sand_monster';
UPDATE creaturedefs set loot_table = 8 WHERE name = 'mobs:stone_monster';
UPDATE creaturedefs set loot_table = 9 WHERE name = 'mobs:dirt_monster';
UPDATE creaturedefs set loot_table = 10 WHERE name = 'mobs:dungeon_master';
UPDATE creaturedefs set loot_table = 11 WHERE name = 'mobs:chicken';
UPDATE creaturedefs set loot_table = 12 WHERE name = 'mobs:bunny';
UPDATE creaturedefs set loot_table = 13 WHERE name = 'mobs:lava_flan';
UPDATE creaturedefs set loot_table = 14 WHERE name = 'mobs:oerkki';
UPDATE creaturedefs set loot_table = 15 WHERE name = 'mobs:mese_monster';
UPDATE creaturedefs set loot_table = 16 WHERE name = 'mobs:spider';

-- DBv8
ALTER TABLE creaturedefs DROP COLUMN replace_with;
ALTER TABLE creaturedefs ADD COLUMN nodereplace_table INT DEFAULT '0';

CREATE TABLE IF NOT EXISTS creaturedefs_nodereplace (
    id INT NOT NULL,
    sourcenode TEXT NOT NULL,
    destnode TEXT NOT NULL,
    PRIMARY KEY (id, sourcenode)
);

INSERT INTO creaturedefs_nodereplace (id, sourcenode, destnode) VALUES
(1,'default:grass_3','air'),
(1,'default:grass_4','air'),
(1,'default:grass_5','air'),
(1,'default:wheat_8','air'),
(2,'farming:carrot_7','air'),
(2,'farming:carrot_8','air'),
(2,'farming_plus:carrot','air'),
(3,'default:torch','air');

UPDATE creaturedefs SET nodereplace_table = 1 WHERE name IN ('mobs:sheep','mobs:cow');
UPDATE creaturedefs SET nodereplace_table = 2 WHERE name = 'mobs:bunny';
UPDATE creaturedefs SET nodereplace_table = 3 WHERE name = 'mobs:oerkki';

-- DBv9
UPDATE craft_shaped SET craftoutput = 'default:pine_wood 4' , recipe1 = 'default:pine_tree' WHERE craftoutput = 'default:pinewood 4';

-- DBv10
ALTER TABLE creaturedefs ADD COLUMN min_hp INT NOT NULL DEFAULT '5';
ALTER TABLE creaturedefs ADD COLUMN max_hp INT NOT NULL DEFAULT '10';
ALTER TABLE creaturedefs ADD COLUMN armor INT NOT NULL DEFAULT '0';

UPDATE creaturedefs SET armor = '60' WHERE name = 'mobs:dungeon_master';
UPDATE creaturedefs SET armor = '80' WHERE name IN ('mobs:stone_monster','mobs:lava_flan','mobs:mese_monster');
UPDATE creaturedefs SET armor = '100' WHERE name IN ('mobs:oerkki','mobs:sand_monster','mobs:tree_monster','mobs:dirt_monster');
UPDATE creaturedefs SET armor = '200' WHERE name IN ('mobs:pumba','mobs:kitten','mobs:rat','mobs:chicken','mobs:spider','mobs:sheep','mobs:cow','mobs:bunny','mobs:bee');

UPDATE creaturedefs SET min_hp = 1, max_hp = 2 WHERE name = 'mobs:bee';
UPDATE creaturedefs SET min_hp = 1, max_hp = 4, viewrange = 5 WHERE name = 'mobs:bunny';
UPDATE creaturedefs SET viewrange = 5 WHERE name = 'mobs:chicken';
UPDATE creaturedefs SET min_hp = 5, max_hp = 20, viewrange = 7 WHERE name = 'mobs:cow';
UPDATE creaturedefs SET min_hp = 3, max_hp = 27 WHERE name = 'mobs:dirt_monster';
UPDATE creaturedefs SET min_hp = 12, max_hp = 35 WHERE name = 'mobs:dungeon_master';
UPDATE creaturedefs SET walk_velocity = '6.0', viewrange = 8 WHERE name = 'mobs:kitten';
UPDATE creaturedefs SET min_hp = 10, max_hp = 35, walk_velocity = '5.0', viewrange = 10 WHERE name = 'mobs:lava_flan';
UPDATE creaturedefs SET min_hp = 10, max_hp = 25, walk_velocity = '5.0', viewrange = 10 WHERE name = 'mobs:mese_monster';
UPDATE creaturedefs SET min_hp = 8, max_hp = 34, viewrange = 10 WHERE name = 'mobs:oerkki';
UPDATE creaturedefs SET min_hp = 1, max_hp = 4 WHERE name = 'mobs:rat';
UPDATE creaturedefs SET min_hp = 4, max_hp = 20, walk_velocity = '15.0' WHERE name = 'mobs:sand_monster';
UPDATE creaturedefs SET min_hp = 8, viewrange = 5 WHERE name = 'mobs:sheep';
UPDATE creaturedefs SET min_hp = 20, max_hp = 40 WHERE name = 'mobs:spider';
UPDATE creaturedefs SET min_hp = 10, max_hp = 35, walk_velocity = '5.0', viewrange = 10 WHERE name = 'mobs:stone_monster';
UPDATE creaturedefs SET min_hp = 7, max_hp = 33 WHERE name = 'mobs:tree_monster';
UPDATE creaturedefs SET max_hp = 15, walk_velocity = 2, viewrange = 10 WHERE name = 'mobs:pumba';

-- DBv11
CREATE TABLE IF NOT EXISTS craft_shapeless (
    craftoutput TEXT NOT NULL,
    recipe1 TEXT NOT NULL DEFAULT '',
    recipe2 TEXT NOT NULL DEFAULT '',
    recipe3 TEXT NOT NULL DEFAULT '',
    recipe4 TEXT NOT NULL DEFAULT '',
    recipe5 TEXT NOT NULL DEFAULT '',
    recipe6 TEXT NOT NULL DEFAULT '',
    recipe7 TEXT NOT NULL DEFAULT '',
    recipe8 TEXT NOT NULL DEFAULT '',
    recipe9 TEXT NOT NULL DEFAULT '');

UPDATE craft_cooking SET recipe = 'default:obsidian_shard' WHERE craftoutput = 'default:obsidian_glass';
UPDATE craft_cooking SET recipe = 'default:stone' WHERE craftoutput = 'default:cobble';

INSERT INTO craft_cooking (craftoutput,recipe,cooktime) VALUES
('mobs:meat','mobs:meat_raw',5),
('mobs:pork_cooked','mobs:pork_raw',5),
('mobs:rat_cooked','mobs:rat',5);

INSERT INTO craft_shapeless (craftoutput, recipe1) VALUES
('dye:black 4','group:coal');
INSERT INTO craft_shapeless (craftoutput, recipe1, recipe2) VALUES
('default:bronze_ingot','default:steel_ingot','default:copper_ingot'),
('vessels:glass_fragments','vessels:glass_bottle','vessels:glass_bottle'),
('vessels:glass_fragments','vessels:drinking_glass','vessels:drinking_glass'),
('wool:grey','group:dye,basecolor_grey','group:wool'),
('wool:black','group:dye,basecolor_black','group:wool'),
('wool:red','group:dye,basecolor_red','group:wool'),
('wool:yellow','group:dye,basecolor_yellow','group:wool'),
('wool:green','group:dye,basecolor_green','group:wool'),
('wool:cyan','group:dye,basecolor_cyan','group:wool'),
('wool:blue','group:dye,basecolor_blue','group:wool'),
('wool:magenta','group:dye,basecolor_magenta','group:wool'),
('wool:orange','group:dye,excolor_orange','group:wool'),
('wool:violet','group:dye,excolor_violet','group:wool'),
('wool:brown','group:dye,unicolor_dark_orange','group:wool'),
('wool:pink','group:dye,unicolor_light_red','group:wool'),
('wool:dark_grey','group:dye,unicolor_darkgrey','group:wool'),
('wool:dark_green','group:dye,unicolor_dark_green','group:wool');
INSERT INTO craft_shapeless (craftoutput, recipe1, recipe2, recipe3, recipe4) VALUES
('farming:flour','farming:wheat','farming:wheat','farming:wheat','farming:wheat');

INSERT INTO craft_shaped (craftoutput, craftwidth, recipe1, recipe2, recipe3, recipe4, recipe5, recipe6, recipe7, recipe8, recipe9) VALUES
('default:mese_crystal',3,'default:mese_crystal_fragment','default:mese_crystal_fragment','default:mese_crystal_fragment','default:mese_crystal_fragment','default:mese_crystal_fragment','default:mese_crystal_fragment','default:mese_crystal_fragment','default:mese_crystal_fragment','default:mese_crystal_fragment'),
('mobs:cheeseblock',3,'mobs:cheese', 'mobs:cheese', 'mobs:cheese','mobs:cheese', 'mobs:cheese', 'mobs:cheese','mobs:cheese', 'mobs:cheese', 'mobs:cheese'),
('mobs:honey_block',3,'mobs:honey','mobs:honey','mobs:honey','mobs:honey','mobs:honey','mobs:honey','mobs:honey','mobs:honey','mobs:honey'),
('mobs:magic_lasso',3,'farming:string', 'default:gold_lump', 'farming:string','default:gold_lump', 'default:diamondblock', 'default:gold_lump','farming:string', 'default:gold_lump', 'farming:string'),
('mobs:net',3,'default:stick', '', 'default:stick','default:stick', '', 'default:stick','farming:string', 'default:stick', 'farming:string'),
('mobs:cobweb',3,'farming:string', '', 'farming:string','', 'farming:string', '','farming:string', '', 'farming:string');

INSERT INTO craft_shaped (craftoutput, craftwidth, recipe1, recipe2, recipe3) VALUES
('mobs:beehive',3,'mobs:bee','mobs:bee','mobs:bee'),
('shields:shield_enhanced_wood',1,'default:steel_ingot','shields:shield_wood','default:steel_ingot'),
('shields:shield_enhanced_cactus',1,'default:steel_ingot','shields:shield_cactus','default:steel_ingot');
INSERT INTO craft_shaped (craftoutput, craftwidth, recipe1) VALUES
('mobs:cheese 9',1, 'mobs:cheeseblock'),
('mobs:honey 9',1,'mobs:honey_block');

-- DBv12
CREATE TABLE IF NOT EXISTS creaturedefs_meshes (
    name TEXT NOT NULL,
    mesh TEXT NOT NULL,
    mesh_variation INT NOT NULL DEFAULT 0,
    PRIMARY KEY (name,mesh)
);

CREATE TABLE IF NOT EXISTS creaturedefs_textures (
    name TEXT NOT NULL,
    texture TEXT NOT NULL,
    PRIMARY KEY (name,texture)
);

INSERT INTO creaturedefs_meshes (name,mesh,mesh_variation) VALUES
('mobs:bee','mobs_bee.x',1),
('mobs:bunny','mobs_bunny.b3d',1),
('mobs:chicken','mobs_chicken.x',1),
('mobs:cow','mobs_cow.x',1),
('mobs:dirt_monster','mobs_stone_monster.b3d',1),
('mobs:dungeon_master','mobs_dunger_master.b3d',1),
('mobs:kitten','mobs_kitten.b3d',1),
('mobs:lava_flan','zmobs_lava_flan.x',1),
('mobs:mese_monster','zmobs_mese_monster.x',1),
('mobs:oerkki','mobs_oerkki.b3d',1),
('mobs:rat','mobs_rat.b3d',1),
('mobs:sand_monster','mobs_sand_monster.b3d',1),
('mobs:sheep','mobs_sheep.b3d',1),
('mobs:spider','mobs_spider.x',1),
('mobs:stone_monster','mobs_stone_monster.b3d',1),
('mobs:tree_monster','mobs_tree_monster.b3d',1),
('mobs:pumba','mobs_pumba.x',1);

INSERT INTO creaturedefs_textures(name,texture) VALUES
('mobs:bee','mobs_bee.png'),
('mobs:bunny','mobs_bunny_grey.png'),
('mobs:bunny','mobs_bunny_brown.png'),
('mobs:bunny','mobs_bunny_white.png'),
('mobs:chicken','mobs_chicken.png'),
('mobs:chicken','mobs_chicken_black.png'),
('mobs:cow','mobs_cow.png'),
('mobs:dirt_monster','mobs_dirt_monster.png'),
('mobs:dungeon_master','mobs_dungeon_master.png'),
('mobs:dungeon_master','mobs_dungeon_master2.png'),
('mobs:dungeon_master','mobs_dungeon_master3.png'),
('mobs:kitten','mobs_kitten_striped.png'),
('mobs:kitten','mobs_kitten_splotchy.png'),
('mobs:kitten','mobs_kitten_ginger.png'),
('mobs:kitten','mobs_kitten_sandy.png'),
('mobs:lava_flan','zmobs_lava_flan.png'),
('mobs:mese_monster','zmobs_mese_monster.png'),
('mobs:oerkki','mobs_oerkki.png'),
('mobs:oerkki','mobs_oerkki2.png'),
('mobs:rat','mobs_rat.png'),
('mobs:rat','mobs_rat2.png'),
('mobs:sand_monster','mobs_sand_monster.png'),
('mobs:sheep','mobs_sheep.png'),
('mobs:sheep','mobs_sheep_black.png'),
('mobs:sheep','mobs_sheep_grey.png'),
('mobs:sheep','mobs_sheep_red.png'),
('mobs:sheep','mobs_sheep_yellow.png'),
('mobs:sheep','mobs_sheep_green.png'),
('mobs:sheep','mobs_sheep_cyan.png'),
('mobs:sheep','mobs_sheep_blue.png'),
('mobs:sheep','mobs_sheep_magenta.png'),
('mobs:sheep','mobs_sheep_orange.png'),
('mobs:sheep','mobs_sheep_violet.png'),
('mobs:sheep','mobs_sheep_brown.png'),
('mobs:sheep','mobs_sheep_pink.png'),
('mobs:sheep','mobs_sheep_dark_grey.png'),
('mobs:sheep','mobs_sheep_dark_green.png'),
('mobs:spider','mobs_spider.png'),
('mobs:stone_monster','mobs_stone_monster.png'),
('mobs:tree_monster','mobs_tree_monster.png'),
('mobs:pumba','mobs_pumba.png');

-- DBv13
UPDATE creaturedefs_meshes SET mesh = 'mobs_dungeon_master.b3d' WHERE mesh = 'mobs_dunger_master.b3d';

-- DBv14
CREATE TABLE IF NOT EXISTS user_privs (
    user_id INT NOT NULL,
    priv_name TEXT NOT NULL,
    PRIMARY KEY (user_id, priv_name)
    );

-- DBv15
INSERT INTO craft_shaped (craftoutput,craftwidth,recipe1,recipe2,recipe3) VALUES
('mese_crystals:crystaline_bell',1,'default:diamond','default:glass','default:stick');

INSERT INTO craft_shaped (craftoutput,craftwidth,recipe1,recipe2,recipe3,recipe4,recipe5,recipe6,recipe7,recipe8,recipe9) VALUES
('mese_crystals:mese_crystal_seed',3,'default:mese_crystal','default:mese_crystal','default:mese_crystal','default:mese_crystal','default:obsidian_shard','default:mese_crystal','default:mese_crystal','default:mese_crystal','default:mese_crystal');

DELETE FROM creaturedefs_textures WHERE name = 'mobs:sheep' AND texture != 'mobs_sheep.png';

-- DBv16
ALTER TABLE areas ADD COLUMN pvpflag SMALLINT NOT NULL DEFAULT '0';
INSERT INTO craft_shaped (craftoutput,craftwidth,recipe1,recipe2,recipe3,recipe4,recipe5,recipe6,recipe7,recipe8,recipe9) VALUES
('unified_inventory:bag_small', 3, '', 'farming:cotton', '', 'group:wool', 'group:wool', 'group:wool', 'group:wool', 'group:wool', 'group:wool'),
('unified_inventory:bag_medium', 3, '', '', '', 'farming:cotton', 'unified_inventory:bag_small', 'farming:cotton', 'farming:cotton', 'unified_inventory:bag_small', 'farming:cotton'),
('unified_inventory:bag_large', 3, '', '', '', 'farming:cotton', 'unified_inventory:bag_medium', 'farming:cotton', 'farming:cotton', 'unified_inventory:bag_medium', 'farming:cotton'),
('farming:hoe_wood', 3, '', 'group:wood', 'group:wood', '', 'group:stick', '', '', 'group:stick', ''),
('farming:hoe_wood', 3, 'group:wood', 'group:wood', '', '', 'group:stick', '', '', 'group:stick', ''),
('farming:hoe_stone', 3, '', 'group:stone', 'group:stone', '', 'group:stick', '', '', 'group:stick', ''),
('farming:hoe_stone', 3, 'group:stone', 'group:stone', '', '', 'group:stick', '', '', 'group:stick', ''),
('farming:hoe_steel', 3, '', 'default:steel_ingot', '', 'default:steel_ingot', 'group:stick', '', '', 'group:stick', ''),
('farming:hoe_steel', 3, 'default:steel_ingot', 'default:steel_ingot', '', '', 'group:stick', '', '', 'group:stick', ''),
('farming:hoe_bronze', 3, '', 'default:bronze_ingot', 'default:bronze_ingot', '', 'group:stick', '', '', 'group:stick', ''),
('farming:hoe_bronze', 3, 'default:bronze_ingot', 'default:bronze_ingot', '', '', 'group:stick', '', '', 'group:stick', ''),
('farming:hoe_mese', 3, '', 'default:mese_crystal', 'default:mese_crystal', '', 'group:stick', '', '', 'group:stick', ''),
('farming:hoe_mese', 3, 'default:mese_crystal', 'default:mese_crystal', '', '', 'group:stick', '', '', 'group:stick', ''),
('farming:hoe_diamond', 3, '', 'default:diamond', 'default:diamond', '', 'group:stick', '', '', 'group:stick', ''),
('farming:hoe_diamond', 3, 'default:diamond', 'default:diamond', '', '', 'group:stick', '', '', 'group:stick', '');

-- DBv17
INSERT INTO tips(tip_en) VALUES
('[Tip] You can talk on private channels by joining them with /join <channel> and talk with /ch say <channel> <message>.'),
('[Tip] You can left private channels with /leave <channel>.'),
('[Tip] When you own an area, you can enable PvP into the area by typing ''/area <areaId> pvp enable'' (non PvP servers only)'),
('[Tip] When you own an area, you can disable PvP into the area by typing ''/area <areaId> pvp disable'' (PvP servers only)'),
('[Tip] You can view the server status (lag, players connected) by typing ''/server status''.'),
('[Tip] Rare ores can be found in depth.'),
('[Tip] Don''t stay alone in the dark, craft a torch !'),
('[Tip] You can remove your own area with the following command: ''/area remove <areaId>''.'),
('[Tip] You can rename your own area with the following command: ''/area rename <areaId> <newname>''.');

UPDATE dbversion SET version = 17  WHERE dbname = 'game';


-- DBv18
CREATE TABLE user_channels (
    user_id INT NOT NULL,
    channel TEXT NOT NULL,
    PRIMARY KEY (user_id, channel)
);

UPDATE dbversion SET version = 18  WHERE dbname = 'game';

-- DBv19
CREATE TABLE IF NOT EXISTS bans_ip (
	ip inet NOT NULL,
	bantime TIMESTAMP NOT NULL,
	source TEXT,
	reason TEXT,
	PRIMARY KEY (ip)
);

UPDATE dbversion SET version = 19  WHERE dbname = 'game';

-- DBv20
CREATE TABLE user_ext_attributes (
    user_id INT NOT NULL,
    attr VARCHAR(128) NOT NULL,
    value TEXT,
    PRIMARY KEY(user_id, attr)
);

UPDATE dbversion SET version = 20  WHERE dbname = 'game';

-- DBv21
CREATE TABLE player (
    user_id INT NOT NULL,
    pitch NUMERIC(11, 4) NOT NULL,
    yaw NUMERIC(11, 4) NOT NULL,
    posX NUMERIC(11, 4) NOT NULL,
    posY NUMERIC(11, 4) NOT NULL,
    posZ NUMERIC(11, 4) NOT NULL,
    hp INT NOT NULL,
    breath INT NOT NULL,
    money BIGINT NOT NULL,
    hunger INT NOT NULL,
    PRIMARY KEY (user_id)
);

UPDATE dbversion SET version = 21  WHERE dbname = 'game';

-- DBv22
ALTER TABLE player ADD COLUMN homeX NUMERIC(11, 2) NOT NULL DEFAULT '0.0';
ALTER TABLE player ADD COLUMN homeY NUMERIC(11, 2) NOT NULL DEFAULT '0.0';
ALTER TABLE player ADD COLUMN homeZ NUMERIC(11, 2) NOT NULL DEFAULT '0.0';

UPDATE dbversion SET version = 22  WHERE dbname = 'game';

-- DBv23
ALTER TABLE creaturedefs ADD COLUMN visualsize_x NUMERIC(16, 4) NOT NULL DEFAULT 1.0;
ALTER TABLE creaturedefs ADD COLUMN visualsize_y NUMERIC(16, 4) NOT NULL DEFAULT 1.0;
UPDATE creaturedefs SET visualsize_x = 0.5, visualsize_y = 0.5 WHERE name = 'mobs:kitten';

UPDATE dbversion SET version = 23  WHERE dbname = 'game';

-- DBv24
CREATE TABLE player_inventories (
    user_id INT NOT NULL,
    inv_id INT NOT NULL,
    inv_width INT NOT NULL,
    inv_name TEXT NOT NULL DEFAULT '',
    inv_size INT NOT NULL,
    PRIMARY KEY(user_id, inv_id)
);

CREATE TABLE player_inventory_items (
    user_id INT NOT NULL,
    inv_id INT NOT NULL,
    slot_id INT NOT NULL,
    item TEXT NOT NULL DEFAULT '',
    PRIMARY KEY(user_id, inv_id, slot_id)
);

UPDATE dbversion SET version = 24  WHERE dbname = 'game';

-- DBv25
INSERT INTO craft_shapeless (craftoutput, recipe1) VALUES
('moretrees:rubber_tree_planks 4', 'moretrees:rubber_tree_trunk_empty'),
('moretrees:beech_planks 4','moretrees:beech_trunk'),
('moretrees:apple_tree_planks 4','moretrees:apple_tree_trunk'),
('moretrees:oak_planks 4','moretrees:oak_trunk'),
('moretrees:sequoia_planks 4','moretrees:sequoia_trunk'),
('moretrees:birch_planks 4','moretrees:birch_trunk'),
('moretrees:palm_planks 4','moretrees:palm_trunk'),
('moretrees:spruce_planks 4','moretrees:spruce_trunk'),
('moretrees:willow_planks 4','moretrees:willow_trunk'),
('moretrees:rubber_tree_planks 4','moretrees:rubber_tree_trunk'),
('moretrees:fir_planks 4','moretrees:fir_trunk'),
('moretrees:jungletree_planks 4','moretrees:jungletree_trunk'),
('moretrees:pine_planks 4','moretrees:pine_trunk'),
('moretrees:acacia_planks 4','moretrees:acacia_trunk'),
('moretrees:beech_planks 4','moretrees:beech_trunk_sideways'),
('moretrees:apple_tree_planks 4','moretrees:apple_tree_trunk_sideways'),
('moretrees:oak_planks 4','moretrees:oak_trunk_sideways'),
('moretrees:sequoia_planks 4','moretrees:sequoia_trunk_sideways'),
('moretrees:birch_planks 4','moretrees:birch_trunk_sideways'),
('moretrees:palm_planks 4','moretrees:palm_trunk_sideways'),
('moretrees:spruce_planks 4','moretrees:spruce_trunk_sideways'),
('moretrees:willow_planks 4','moretrees:willow_trunk_sideways'),
('moretrees:rubber_tree_planks 4','moretrees:rubber_tree_trunk_sideways'),
('moretrees:fir_planks 4','moretrees:fir_trunk_sideways'),
('moretrees:jungletree_planks 4','moretrees:jungletree_trunk_sideways'),
('moretrees:pine_planks 4','moretrees:pine_trunk_sideways'),
('moretrees:acacia_planks 4','moretrees:acacia_trunk_sideways');

INSERT INTO craft_fuel (recipe, burntime) VALUES
('group:moretrees_leaves',1),
('moretrees:beech_sapling',10),
('moretrees:apple_tree_sapling',10),
('moretrees:oak_sapling',10),
('moretrees:sequoia_sapling',10),
('moretrees:birch_sapling',10),
('moretrees:palm_sapling',10),
('moretrees:spruce_sapling',10),
('moretrees:willow_sapling',10),
('moretrees:rubber_tree_sapling',10),
('moretrees:fir_sapling',10),
('moretrees:jungletree_sapling',10),
('moretrees:pine_sapling',10),
('moretrees:acacia_sapling',10);

INSERT INTO craft_cooking (craftoutput, recipe) VALUES
('moretrees:acorn_muffin 4', 'moretrees:acorn_muffin_batter'),
('moretrees:spruce_nuts 4','moretrees:spruce_cone'),
('moretrees:pine_nuts 4','moretrees:pine_cone'),
('moretrees:fir_nuts 4','moretrees:fir_cone');

INSERT INTO craft_shaped (craftoutput, craftwidth, recipe1, recipe2) VALUES
('moretrees:beech_trunk 2',1,'moretrees:beech_trunk_sideways','moretrees:beech_trunk_sideways'),
('moretrees:apple_tree_trunk 2',1,'moretrees:apple_tree_trunk_sideways','moretrees:apple_tree_trunk_sideways'),
('moretrees:oak_trunk 2',1,'moretrees:oak_trunk_sideways','moretrees:oak_trunk_sideways'),
('moretrees:sequoia_trunk 2',1,'moretrees:sequoia_trunk_sideways','moretrees:sequoia_trunk_sideways'),
('moretrees:birch_trunk 2',1,'moretrees:birch_trunk_sideways','moretrees:birch_trunk_sideways'),
('moretrees:palm_trunk 2',1,'moretrees:palm_trunk_sideways','moretrees:palm_trunk_sideways'),
('moretrees:spruce_trunk 2',1,'moretrees:spruce_trunk_sideways','moretrees:spruce_trunk_sideways'),
('moretrees:willow_trunk 2',1,'moretrees:willow_trunk_sideways','moretrees:willow_trunk_sideways'),
('moretrees:rubber_tree_trunk 2',1,'moretrees:rubber_tree_trunk_sideways','moretrees:rubber_tree_trunk_sideways'),
('moretrees:fir_trunk 2',1,'moretrees:fir_trunk_sideways','moretrees:fir_trunk_sideways'),
('moretrees:jungletree_trunk 2',1,'moretrees:jungletree_trunk_sideways','moretrees:jungletree_trunk_sideways'),
('moretrees:pine_trunk 2',1,'moretrees:pine_trunk_sideways','moretrees:pine_trunk_sideways'),
('moretrees:acacia_trunk 2',1,'moretrees:acacia_trunk_sideways','moretrees:acacia_trunk_sideways');

UPDATE dbversion SET version = 25  WHERE dbname = 'game';

-- DBv26
ALTER TABLE player ADD COLUMN mana INT NOT NULL DEFAULT '0';

UPDATE dbversion SET version = 26  WHERE dbname = 'game';

-- DBv27
CREATE TABLE abm_tree_scheme (
    id INT NOT NULL,
    axiom TEXT NOT NULL,
    rules_a TEXT NOT NULL DEFAULT '',
    rules_b TEXT NOT NULL DEFAULT '',
    rules_c TEXT NOT NULL DEFAULT '',
    rules_d TEXT NOT NULL DEFAULT '',
    trunk TEXT NOT NULL,
    leaves TEXT NOT NULL,
    angle INT NOT NULL,
    iterations INT NOT NULL,
    random_level INT NOT NULL,
    trunk_type TEXT NOT NULL,
    thin_branches BOOLEAN NOT NULL,
    fruit TEXT NOT NULL DEFAULT '',
    fruit_chance NUMERIC(11,4) NOT NULL DEFAULT 0,
    abm_interval NUMERIC(11,4) NOT NULL DEFAULT 10,
    abm_chance INT NOT NULL DEFAULT 30,
    PRIMARY KEY(id)
);

CREATE TABLE abm_tree_sapling (
    id INT NOT NULL,
    sapling TEXT NOT NULL,
    PRIMARY KEY(id,sapling)
);

INSERT INTO abm_tree_sapling(id,sapling) VALUES
(1,'moretrees:beech_sapling'),
(1,'moretrees:beech_sapling_ongen'),
(2,'moretrees:apple_tree_sapling'),
(2,'moretrees:apple_tree_sapling_ongen'),
(3,'moretrees:oak_sapling'),
(3,'moretrees:oak_sapling_ongen'),
(4,'moretrees:sequoia_sapling'),
(4,'moretrees:sequoia_sapling_ongen'),
(5,'moretrees:palm_sapling'),
(5,'moretrees:palm_sapling_ongen'),
(6,'moretrees:pine_sapling'),
(6,'moretrees:pine_sapling_ongen'),
(7,'moretrees:willow_sapling'),
(7,'moretrees:willow_sapling_ongen'),
(8,'moretrees:acacia_sapling'),
(8,'moretrees:acacia_sapling_ongen'),
(9,'moretrees:rubber_tree_sapling'),
(9,'moretrees:rubber_tree_sapling_ongen');

INSERT INTO abm_tree_scheme(id,axiom,rules_a,rules_b,rules_c,rules_d,trunk,leaves,angle,iterations,random_level,trunk_type,thin_branches,fruit,fruit_chance) VALUES
(1,'FFFFFBFB','[&&&GGF[++^Fd][--&Fd]//Fd[+^Fd][--&Fd]]////[&&&GGF[++^Fd][--&Fd]//Fd[+^Fd][--&Fd]]////[&&&GGF[++^Fd][--&Fd]//Fd[+^Fd][--&Fdd]]','[&&&F[++^Fd][--&d]//d[+^d][--&d]]////[&&&F[++^Fd][--&d]//d[+^d][--&d]]////[&&&F[++^Fd][--&Fd]//d[+^d][--&d]]','/','F','moretrees:beech_trunk','moretrees:beech_leaves',30,2,0,'single','t','',0),
(2,'FFFFFAFFBF','[&&&FFFFF&&FFFF][&&&++++FFFFF&&FFFF][&&&----FFFFF&&FFFF]','[&&&++FFFFF&&FFFF][&&&--FFFFF&&FFFF][&&&------FFFFF&&FFFF]','','','moretrees:apple_tree_trunk','moretrees:apple_tree_leaves',30,2,0,'single','t','default:apple',15),
(3,'FFFFFFA','[&FFBFA]////[&BFFFA]////[&FBFFA]','[&FFFA]////[&FFFA]////[&FFFA]','','','moretrees:oak_trunk','moretrees:oak_leaves',30,5,2,'crossed','t','moretrees:acorn',3),
(4,'FFFFFFFFFFddccA///cccFddcFA///ddFcFA/cFFddFcdBddd/A/ccdcddd/ccAddddcFBcccAccFdFcFBcccc/BFdFFcFFdcccc/B','[&&&GGF[++^FFdd][--&Fddd]//Fdd[+^Fd][--&Fdd]]////[&&&GGF[++^FFdd][--&Fddd]//Fdd[+^Fd][--&Fdd]]////[&&&GGF[++^FFdd][--&Fddd]//Fdd[+^Fd][--&Fdd]]','[&&&GGF[++^Fdd][--&Fdd]//dd[+^d][--&Fd]]////[&&&GGF[++^Fdd][--&Fdd]//dd[+^d][--&Fd]]////[&&&GGF[++^Fdd][--&Fdd]//dd[+^d][--&Fd]]','/','F','moretrees:sequoia_trunk','moretrees:sequoia_leaves',30,2,0,'crossed','t','',0),
(5,'FFcccccc&FFFFFddd[^&&&GR][^///&&&GR][^//////&&&GR][^***&&&GR]FA//A//A//A//A//A','[&fb&bbb[++f--&ffff&ff][--f++&ffff&ff]&ffff&bbbb&b]','f','/','F','moretrees:palm_trunk','moretrees:palm_leaves',30,2,0,'single','t','moretrees:coconut',3),
(6,'FFFFFcccdddB///cFdFB////cFdFB///cFdFB///cFdFA///cFdFA///cFdFB[FF]f','[&&&TTTT[++^TFdd][--&TFd]//Tdd[+^Fd][--&Fdd]]','[&&&TTT[++^Fdd][--&Fdd]//dd[+^d][--&Fd]]','/','F','default:pine_tree','default:pine_needles',30,2,0,'single','t','moretrees:pine_cone',8),
(7,'FFFFFFFFccA','[&FF&FFFF&&F&FFFFFFFdddd][**&FF&FFFF&&F&FFFFFFFdddd][//&FF&FFFF&&F&FFFFFFFdddd][////&FF&FFFF&&F&FFFFFFFdddd][//////&FF&FFFF&&F&FFFFFFFdddd][////////&FF&FFFF&&F&FFFFFFFdddd]','','/','F','moretrees:willow_trunk','moretrees:willow_leaves',30,2,0,'crossed','t','',0),
(8,'FFFFFFccccA','[B]//[B]//[B]//[B]','&TTTT&TT^^G&&----GGGGGG++GGG++fffffffGG++G++Gffffffff--G--ffffffffG++G++fffffffff--G--fffffffff++G++fffffffff--G--ffffffffG++G++Gffffffff--G--fffffffGG^^G&&----GGGGGGG++GGGGGG++ffffGGG++G++GGfffff--G--ffffffG++G++fffffff--G--ffffffG++G++GGfffff--G--ffffGGG','/','','default:acacia_tree','default:acacia_leaves',45,3,0,'single','t','',0),
(9,'FFFFA','[&FFBFA]////[&BFFFA]////[&FBFFA]','[&FFA]////[&FFA]////[&FFA]','','','moretrees:rubber_tree_trunk','moretrees:rubber_tree_leaves',35,3,1,'double','t','',0);

UPDATE dbversion SET version = 27  WHERE dbname = 'game';

-- DBv28
DELETE FROM craft_cooking WHERE recipe = 'default:cobble"';
INSERT INTO craft_cooking (craftoutput, recipe, cooktime) VALUES ('default:stone','default:cobble',3.0);
DELETE FROM craft_cooking WHERE recipe = 'vessels:glass_fragments';
INSERT INTO craft_cooking (craftoutput, recipe, cooktime) VALUES ('default:glass','vessels:glass_fragments',3.0);
UPDATE dbversion SET version = 28  WHERE dbname = 'game';

-- DBv29
INSERT INTO craft_shaped(craftoutput,craftwidth,recipe1,recipe2,recipe3,recipe4,recipe5,recipe6) VALUES
('mobs:shears',3,'', 'default:steel_ingot', '', '','group:stick', 'default:steel_ingot');

UPDATE creaturedefs_loot SET item = 'default:sapling' WHERE item = 'ethereal:tree_sapling';
UPDATE creaturedefs_loot SET item = 'default:junglesapling' WHERE item = 'ethereal:jungle_tree_sapling';

UPDATE dbversion SET version = 29  WHERE dbname = 'game';

-- DBv30
ALTER TABLE player ADD COLUMN xp BIGINT NOT NULL DEFAULT '0';
ALTER TABLE creaturedefs ADD COLUMN xp_min INT NOT NULL DEFAULT '0';
ALTER TABLE creaturedefs ADD COLUMN xp_max INT NOT NULL DEFAULT '0';
UPDATE creaturedefs SET xp_min=damage_min*5, xp_max=damage_min*25+5;

UPDATE dbversion SET version = 30  WHERE dbname = 'game';

-- DBv31
UPDATE dbversion SET version = 31  WHERE dbname = 'game';

-- DBv32
CREATE TABLE creaturedefs_spawning_abms (
    name TEXT NOT NULL,
    interval NUMERIC(16, 4) NOT NULL DEFAULT 30.0,
    chance INT NOT NULL DEFAULT 1000,
    min_light INT NOT NULL DEFAULT 0,
    max_light INT NOT NULL DEFAULT 255,
    max_count_per_area INT NOT NULL DEFAULT 1,
    min_height INT NOT NULL DEFAULT -31000,
    max_height INT NOT NULL DEFAULT 31000,
    PRIMARY KEY (name)
);

CREATE TABLE creaturedefs_spawning_nodes (
    name TEXT NOT NULL,
    nodename TEXT NOT NULL,
    PRIMARY KEY(name, nodename)
);

INSERT INTO creaturedefs_spawning_abms(name,chance,min_light,max_light,max_count_per_area,max_height) VALUES
('mobs:bee',9000,10,20,1,31000),
('mobs:bunny',15000,10,20,1,31000),
('mobs:chicken',15000,10,20,1,31000),
('mobs:cow',15000,10,20,1,31000),
('mobs:dirt_monster',7000,0,5,1,31000),
('mobs:dungeon_master',7000,0,5,1,-70),
('mobs:kitten',22000,12,20,1,31000),
('mobs:lava_flan',1000,0,15,3,0),
('mobs:mese_monster',5000,0,5,1,-20),
('mobs:oerkki',7000,0,5,1,-10),
('mobs:rat',15000,5,20,1,0),
('mobs:sand_monster',7000,0,20,1,31000),
('mobs:sheep',15000,10,20,1,31000),
('mobs:spider',7000,0,5,1,71),
('mobs:stone_monster',7000,0,5,1,10),
('mobs:tree_monster',7000,0,5,1,31000),
('mobs:pumba',15000,10,20,1,31000);

INSERT INTO creaturedefs_spawning_nodes (name,nodename) VALUES
('mobs:bee','group:flower'),
('mobs:bunny','default:dirt_with_grass'),
('mobs:bunny','ethereal:prairie_dirt'),
('mobs:chicken','default:dirt_with_grass'),
('mobs:chicken','ethereal:bamboo_dirt'),
('mobs:cow','default:dirt_with_grass'),
('mobs:cow','ethereal:green_dirt'),
('mobs:dirt_monster','default:dirt_with_grass'),
('mobs:dirt_monster','default:dirt'),
('mobs:dirt_monster','ethereal:gray_dirt'),
('mobs:dungeon_master','default:stone'),
('mobs:kitten','default:dirt_with_grass'),
('mobs:kitten','ethereal:grove_dirt'),
('mobs:lava_flan','default:lava_source'),
('mobs:mese_monster','default:stone'),
('mobs:oerkki','default:stone'),
('mobs:rat','default:stone'),
('mobs:sand_monster','default:desert_sand'),
('mobs:sheep','default:dirt_with_grass'),
('mobs:sheep','ethereal:green_dirt'),
('mobs:spider','default:desert_stone'),
('mobs:spider','ethereal:crystal_dirt'),
('mobs:spider','default:dirt'),
('mobs:stone_monster','default:stone'),
('mobs:tree_monster','default:leaves'),
('mobs:tree_monster','default:jungleleaves'),
('mobs:pumba','default:dirt_with_dry_grass'),
('mobs:pumba','ethereal:mushroom_dirt');

UPDATE dbversion SET version = 32  WHERE dbname = 'game';

-- DBv33
CREATE TABLE itemdefs (
    name TEXT NOT NULL,
    description TEXT NOT NULL DEFAULT '',
    type int NOT NULL,
    inventory_image TEXT NOT NULL DEFAULT '',
    wield_image TEXT NOT NULL DEFAULT '',
    wield_scale_x NUMERIC(16,4) DEFAULT 1.0,
    wield_scale_y NUMERIC(16,4) DEFAULT 1.0,
    wield_scale_z NUMERIC(16,4) DEFAULT 1.0,
    stack_max INT NOT NULL DEFAULT 99,
    item_range NUMERIC(16,4) NOT NULL DEFAULT -1.0,
    usable BOOLEAN NOT NULL DEFAULT 'f',
    liquids_pointable BOOLEAN NOT NULL DEFAULT 'f',
    node_placement_prediction TEXT NOT NULL DEFAULT '',
    PRIMARY KEY (name)
);

CREATE TABLE itemdefs_groups (
    item_name TEXT NOT NULL,
    group_name TEXT NOT NULL,
    group_value INT NOT NULL,
    PRIMARY KEY (item_name, group_name)
);

CREATE TABLE itemdefs_sounds (
    item_name TEXT NOT NULL,
    sound_name TEXT NOT NULL,
    sound_gain NUMERIC(16,4) NOT NULL DEFAULT 1.0,
    PRIMARY KEY (item_name, sound_name)
);

CREATE TABLE itemdefs_tool_capabilities (
    item_name TEXT NOT NULL,
    full_punch_interval NUMERIC(16,4) NOT NULL DEFAULT 1.4,
    max_drop_level INT NOT NULL DEFAULT 1,
    PRIMARY KEY (item_name)
);

CREATE TABLE itemdefs_tool_capabilities_damage_groups (
    item_name TEXT NOT NULL,
    group_name TEXT NOT NULL,
    group_value INT NOT NULL,
    PRIMARY KEY (item_name, group_name)
);

CREATE TABLE itemdefs_tool_capabilities_groupcap (
    item_name TEXT NOT NULL,
    groupcap_name TEXT NOT NULL,
    maxlevel INT NOT NULL DEFAULT 1,
    uses INT NOT NULL DEFAULT 20,
    PRIMARY KEY (item_name, groupcap_name)
);

CREATE TABLE itemdefs_tool_capabilities_groupcap_times (
    item_name TEXT NOT NULL,
    groupcap_name TEXT NOT NULL,
    time_id INT NOT NULL,
    time_value NUMERIC(16,4) NOT NULL,
    PRIMARY KEY (item_name, groupcap_name, time_id)
);

INSERT INTO itemdefs (name, description, type, inventory_image, stack_max, usable, wield_image) VALUES
('shields:shield_wood','Wooden Shield',3,'shields_inv_shield_wood.png',1,'f',''),
('default:pick_wood','Wooden Pickaxe',3,'default_tool_woodpick.png',1,'f',''),
('default:pick_stone','Stone Pickaxe',3,'default_tool_stonepick.png',1,'f',''),
('default:pick_steel','Steel Pickaxe',3,'default_tool_steelpick.png',1,'f',''),
('default:pick_bronze','Bronze Pickaxe',3,'default_tool_bronzepick.png',1,'f',''),
('default:pick_mese','Mese Pickaxe',3,'default_tool_mesepick.png',1,'f',''),
('default:pick_diamond','Diamond Pickaxe',3,'default_tool_diamondpick.png',1,'f',''),
('default:shovel_wood','Wooden Shovel',3,'default_tool_woodshovel.png',1,'f','default_tool_woodshovel.png^[transformR90'),
('default:shovel_stone','Stone Shovel',3,'default_tool_stoneshovel.png',1,'f','default_tool_stoneshovel.png^[transformR90'),
('default:shovel_steel','Steel Shovel',3,'default_tool_steelshovel.png',1,'f','default_tool_steelshovel.png^[transformR90'),
('default:shovel_bronze','Bronze Shovel',3,'default_tool_bronzeshovel.png',1,'f','default_tool_bronzeshovel.png^[transformR90'),
('default:shovel_mese','Mese Shovel',3,'default_tool_meseshovel.png',1,'f','default_tool_meseshovel.png^[transformR90'),
('default:shovel_diamond','Diamond Shovel',3,'default_tool_diamondshovel.png',1,'f','default_tool_diamondshovel.png^[transformR90'),
('default:axe_wood','Wooden Axe',3,'default_tool_woodaxe.png',1,'f',''),
('default:axe_stone','Stone Axe',3,'default_tool_stoneaxe.png',1,'f',''),
('default:axe_steel','Steel Axe',3,'default_tool_steelaxe.png',1,'f',''),
('default:axe_bronze','Bronze Axe',3,'default_tool_bronzeaxe.png',1,'f',''),
('default:axe_mese','Mese Axe',3,'default_tool_meseaxe.png',1,'f',''),
('default:axe_diamond','Diamond Axe',3,'default_tool_diamondaxe.png',1,'f',''),
('default:sword_wood','Wooden Sword',3,'default_tool_woodsword.png',1,'f',''),
('default:sword_stone','Stone Sword',3,'default_tool_stonesword.png',1,'f',''),
('default:sword_steel','Steel Sword',3,'default_tool_steelsword.png',1,'f',''),
('default:sword_bronze','Bronze Sword',3,'default_tool_bronzesword.png',1,'f',''),
('default:sword_mese','Mese Sword',3,'default_tool_mesesword.png',1,'f',''),
('default:sword_diamond','Diamond Sword',3,'default_tool_diamondsword.png',1,'f',''),
('mobs:shears','Steel Shears (right-click sheep to shear)',3,'mobs_shears.png',1,'f',''),
('mobs:magic_lasso','Magic Lasso (right-click animal to put in inventory)',3,'mobs_magic_lasso.png',1,'f',''),
('mobs:net','Net (right-click animal to put in inventory)',3,'mobs_net.png',1,'f',''),
('unified_inventory:bag_small','Small Bag',3,'bags_small.png',1,'f',''),
('unified_inventory:bag_medium','Medium Bag',3,'bags_medium.png',1,'f',''),
('unified_inventory:bag_large','Large Bag',3,'bags_large.png',1,'f',''),
('3d_armor:helmet_wood','Wood Helmet',3,'3d_armor_inv_helmet_wood.png',1,'f',''),
('3d_armor:chestplate_wood','Wood Chestplate',3,'3d_armor_inv_chestplate_wood.png',1,'f',''),
('3d_armor:leggings_wood','Wood Leggings',3,'3d_armor_inv_leggings_wood.png',1,'f',''),
('3d_armor:boots_wood','Wood Boots',3,'3d_armor_inv_boots_wood.png',1,'f',''),
('3d_armor:helmet_cactus','Cactuc Helmet',3,'3d_armor_inv_helmet_cactus.png',1,'f',''),
('3d_armor:chestplate_cactus','Cactus Chestplate',3,'3d_armor_inv_chestplate_cactus.png',1,'f',''),
('3d_armor:leggings_cactus','Cactus Leggings',3,'3d_armor_inv_leggings_cactus.png',1,'f',''),
('3d_armor:boots_cactus','Cactus Boots',3,'3d_armor_inv_boots_cactus.png',1,'f',''),
('3d_armor:helmet_steel','Steel Helmet',3,'3d_armor_inv_helmet_steel.png',1,'f',''),
('3d_armor:chestplate_steel','Steel Chestplate',3,'3d_armor_inv_chestplate_steel.png',1,'f',''),
('3d_armor:leggings_steel','Steel Leggings',3,'3d_armor_inv_leggings_steel.png',1,'f',''),
('3d_armor:boots_steel','Steel Boots',3,'3d_armor_inv_boots_steel.png',1,'f',''),
('3d_armor:helmet_bronze','Bronze Helmet',3,'3d_armor_inv_helmet_bronze.png',1,'f',''),
('3d_armor:chestplate_bronze','Bronze Chestplate',3,'3d_armor_inv_chestplate_bronze.png',1,'f',''),
('3d_armor:leggings_bronze','Bronze Leggings',3,'3d_armor_inv_leggings_bronze.png',1,'f',''),
('3d_armor:boots_bronze','Bronze Boots',3,'3d_armor_inv_boots_bronze.png',1,'f',''),
('3d_armor:helmet_diamond','Diamond Helmet',3,'3d_armor_inv_helmet_diamond.png',1,'f',''),
('3d_armor:chestplate_diamond','Diamond Chestplate',3,'3d_armor_inv_chestplate_diamond.png',1,'f',''),
('3d_armor:leggings_diamond','Diamond Leggings',3,'3d_armor_inv_leggings_diamond.png',1,'f',''),
('3d_armor:boots_diamond','Diamond Boots',3,'3d_armor_inv_boots_diamond.png',1,'f',''),
('3d_armor:helmet_gold','Gold Helmet',3,'3d_armor_inv_helmet_gold.png',1,'f',''),
('3d_armor:chestplate_gold','Gold Chestplate',3,'3d_armor_inv_chestplate_gold.png',1,'f',''),
('3d_armor:leggings_gold','Gold Leggings',3,'3d_armor_inv_leggings_gold.png',1,'f',''),
('3d_armor:boots_gold','Gold Boots',3,'3d_armor_inv_boots_gold.png',1,'f',''),
('shields:shield_admin','Admin Shield',3,'shields_inv_shield_admin.png',1,'f',''),
('shields:shield_enhanced_wood','Enhanced Wood Shield',3,'shields_inv_shield_enhanced_wood.png',1,'f',''),
('shields:shield_cactus','Cactus Shield',3,'shields_inv_shield_cactus.png',1,'f',''),
('shields:shield_enhanced_cactus','Enhanced Cactus Shield',3,'shields_inv_shield_enhanced_cactus.png',1,'f',''),
('shields:shield_steel','Steel Shield',3,'shields_inv_shield_steel.png',1,'f',''),
('shields:shield_bronze','Bronze Shield',3,'shields_inv_shield_bronze.png',1,'f',''),
('shields:shield_diamond','Diamond Shield',3,'shields_inv_shield_diamond.png',1,'f',''),
('shields:shield_gold','Gold Shield',3,'shields_inv_shield_gold.png',1,'f','');

INSERT INTO itemdefs_groups (item_name, group_name, group_value) VALUES
('shields:shield_wood','armor_shield',5),
('shields:shield_wood','armor_heal',0),
('shields:shield_wood','armor_use',2000),
('unified_inventory:bag_small','bagslots',8),
('unified_inventory:bag_medium','bagslots',16),
('unified_inventory:bag_large','bagslots',24),
('3d_armor:helmet_wood','armor_head',5),
('3d_armor:helmet_wood','armor_heal',0),
('3d_armor:helmet_wood','armor_use',2000),
('3d_armor:chestplate_wood','armor_heal',0),
('3d_armor:chestplate_wood','armor_torso',10),
('3d_armor:chestplate_wood','armor_use',2000),
('3d_armor:leggings_wood','armor_heal',0),
('3d_armor:leggings_wood','armor_legs',5),
('3d_armor:leggings_wood','armor_use',2000),
('3d_armor:boots_wood','armor_feet',5),
('3d_armor:boots_wood','armor_heal',0),
('3d_armor:boots_wood','armor_use',2000),
('3d_armor:helmet_cactus','armor_head',5),
('3d_armor:helmet_cactus','armor_heal',0),
('3d_armor:helmet_cactus','armor_use',1000),
('3d_armor:chestplate_cactus','armor_heal',0),
('3d_armor:chestplate_cactus','armor_torso',10),
('3d_armor:chestplate_cactus','armor_use',1000),
('3d_armor:leggings_cactus','armor_heal',0),
('3d_armor:leggings_cactus','armor_legs',5),
('3d_armor:leggings_cactus','armor_use',1000),
('3d_armor:boots_cactus','armor_feet',5),
('3d_armor:boots_cactus','armor_heal',0),
('3d_armor:boots_cactus','armor_use',2000),
('3d_armor:helmet_steel','armor_head',10),
('3d_armor:helmet_steel','armor_heal',0),
('3d_armor:helmet_steel','armor_use',500),
('3d_armor:chestplate_steel','armor_heal',0),
('3d_armor:chestplate_steel','armor_torso',15),
('3d_armor:chestplate_steel','armor_use',500),
('3d_armor:leggings_steel','armor_heal',0),
('3d_armor:leggings_steel','armor_legs',15),
('3d_armor:leggings_steel','armor_use',500),
('3d_armor:boots_steel','armor_feet',10),
('3d_armor:boots_steel','armor_heal',0),
('3d_armor:boots_steel','armor_use',500),
('3d_armor:helmet_bronze','armor_head',10),
('3d_armor:helmet_bronze','armor_heal',6),
('3d_armor:helmet_bronze','armor_use',250),
('3d_armor:chestplate_bronze','armor_heal',6),
('3d_armor:chestplate_bronze','armor_torso',15),
('3d_armor:chestplate_bronze','armor_use',250),
('3d_armor:leggings_bronze','armor_heal',6),
('3d_armor:leggings_bronze','armor_legs',15),
('3d_armor:leggings_bronze','armor_use',250),
('3d_armor:boots_bronze','armor_feet',10),
('3d_armor:boots_bronze','armor_heal',6),
('3d_armor:boots_bronze','armor_use',250),
('3d_armor:helmet_diamond','armor_head',15),
('3d_armor:helmet_diamond','armor_heal',12),
('3d_armor:helmet_diamond','armor_use',100),
('3d_armor:chestplate_diamond','armor_heal',12),
('3d_armor:chestplate_diamond','armor_torso',20),
('3d_armor:chestplate_diamond','armor_use',100),
('3d_armor:leggings_diamond','armor_heal',12),
('3d_armor:leggings_diamond','armor_legs',20),
('3d_armor:leggings_diamond','armor_use',100),
('3d_armor:boots_diamond','armor_feet',15),
('3d_armor:boots_diamond','armor_heal',12),
('3d_armor:boots_diamond','armor_use',100),
('3d_armor:helmet_gold','armor_head',10),
('3d_armor:helmet_gold','armor_heal',6),
('3d_armor:helmet_gold','armor_use',250),
('3d_armor:chestplate_gold','armor_heal',6),
('3d_armor:chestplate_gold','armor_torso',15),
('3d_armor:chestplate_gold','armor_use',250),
('3d_armor:leggings_gold','armor_heal',6),
('3d_armor:leggings_gold','armor_legs',15),
('3d_armor:leggings_gold','armor_use',250),
('3d_armor:boots_gold','armor_feet',10),
('3d_armor:boots_gold','armor_heal',6),
('3d_armor:boots_gold','armor_use',250),
('shields:shield_admin','armor_heal',100),
('shields:shield_admin','armor_shield',1000),
('shields:shield_admin','armor_use',0),
('shields:shield_enhanced_wood','armor_heal',0),
('shields:shield_enhanced_wood','armor_shield',8),
('shields:shield_enhanced_wood','armor_use',1000),
('shields:shield_cactus','armor_heal',0),
('shields:shield_cactus','armor_shield',5),
('shields:shield_cactus','armor_use',2000),
('shields:shield_enhanced_cactus','armor_heal',0),
('shields:shield_enhanced_cactus','armor_shield',8),
('shields:shield_enhanced_cactus','armor_use',1000),
('shields:shield_steel','armor_heal',0),
('shields:shield_steel','armor_shield',10),
('shields:shield_steel','armor_use',500),
('shields:shield_bronze','armor_heal',6),
('shields:shield_bronze','armor_shield',10),
('shields:shield_bronze','armor_use',250),
('shields:shield_diamond','armor_heal',12),
('shields:shield_diamond','armor_shield',15),
('shields:shield_diamond','armor_use',100),
('shields:shield_gold','armor_heal',6),
('shields:shield_gold','armor_shield',10),
('shields:shield_gold','armor_use',250);

INSERT INTO itemdefs_tool_capabilities (item_name, full_punch_interval, max_drop_level) VALUES
('default:pick_wood',1.2,0),
('default:pick_stone',1.3,0),
('default:pick_steel',1.0,1),
('default:pick_bronze',1.0,1),
('default:pick_mese',0.9,3),
('default:pick_diamond',0.9,3),
('default:shovel_wood',1.2,0),
('default:shovel_stone',1.4,0),
('default:shovel_steel',1.1,1),
('default:shovel_bronze',1.1,1),
('default:shovel_mese',1,3),
('default:shovel_diamond',1,1),
('default:axe_wood',1,0),
('default:axe_stone',1.2,0),
('default:axe_steel',1,1),
('default:axe_bronze',1,1),
('default:axe_mese',0.9,1),
('default:axe_diamond',0.9,1),
('default:sword_wood',1,0),
('default:sword_stone',1.2,0),
('default:sword_steel',0.8,1),
('default:sword_bronze',0.8,1),
('default:sword_mese',0.7,1),
('default:sword_diamond',0.7,1);

INSERT INTO itemdefs_tool_capabilities_damage_groups (item_name, group_name, group_value) VALUES
('default:pick_wood','fleshy',2),
('default:pick_stone','fleshy',3),
('default:pick_steel','fleshy',4),
('default:pick_bronze','fleshy',4),
('default:pick_mese','fleshy',5),
('default:pick_diamond','fleshy',5),
('default:shovel_wood','fleshy',2),
('default:shovel_stone','fleshy',2),
('default:shovel_steel','fleshy',3),
('default:shovel_bronze','fleshy',3),
('default:shovel_mese','fleshy',4),
('default:shovel_diamond','fleshy',4),
('default:axe_wood','fleshy',2),
('default:axe_stone','fleshy',3),
('default:axe_steel','fleshy',4),
('default:axe_bronze','fleshy',4),
('default:axe_mese','fleshy',6),
('default:axe_diamond','fleshy',7),
('default:sword_wood','fleshy',2),
('default:sword_stone','fleshy',4),
('default:sword_steel','fleshy',6),
('default:sword_bronze','fleshy',6),
('default:sword_mese','fleshy',7),
('default:sword_diamond','fleshy',8);

INSERT INTO itemdefs_tool_capabilities_groupcap (item_name, groupcap_name, maxlevel, uses) VALUES
('default:pick_wood','cracky',1,10),
('default:pick_stone','cracky',1,20),
('default:pick_steel','cracky',2,20),
('default:pick_bronze','cracky',2,30),
('default:pick_mese','cracky',3,20),
('default:pick_diamond','cracky',3,30),
('default:shovel_wood','crumbly',1,10),
('default:shovel_stone','crumbly',1,20),
('default:shovel_steel','crumbly',2,30),
('default:shovel_bronze','crumbly',2,40),
('default:shovel_mese','crumbly',3,20),
('default:shovel_diamond','crumbly',3,30),
('default:axe_wood','choppy',1,10),
('default:axe_stone','choppy',1,20),
('default:axe_steel','choppy',2,20),
('default:axe_bronze','choppy',2,30),
('default:axe_mese','choppy',3,20),
('default:axe_diamond','choppy',2,30),
('default:sword_wood','snappy',1,10),
('default:sword_stone','snappy',1,20),
('default:sword_steel','snappy',2,30),
('default:sword_bronze','snappy',2,40),
('default:sword_mese','snappy',3,30),
('default:sword_diamond','snappy',3,40);

INSERT INTO itemdefs_tool_capabilities_groupcap_times (item_name, groupcap_name, time_id, time_value) VALUES
('default:pick_wood','cracky',3,1.6),
('default:pick_stone','cracky',2,2.0),
('default:pick_stone','cracky',3,1.0),
('default:pick_steel','cracky',1,4.0),
('default:pick_steel','cracky',2,1.6),
('default:pick_steel','cracky',3,0.8),
('default:pick_bronze','cracky',1,4.0),
('default:pick_bronze','cracky',2,1.6),
('default:pick_bronze','cracky',3,0.8),
('default:pick_mese','cracky',1,2.4),
('default:pick_mese','cracky',2,1.2),
('default:pick_mese','cracky',3,0.6),
('default:pick_diamond','cracky',1,2.0),
('default:pick_diamond','cracky',2,1.0),
('default:pick_diamond','cracky',3,0.5),

('default:shovel_wood','crumbly',1,3),
('default:shovel_wood','crumbly',2,1.6),
('default:shovel_wood','crumbly',3,0.6),
('default:shovel_stone','crumbly',1,1.8),
('default:shovel_stone','crumbly',2,1.2),
('default:shovel_stone','crumbly',3,0.5),
('default:shovel_steel','crumbly',1,1.5),
('default:shovel_steel','crumbly',2,0.9),
('default:shovel_steel','crumbly',3,0.4),
('default:shovel_bronze','crumbly',1,1.5),
('default:shovel_bronze','crumbly',2,0.9),
('default:shovel_bronze','crumbly',3,0.4),
('default:shovel_mese','crumbly',1,1.2),
('default:shovel_mese','crumbly',2,0.6),
('default:shovel_mese','crumbly',3,0.3),
('default:shovel_diamond','crumbly',1,1.1),
('default:shovel_diamond','crumbly',2,0.5),
('default:shovel_diamond','crumbly',3,0.3),
('default:axe_wood','choppy',2,3),
('default:axe_wood','choppy',3,1.6),
('default:axe_stone','choppy',1,3),
('default:axe_stone','choppy',2,2),
('default:axe_stone','choppy',3,1.3),
('default:axe_steel','choppy',1,2.5),
('default:axe_steel','choppy',2,1.4),
('default:axe_steel','choppy',3,1),
('default:axe_bronze','choppy',1,2.5),
('default:axe_bronze','choppy',2,1.4),
('default:axe_bronze','choppy',3,1),
('default:axe_mese','choppy',1,2.2),
('default:axe_mese','choppy',2,1),
('default:axe_mese','choppy',3,0.6),
('default:axe_diamond','choppy',1,2.1),
('default:axe_diamond','choppy',2,0.9),
('default:axe_diamond','choppy',3,0.5),
('default:sword_wood','snappy',2,1.6),
('default:sword_wood','snappy',3,0.4),
('default:sword_stone','snappy',2,1.4),
('default:sword_stone','snappy',3,0.4),
('default:sword_steel','snappy',1,2.5),
('default:sword_steel','snappy',2,1.2),
('default:sword_steel','snappy',3,0.35),
('default:sword_bronze','snappy',1,2.5),
('default:sword_bronze','snappy',2,1.2),
('default:sword_bronze','snappy',3,0.35),
('default:sword_mese','snappy',1,2),
('default:sword_mese','snappy',2,1),
('default:sword_mese','snappy',3,0.35),
('default:sword_diamond','snappy',1,1.9),
('default:sword_diamond','snappy',2,0.9),
('default:sword_diamond','snappy',3,0.3);

UPDATE dbversion SET version = 33  WHERE dbname = 'game';

-- DBv34
CREATE TABLE itemdefs_eat (
    name TEXT NOT NULL,
    eat_amount INT NOT NULL DEFAULT 1,
    replace_with TEXT NOT NULL DEFAULT '',
    PRIMARY KEY (name)
);

INSERT INTO itemdefs (name, description, type, inventory_image, wield_image, wield_scale_x, wield_scale_y, wield_scale_z) VALUES
('dye:white','White dye',2,'dye_white.png','',1,1,1),
('dye:grey','Grey dye',2,'dye_grey.png','',1,1,1),
('dye:dark_grey','Dark grey dye',2,'dye_dark_grey.png','',1,1,1),
('dye:black','Black dye',2,'dye_black.png','',1,1,1),
('dye:violet','Violet dye',2,'dye_violet.png','',1,1,1),
('dye:blue','Blue dye',2,'dye_blue.png','',1,1,1),
('dye:cyan','Cyan dye',2,'dye_cyan.png','',1,1,1),
('dye:dark_green','Dark green dye',2,'dye_dark_green.png','',1,1,1),
('dye:green','Green dye',2,'dye_green.png','',1,1,1),
('dye:yellow','Yellow dye',2,'dye_yellow.png','',1,1,1),
('dye:brown','Brown dye',2,'dye_brown.png','',1,1,1),
('dye:orange','Orange dye',2,'dye_orange.png','',1,1,1),
('dye:red','Red dye',2,'dye_red.png','',1,1,1),
('dye:magenta','Magenta dye',2,'dye_magenta.png','',1,1,1),
('dye:pink','Pink dye',2,'dye_pink.png','',1,1,1),
('default:stick','Stick',2,'default_stick.png','',1,1,1),
('default:paper','Paper',2,'default_paper.png','',1,1,1),
('default:coal_lump','Coal Lump',2,'default_coal_lump.png','',1,1,1),
('default:iron_lump','Iron Lump',2,'default_iron_lump.png','',1,1,1),
('default:copper_lump','Copper Lump',2,'default_copper_lump.png','',1,1,1),
('default:mese_crystal','Mese Crystal',2,'default_mese_crystal.png','',1,1,1),
('default:gold_lump','Gold Lump',2,'default_gold_lump.png','',1,1,1),
('default:diamond','Diamond',2,'default_diamond.png','',1,1,1),
('default:clay_lump','Clay Lump',2,'default_clay_lump.png','',1,1,1),
('default:steel_ingot','Steel Ingot',2,'default_steel_ingot.png','',1,1,1),
('default:copper_ingot','Copper Ingot',2,'default_copper_ingot.png','',1,1,1),
('default:bronze_ingot','Bronze Ingot',2,'default_bronze_ingot.png','',1,1,1),
('default:gold_ingot','Gold Ingot',2,'default_gold_ingot.png','',1,1,1),
('default:mese_crystal_fragment','Mese Crystal Fragment',2,'default_mese_crystal_fragment.png','',1,1,1),
('default:clay_brick','Clay Brick',2,'default_clay_brick.png','',1,1,1),
('default:obsidian_shard','Obsidian Shard',2,'default_obsidian_shard.png','',1,1,1),
('farming:wheat','Wheat',2,'farming_wheat.png','',1,1,1),
('farming:flour','Flour',2,'farming_flour.png','',1,1,1),
('farming:bread','Bread',2,'farming_bread.png','',1,1,1),
('farming:cotton','Cotton',2,'farming_cotton.png','',1,1,1),
('vessels:glass_fragments','Pile of Glass Fragments',2,'vessels_glass_fragments.png','',1,1,1),
('mobs:chicken_egg_fried','Fried Egg',2,'mobs_chicken_egg_fried.png','',1,1,1),
('mobs:chicken_raw','Raw Chicken',2,'mobs_chicken_raw.png','',1,1,1),
('mobs:chicken_cooked','Cooked Chicken',2,'mobs_chicken_cooked.png','',1,1,1),
('mobs:leather','Leather',2,'mobs_leather.png','',1,1,1),
('mobs:cheese','Cheese',2,'mobs_cheese.png','',1,1,1),
('mobs:rat_cooked','Cooked Rat',2,'mobs_cooked_rat.png','',1,1,1),
('mobs:pork_raw','Raw Porkchop',2,'mobs_pork_raw.png','',1,1,1),
('mobs:pork_cooked','Cooked Porkchop',2,'mobs_pork_cooked.png','',1,1,1),
('mobs:honey','Honey',2,'mobs_honey_inv.png','',1,1,1),
('mobs:lava_orb','Lava orb',2,'zmobs_lava_orb.png','',1,1,1),
('mobs:meat_raw','Raw Meat',2,'mobs_meat_raw.png','',1,1,1),
('mobs:meat','Meat',2,'mobs_meat.png','',1,1,1),
('moretrees:coconut_milk','Coconut Milk',2,'moretrees_coconut_milk_inv.png','moretrees_coconut_milk.png',1,1,1),
('moretrees:raw_coconut','Raw Coconut',2,'moretrees_raw_coconut.png','',1,1,1),
('moretrees:acorn_muffin_batter','Acorn Muffin batter',2,'moretrees_acorn_muffin_batter.png','',1,1,1),
('moretrees:acorn_muffin','Acorn Muffin',2,'moretrees_acorn_muffin.png','',1,1,1),
('moretrees:spruce_nuts','Roasted Spruce Cone Nuts',2,'moretrees_spruce_nuts.png','',1,1,1),
('moretrees:pine_nuts','Roasted Pine Cone Nuts',2,'moretrees_pine_nuts.png','',1,1,1),
('moretrees:fir_nuts','Roasted Fir Cone Nuts',2,'moretrees_fir_nuts.png','',1,1,1);

INSERT INTO itemdefs (name, description, type, inventory_image, stack_max) VALUES
('mobs:bucket_milk','Bucket of Milk',2,'mobs_bucket_milk.png',1);

INSERT INTO itemdefs_groups (item_name, group_name, group_value) VALUES
('dye:white','basecolor_white',1),
('dye:white','dye',1),
('dye:white','excolor_white',1),
('dye:white','unicolor_white',1),
('dye:grey','basecolor_grey',1),
('dye:grey','dye',1),
('dye:grey','excolor_grey',1),
('dye:grey','unicolor_grey',1),
('dye:dark_grey','basecolor_grey',1),
('dye:dark_grey','dye',1),
('dye:dark_grey','excolor_darkgrey',1),
('dye:dark_grey','unicolor_darkgrey',1),
('dye:black','basecolor_black',1),
('dye:black','dye',1),
('dye:black','excolor_black',1),
('dye:black','unicolor_black',1),
('dye:violet','basecolor_magenta',1),
('dye:violet','dye',1),
('dye:violet','excolor_violet',1),
('dye:violet','unicolor_violet',1),
('dye:blue','basecolor_blue',1),
('dye:blue','dye',1),
('dye:blue','excolor_blue',1),
('dye:blue','unicolor_blue',1),
('dye:cyan','basecolor_cyan',1),
('dye:cyan','dye',1),
('dye:cyan','excolor_cyan',1),
('dye:cyan','unicolor_cyan',1),
('dye:dark_green','basecolor_green',1),
('dye:dark_green','dye',1),
('dye:dark_green','excolor_green',1),
('dye:dark_green','unicolor_dark_green',1),
('dye:green','basecolor_green',1),
('dye:green','dye',1),
('dye:green','excolor_green',1),
('dye:green','unicolor_green',1),
('dye:yellow','basecolor_yellow',1),
('dye:yellow','dye',1),
('dye:yellow','excolor_yellow',1),
('dye:yellow','unicolor_yellow',1),
('dye:brown','basecolor_brown',1),
('dye:brown','dye',1),
('dye:brown','excolor_orange',1),
('dye:brown','unicolor_dark_orange',1),
('dye:orange','basecolor_orange',1),
('dye:orange','dye',1),
('dye:orange','excolor_orange',1),
('dye:orange','unicolor_orange',1),
('dye:red','basecolor_red',1),
('dye:red','dye',1),
('dye:red','excolor_red',1),
('dye:red','unicolor_red',1),
('dye:magenta','basecolor_magenta',1),
('dye:magenta','dye',1),
('dye:magenta','excolor_red_violet',1),
('dye:magenta','unicolor_red_violet',1),
('dye:pink','basecolor_red',1),
('dye:pink','dye',1),
('dye:pink','excolor_red',1),
('dye:pink','unicolor_light_red',1),
('default:stick','stick',1),
('default:coal_lump','coal',1);

INSERT INTO itemdefs_eat(name, eat_amount, replace_with) VALUES
('moretrees:coconut_milk',1,''),
('moretrees:raw_coconut',2,''),
('moretrees:acorn_muffin',3,''),
('moretrees:spruce_nuts',1,''),
('moretrees:pine_nuts',1,''),
('moretrees:fir_nuts',1,''),
('farming:bread',4,''),
('mobs:pork_raw',3,''),
('mobs:pork_cooked',8,''),
('mobs:rat_cooked',3,''),
('mobs:chicken_egg_fried',2,''),
('mobs:chicken_raw',2,''),
('mobs:chicken_cooked',6,''),
('mobs:meat_raw',3,''),
('mobs:meat',8,''),
('mobs:bucket_milk',8,'bucket:bucket_empty'),
('mobs:cheese',4,''),
('mobs:honey',2,'');

UPDATE itemdefs SET usable = 't' WHERE name IN (SELECT name FROM itemdefs_eat);

INSERT INTO craft_cooking (recipe, craftoutput) VALUES
('mobs:egg','mobs:chicken_egg_fried'),
('mobs:chicken_raw','mobs:chicken_cooked'),
('default:clay_lump', 'default:clay_brick');

UPDATE dbversion set version = 34  WHERE dbname = 'game';

-- DBv35
CREATE TABLE itemdefs_nodes (
    item_name TEXT NOT NULL,
    drawtype SMALLINT NOT NULL DEFAULT 0,
    visual_scale NUMERIC(14,6) NOT NULL DEFAULT 1.0,
    mesh TEXT NOT NULL DEFAULT '',
    alpha SMALLINT NOT NULL DEFAULT 255,
    param_type SMALLINT NOT NULL DEFAULT 0,
    param_type2 SMALLINT NOT NULL DEFAULT 0,
    is_ground_content BOOLEAN NOT NULL DEFAULT 'f',
    sunlight_propagates BOOLEAN NOT NULL DEFAULT 'f',
    walkable BOOLEAN NOT NULL DEFAULT 't',
    pointable BOOLEAN NOT NULL DEFAULT 't',
    diggable BOOLEAN NOT NULL DEFAULT 't',
    climbable BOOLEAN NOT NULL DEFAULT 'f',
    buildable_to BOOLEAN NOT NULL DEFAULT 'f',
    rightclickable BOOLEAN NOT NULL DEFAULT 't',
    liquid_type SMALLINT NOT NULL DEFAULT 0,
    liquid_alternative_flowing TEXT NOT NULL DEFAULT '',
    liquid_alternative_source TEXT NOT NULL DEFAULT '',
    liquid_viscosity SMALLINT NOT NULL DEFAULT 0,
    liquid_range SMALLINT NOT NULL DEFAULT 8,
    leveled SMALLINT NOT NULL DEFAULT 0,
    drowning SMALLINT NOT NULL DEFAULT 0,
    light_source SMALLINT NOT NULL DEFAULT 0,
    damage_per_second INT NOT NULL DEFAULT 0,
    waving SMALLINT NOT NULL DEFAULT 0,
    legacy_facedir_simple BOOLEAN NOT NULL DEFAULT 'f',
    legacy_wallmounted BOOLEAN NOT NULL DEFAULT 'f',
    max_drops INT NOT NULL DEFAULT 1,
    PRIMARY KEY (item_name)
);

CREATE TABLE itemdefs_nodes_soil (
    item_name TEXT NOT NULL,
    base TEXT NOT NULL DEFAULT '',
    dry TEXT NOT NULL DEFAULT '',
    wet TEXT NOT NULL DEFAULT '',
    PRIMARY KEY (item_name)
);

CREATE TABLE itemdefs_nodes_tiles (
    item_name TEXT NOT NULL,
    tile1 TEXT NOT NULL,
    tile2 TEXT NOT NULL DEFAULT '',
    tile3 TEXT NOT NULL DEFAULT '',
    tile4 TEXT NOT NULL DEFAULT '',
    tile5 TEXT NOT NULL DEFAULT '',
    tile6 TEXT NOT NULL DEFAULT '',
    PRIMARY KEY (item_name)
);

CREATE TABLE itemdefs_nodes_drops (
    item_name TEXT NOT NULL,
    drop_name TEXT NOT NULL,
    drop_rarity INT NOT NULL DEFAULT 1,
    PRIMARY KEY (item_name, drop_name)
);

ALTER TABLE itemdefs_sounds ADD COLUMN sound_file TEXT NOT NULL DEFAULT '';
UPDATE itemdefs_sounds SET sound_file = sound_name;
UPDATE itemdefs_sounds SET sound_name = 'place';

INSERT INTO itemdefs (name, description, type, inventory_image, wield_image) VALUES
('default:stone','Stone',1,'',''),
('default:cobble','Cobblestone',1,'',''),
('default:granite','Granite',1,'',''),
('default:marble','Marble',1,'',''),
('default:marble_bricks','Marble Bricks',1,'',''),
('default:stonebrick','Stone Brick',1,'',''),
('default:mossycobble','Mossy Cobblestone',1,'',''),
('default:desert_stone','Desert Stone',1,'',''),
('default:desert_cobble','Desert Cobblestone',1,'',''),
('default:desert_stonebrick','Desert Stone Brick',1,'',''),
('default:sandstone','Sandstone',1,'',''),
('default:sandstonebrick','Sandstone Brick',1,'',''),
('default:obsidian','Obsidian',1,'',''),
('default:obsidianbrick','Obsidian Brick',1,'',''),
('default:sand','Sand',1,'',''),
('default:desert_sand','Desert Sand',1,'',''),
('default:gravel','Gravel',1,'',''),
('default:clay','Clay',1,'',''),
('default:snowblock','Snow Block',1,'',''),
('default:ice','Ice',1,'',''),
('default:wood','Wooden Planks',1,'',''),
('default:junglewood','Junglewood Planks',1,'',''),
('default:pine_wood','Pine Wood Planks',1,'',''),
('default:acacia_wood','Acacia Wood Planks',1,'',''),
('default:stone_with_coal','Coal Ore',1,'',''),
('default:coalblock','Coal Block',1,'',''),
('default:stone_with_iron','Iron Ore',1,'',''),
('default:steelblock','Steel Block',1,'',''),
('default:stone_with_copper','Copper Ore',1,'',''),
('default:copperblock','Copper Block',1,'',''),
('default:bronzeblock','Bronze Block',1,'',''),
('default:stone_with_mese','Mese Ore',1,'',''),
('default:mese','Mese Block',1,'',''),
('default:stone_with_gold','Gold Ore',1,'',''),
('default:goldblock','Gold Block',1,'',''),
('default:stone_with_diamond','Diamond Ore',1,'',''),
('default:diamondblock','Diamond Block',1,'',''),
('default:glass','Glass',1,'[inventorycube{default_glass.png{default_glass.png{default_glass.png',''),
('default:obsidian_glass','Obsidian Glass',1,'',''),
('default:brick','Brick Block',1,'',''),
('default:meselamp','Mese Lamp',1,'',''),
('default:cloud','Cloud',1,'',''),
('wool:white','White Wool',1,'',''),
('wool:grey','Grey Wool',1,'',''),
('wool:black','Black Wool',1,'',''),
('wool:red','Red Wool',1,'',''),
('wool:yellow','Yellow Wool',1,'',''),
('wool:green','Green Wool',1,'',''),
('wool:cyan','Cyan Wool',1,'',''),
('wool:blue','Blue Wool',1,'',''),
('wool:magenta','Magenta Wool',1,'',''),
('wool:orange','Orange Wool',1,'',''),
('wool:violet','Violet Wool',1,'',''),
('wool:brown','Brown Wool',1,'',''),
('wool:pink','Pink Wool',1,'',''),
('wool:dark_grey','Dark Grey Wool',1,'',''),
('wool:dark_green','Dark Green Wool',1,'',''),
('default:dirt','Dirt',1,'',''),
('farming:soil','Soil',1,'',''),
('farming:soil_wet','Wet Soil',1,'',''),
('farming:desert_sand_soil','Desert Sand Soil',1,'',''),
('farming:desert_sand_soil_wet','Wet Desert Sand Soil',1,'',''),
('farming:straw','Straw',1,'',''),
('mobs:cheeseblock','Cheese Block',1,'',''),
('mobs:honey_block','Honey Block',1,'',''),
('mobs:cobweb','Cobweb',1,'mobs_cobweb.png',''),
('moretrees:beech_planks','Beech Tree Planks',1,'',''),
('moretrees:apple_tree_planks','Apple Tree Planks',1,'',''),
('moretrees:oak_planks','Oak Tree Planks',1,'',''),
('moretrees:sequoia_planks','Giant Sequoia Planks',1,'',''),
('moretrees:birch_planks','Birch Tree Planks',1,'',''),
('moretrees:palm_planks','Palm Tree Planks',1,'',''),
('moretrees:spruce_planks','Spruce Tree Planks',1,'',''),
('moretrees:willow_planks','Willow Tree Planks',1,'',''),
('moretrees:rubber_tree_planks','Rubber Tree Planks',1,'',''),
('moretrees:fir_planks','Douglas Fir Planks',1,'','');

INSERT INTO itemdefs_groups (item_name, group_name, group_value) VALUES
('default:stone','cracky',3),
('default:stone','stone',1),
('default:cobble','cracky',3),
('default:cobble','stone',2),
('default:granite','cracky',1),
('default:marble','cracky',3),
('default:marble','marble',1),
('default:marble_bricks','cracky',3),
('default:stonebrick','cracky',2),
('default:stonebrick','stone',1),
('default:mossycobble','cracky',3),
('default:mossycobble','stone',1),
('default:desert_stone','cracky',3),
('default:desert_stone','stone',1),
('default:desert_cobble','cracky',3),
('default:desert_cobble','stone',2),
('default:desert_stonebrick','cracky',2),
('default:desert_stonebrick','stone',1),
('default:sandstone','cracky',3),
('default:sandstone','crumbly',2),
('default:sandstonebrick','cracky',2),
('default:obsidian','cracky',1),
('default:obsidian','level',2),
('default:obsidianbrick','cracky',1),
('default:obsidianbrick','level',2),
('default:sand','crumbly',3),
('default:sand','falling_node',1),
('default:sand','sand',1),
('default:gravel','crumbly',2),
('default:gravel','falling_node',1),
('default:clay','crumbly',3),
('default:snowblock','crumbly',3),
('default:ice','cracky',3),
('default:wood','choppy',2),
('default:wood','flammable',3),
('default:wood','oddly_breakable_by_hand',2),
('default:wood','wood',1),
('default:junglewood','choppy',2),
('default:junglewood','flammable',3),
('default:junglewood','oddly_breakable_by_hand',2),
('default:junglewood','wood',1),
('default:pine_wood','choppy',2),
('default:pine_wood','flammable',3),
('default:pine_wood','oddly_breakable_by_hand',2),
('default:pine_wood','wood',1),
('default:acacia_wood','choppy',2),
('default:acacia_wood','flammable',3),
('default:acacia_wood','oddly_breakable_by_hand',2),
('default:acacia_wood','wood',1),
('default:stone_with_coal','cracky',3),
('default:coalblock','cracky',3),
('default:stone_with_iron','cracky',2),
('default:steelblock','cracky',1),
('default:steelblock','level',2),
('default:stone_with_copper','cracky',2),
('default:copperblock','cracky',1),
('default:copperblock','level',2),
('default:bronzeblock','cracky',1),
('default:bronzeblock','level',2),
('default:stone_with_mese','cracky',1),
('default:mese','cracky',1),
('default:mese','level',2),
('default:stone_with_gold','cracky',2),
('default:goldblock','cracky',1),
('default:stone_with_diamond','cracky',1),
('default:diamondblock','cracky',1),
('default:diamondblock','level',3),
('default:glass','cracky',3),
('default:glass','oddly_breakable_by_hand',3),
('default:obsidian_glass','cracky',3),
('default:obsidian_glass','oddly_breakable_by_hand',3),
('default:brick','cracky',3),
('default:meselamp','cracky',3),
('default:meselamp','oddly_breakable_by_hand',3),
('default:cloud','not_in_creative_inventory',1),
('wool:white','choppy',2),
('wool:white','flammable',3),
('wool:white','oddly_breakable_by_hand',3),
('wool:white','snappy',2),
('wool:white','wool',1),
('wool:grey','choppy',2),
('wool:grey','flammable',3),
('wool:grey','oddly_breakable_by_hand',3),
('wool:grey','snappy',2),
('wool:grey','wool',1),
('wool:black','choppy',2),
('wool:black','flammable',3),
('wool:black','oddly_breakable_by_hand',3),
('wool:black','snappy',2),
('wool:black','wool',1),
('wool:red','choppy',2),
('wool:red','flammable',3),
('wool:red','oddly_breakable_by_hand',3),
('wool:red','snappy',2),
('wool:red','wool',1),
('wool:yellow','choppy',2),
('wool:yellow','flammable',3),
('wool:yellow','oddly_breakable_by_hand',3),
('wool:yellow','snappy',2),
('wool:yellow','wool',1),
('wool:green','choppy',2),
('wool:green','flammable',3),
('wool:green','oddly_breakable_by_hand',3),
('wool:green','snappy',2),
('wool:green','wool',1),
('wool:cyan','choppy',2),
('wool:cyan','flammable',3),
('wool:cyan','oddly_breakable_by_hand',3),
('wool:cyan','snappy',2),
('wool:cyan','wool',1),
('wool:blue','choppy',2),
('wool:blue','flammable',3),
('wool:blue','oddly_breakable_by_hand',3),
('wool:blue','snappy',2),
('wool:blue','wool',1),
('wool:magenta','choppy',2),
('wool:magenta','flammable',3),
('wool:magenta','oddly_breakable_by_hand',3),
('wool:magenta','snappy',2),
('wool:magenta','wool',1),
('wool:orange','choppy',2),
('wool:orange','flammable',3),
('wool:orange','oddly_breakable_by_hand',3),
('wool:orange','snappy',2),
('wool:orange','wool',1),
('wool:violet','choppy',2),
('wool:violet','flammable',3),
('wool:violet','oddly_breakable_by_hand',3),
('wool:violet','snappy',2),
('wool:violet','wool',1),
('wool:brown','choppy',2),
('wool:brown','flammable',3),
('wool:brown','oddly_breakable_by_hand',3),
('wool:brown','snappy',2),
('wool:brown','wool',1),
('wool:pink','choppy',2),
('wool:pink','flammable',3),
('wool:pink','oddly_breakable_by_hand',3),
('wool:pink','snappy',2),
('wool:pink','wool',1),
('wool:dark_grey','choppy',2),
('wool:dark_grey','flammable',3),
('wool:dark_grey','oddly_breakable_by_hand',3),
('wool:dark_grey','snappy',2),
('wool:dark_grey','wool',1),
('wool:dark_green','choppy',2),
('wool:dark_green','flammable',3),
('wool:dark_green','oddly_breakable_by_hand',3),
('wool:dark_green','snappy',2),
('wool:dark_green','wool',1),
('default:dirt','crumbly',3),
('default:dirt','soil',1),
('farming:soil','crumbly',3),
('farming:soil','field',1),
('farming:soil','grassland',1),
('farming:soil','not_in_creative_inventory',1),
('farming:soil','soil',2),
('farming:soil_wet','crumbly',3),
('farming:soil_wet','field',1),
('farming:soil_wet','grassland',1),
('farming:soil_wet','not_in_creative_inventory',1),
('farming:soil_wet','soil',3),
('farming:soil_wet','wet',1),
('default:desert_sand','crumbly',3),
('default:desert_sand','falling_node',1),
('default:desert_sand','sand',1),
('default:desert_sand','soil',1),
('farming:desert_sand_soil','crumbly',3),
('farming:desert_sand_soil','desert',1),
('farming:desert_sand_soil','falling_node',1),
('farming:desert_sand_soil','field',1),
('farming:desert_sand_soil','not_in_creative_inventory',1),
('farming:desert_sand_soil','sand',1),
('farming:desert_sand_soil','soil',2),
('farming:desert_sand_soil_wet','crumbly',3),
('farming:desert_sand_soil_wet','desert',1),
('farming:desert_sand_soil_wet','falling_node',1),
('farming:desert_sand_soil_wet','field',1),
('farming:desert_sand_soil_wet','not_in_creative_inventory',1),
('farming:desert_sand_soil_wet','sand',1),
('farming:desert_sand_soil_wet','soil',3),
('farming:desert_sand_soil_wet','wet',1),
('farming:straw','flammable',4),
('farming:straw','snappy',3),
('mobs:cheeseblock','crumbly',3),
('mobs:honey_block','flammable',2),
('mobs:honey_block','snappy',3),
('mobs:cobweb','liquid',3),
('mobs:cobweb','snappy',1),
('moretrees:beech_planks','choppy',2),
('moretrees:beech_planks','flammable',3),
('moretrees:beech_planks','oddly_breakable_by_hand',2),
('moretrees:beech_planks','snappy',1),
('moretrees:beech_planks','wood',1),
('moretrees:apple_tree_planks','choppy',2),
('moretrees:apple_tree_planks','flammable',3),
('moretrees:apple_tree_planks','oddly_breakable_by_hand',2),
('moretrees:apple_tree_planks','snappy',1),
('moretrees:apple_tree_planks','wood',1),
('moretrees:oak_planks','choppy',2),
('moretrees:oak_planks','flammable',3),
('moretrees:oak_planks','oddly_breakable_by_hand',2),
('moretrees:oak_planks','snappy',1),
('moretrees:oak_planks','wood',1),
('moretrees:sequoia_planks','choppy',2),
('moretrees:sequoia_planks','flammable',3),
('moretrees:sequoia_planks','oddly_breakable_by_hand',2),
('moretrees:sequoia_planks','snappy',1),
('moretrees:sequoia_planks','wood',1),
('moretrees:birch_planks','choppy',2),
('moretrees:birch_planks','flammable',3),
('moretrees:birch_planks','oddly_breakable_by_hand',2),
('moretrees:birch_planks','snappy',1),
('moretrees:birch_planks','wood',1),
('moretrees:palm_planks','choppy',2),
('moretrees:palm_planks','flammable',3),
('moretrees:palm_planks','oddly_breakable_by_hand',2),
('moretrees:palm_planks','snappy',1),
('moretrees:palm_planks','wood',1),
('moretrees:spruce_planks','choppy',2),
('moretrees:spruce_planks','flammable',3),
('moretrees:spruce_planks','oddly_breakable_by_hand',2),
('moretrees:spruce_planks','snappy',1),
('moretrees:spruce_planks','wood',1),
('moretrees:willow_planks','choppy',2),
('moretrees:willow_planks','flammable',3),
('moretrees:willow_planks','oddly_breakable_by_hand',2),
('moretrees:willow_planks','snappy',1),
('moretrees:willow_planks','wood',1),
('moretrees:rubber_tree_planks','choppy',2),
('moretrees:rubber_tree_planks','flammable',3),
('moretrees:rubber_tree_planks','oddly_breakable_by_hand',2),
('moretrees:rubber_tree_planks','snappy',1),
('moretrees:rubber_tree_planks','wood',1),
('moretrees:fir_planks','choppy',2),
('moretrees:fir_planks','flammable',3),
('moretrees:fir_planks','oddly_breakable_by_hand',2),
('moretrees:fir_planks','snappy',1),
('moretrees:fir_planks','wood',1);

INSERT INTO itemdefs_sounds (item_name, sound_name, sound_file, sound_gain) VALUES
('default:stone','footstep','default_hard_footstep',0.5),
('default:stone','dug','default_hard_footstep',1),
('default:stone','place','default_place_node_hard',1),
('default:cobble','footstep','default_hard_footstep',0.5),
('default:cobble','dug','default_hard_footstep',1),
('default:cobble','place','default_place_node_hard',1),
('default:granite','footstep','default_hard_footstep',0.5),
('default:granite','dug','default_hard_footstep',1),
('default:granite','place','default_place_node_hard',1),
('default:marble','footstep','default_hard_footstep',0.5),
('default:marble','dug','default_hard_footstep',1),
('default:marble','place','default_place_node_hard',1),
('default:marble_bricks','footstep','default_hard_footstep',0.5),
('default:marble_bricks','dug','default_hard_footstep',1),
('default:marble_bricks','place','default_place_node_hard',1),
('default:stonebrick','footstep','default_hard_footstep',0.5),
('default:stonebrick','dug','default_hard_footstep',1),
('default:stonebrick','place','default_place_node_hard',1),
('default:mossycobble','footstep','default_hard_footstep',0.5),
('default:mossycobble','dug','default_hard_footstep',1),
('default:mossycobble','place','default_place_node_hard',1),
('default:desert_stone','footstep','default_hard_footstep',0.5),
('default:desert_stone','dug','default_hard_footstep',1),
('default:desert_stone','place','default_place_node_hard',1),
('default:desert_cobble','footstep','default_hard_footstep',0.5),
('default:desert_cobble','dug','default_hard_footstep',1),
('default:desert_cobble','place','default_place_node_hard',1),
('default:desert_stonebrick','footstep','default_hard_footstep',0.5),
('default:desert_stonebrick','dug','default_hard_footstep',1),
('default:desert_stonebrick','place','default_place_node_hard',1),
('default:sandstone','footstep','default_hard_footstep',0.5),
('default:sandstone','dug','default_hard_footstep',1),
('default:sandstone','place','default_place_node_hard',1),
('default:sandstonebrick','footstep','default_hard_footstep',0.5),
('default:sandstonebrick','dug','default_hard_footstep',1),
('default:sandstonebrick','place','default_place_node_hard',1),
('default:obsidian','footstep','default_hard_footstep',0.5),
('default:obsidian','dug','default_hard_footstep',1),
('default:obsidian','place','default_place_node_hard',1),
('default:obsidianbrick','footstep','default_hard_footstep',0.5),
('default:obsidianbrick','dug','default_hard_footstep',1),
('default:obsidianbrick','place','default_place_node_hard',1),
('default:sand','footstep','default_sand_footstep',0.2),
('default:sand','dug','default_sand_footstep',0.4),
('default:sand','place','default_place_node',1),
('default:desert_sand','footstep','default_sand_footstep',0.2),
('default:desert_sand','dug','default_sand_footstep',0.4),
('default:desert_sand','place','default_place_node',1),
('default:gravel','footstep','default_gravel_footstep',0.5),
('default:gravel','dug','default_gravel_footstep',1),
('default:gravel','place','default_place_node',1),
('default:clay','footstep','default_dirt_footstep',1),
('default:clay','dug','default_dirt_footstep',1.5),
('default:clay','place','default_place_node',1),
('default:snowblock','footstep','default_snow_footstep',0.25),
('default:snowblock','dug','default_snow_footstep',0.75),
('default:snowblock','place','default_place_node',1),
('default:ice','footstep','default_glass_footstep',0.5),
('default:ice','dug','default_break_glass',1),
('default:ice','place','default_place_node_hard',1),
('default:wood','footstep','default_wood_footstep',0.5),
('default:wood','dug','default_wood_footstep',1),
('default:wood','place','default_place_node_hard',1),
('default:junglewood','footstep','default_wood_footstep',0.5),
('default:junglewood','dug','default_wood_footstep',1),
('default:junglewood','place','default_place_node_hard',1),
('default:pine_wood','footstep','default_wood_footstep',0.5),
('default:pine_wood','dug','default_wood_footstep',1),
('default:pine_wood','place','default_place_node_hard',1),
('default:acacia_wood','footstep','default_wood_footstep',0.5),
('default:acacia_wood','dug','default_wood_footstep',1),
('default:acacia_wood','place','default_place_node_hard',1),
('default:stone_with_coal','footstep','default_hard_footstep',0.5),
('default:stone_with_coal','dug','default_hard_footstep',1),
('default:stone_with_coal','place','default_place_node_hard',1),
('default:coalblock','footstep','default_hard_footstep',0.5),
('default:coalblock','dug','default_hard_footstep',1),
('default:coalblock','place','default_place_node_hard',1),
('default:stone_with_iron','footstep','default_hard_footstep',0.5),
('default:stone_with_iron','dug','default_hard_footstep',1),
('default:stone_with_iron','place','default_place_node_hard',1),
('default:steelblock','footstep','default_hard_footstep',0.5),
('default:steelblock','dug','default_hard_footstep',1),
('default:steelblock','place','default_place_node_hard',1),
('default:stone_with_copper','footstep','default_hard_footstep',0.5),
('default:stone_with_copper','dug','default_hard_footstep',1),
('default:stone_with_copper','place','default_place_node_hard',1),
('default:copperblock','footstep','default_hard_footstep',0.5),
('default:copperblock','dug','default_hard_footstep',1),
('default:copperblock','place','default_place_node_hard',1),
('default:bronzeblock','footstep','default_hard_footstep',0.5),
('default:bronzeblock','dug','default_hard_footstep',1),
('default:bronzeblock','place','default_place_node_hard',1),
('default:stone_with_mese','footstep','default_hard_footstep',0.5),
('default:stone_with_mese','dug','default_hard_footstep',1),
('default:stone_with_mese','place','default_place_node_hard',1),
('default:mese','footstep','default_hard_footstep',0.5),
('default:mese','dug','default_hard_footstep',1),
('default:mese','place','default_place_node_hard',1),
('default:stone_with_gold','footstep','default_hard_footstep',0.5),
('default:stone_with_gold','dug','default_hard_footstep',1),
('default:stone_with_gold','place','default_place_node_hard',1),
('default:goldblock','footstep','default_hard_footstep',0.5),
('default:goldblock','dug','default_hard_footstep',1),
('default:goldblock','place','default_place_node_hard',1),
('default:stone_with_diamond','footstep','default_hard_footstep',0.5),
('default:stone_with_diamond','dug','default_hard_footstep',1),
('default:stone_with_diamond','place','default_place_node_hard',1),
('default:diamondblock','footstep','default_hard_footstep',0.5),
('default:diamondblock','dug','default_hard_footstep',1),
('default:diamondblock','place','default_place_node_hard',1),
('default:glass','footstep','default_glass_footstep',0.5),
('default:glass','dug','default_break_glass',1),
('default:glass','place','default_place_node_hard',1),
('default:obsidian_glass','footstep','default_glass_footstep',0.5),
('default:obsidian_glass','dug','default_break_glass',1),
('default:obsidian_glass','place','default_place_node_hard',1),
('default:brick','footstep','default_hard_footstep',0.5),
('default:brick','dug','default_hard_footstep',1),
('default:brick','place','default_place_node_hard',1),
('default:meselamp','footstep','default_glass_footstep',0.5),
('default:meselamp','dug','default_break_glass',1),
('default:meselamp','place','default_place_node_hard',1),
('default:cloud','dug','default_dug_node',0.25),
('default:cloud','place','default_place_node_hard',1),
('wool:white','dug','default_dug_node',0.25),
('wool:white','place','default_place_node_hard',1),
('wool:grey','dug','default_dug_node',0.25),
('wool:grey','place','default_place_node_hard',1),
('wool:black','dug','default_dug_node',0.25),
('wool:black','place','default_place_node_hard',1),
('wool:red','dug','default_dug_node',0.25),
('wool:red','place','default_place_node_hard',1),
('wool:yellow','dug','default_dug_node',0.25),
('wool:yellow','place','default_place_node_hard',1),
('wool:green','dug','default_dug_node',0.25),
('wool:green','place','default_place_node_hard',1),
('wool:cyan','dug','default_dug_node',0.25),
('wool:cyan','place','default_place_node_hard',1),
('wool:blue','dug','default_dug_node',0.25),
('wool:blue','place','default_place_node_hard',1),
('wool:magenta','dug','default_dug_node',0.25),
('wool:magenta','place','default_place_node_hard',1),
('wool:orange','dug','default_dug_node',0.25),
('wool:orange','place','default_place_node_hard',1),
('wool:violet','dug','default_dug_node',0.25),
('wool:violet','place','default_place_node_hard',1),
('wool:brown','dug','default_dug_node',0.25),
('wool:brown','place','default_place_node_hard',1),
('wool:pink','dug','default_dug_node',0.25),
('wool:pink','place','default_place_node_hard',1),
('wool:dark_grey','dug','default_dug_node',0.25),
('wool:dark_grey','place','default_place_node_hard',1),
('wool:dark_green','dug','default_dug_node',0.25),
('wool:dark_green','place','default_place_node_hard',1),
('default:dirt','footstep','default_dirt_footstep',1),
('default:dirt','dug','default_dirt_footstep',1.5),
('default:dirt','place','default_place_node',1),
('farming:soil','footstep','default_dirt_footstep',1),
('farming:soil','dug','default_dirt_footstep',1.5),
('farming:soil','place','default_place_node',1),
('farming:soil_wet','footstep','default_dirt_footstep',1),
('farming:soil_wet','dug','default_dirt_footstep',1.5),
('farming:soil_wet','place','default_place_node',1),
('farming:desert_sand_soil','footstep','default_sand_footstep',0.2),
('farming:desert_sand_soil','dug','default_sand_footstep',0.4),
('farming:desert_sand_soil','place','default_place_node',1),
('farming:desert_sand_soil_wet','footstep','default_sand_footstep',0.2),
('farming:desert_sand_soil_wet','dug','default_sand_footstep',0.4),
('farming:desert_sand_soil_wet','place','default_place_node',1),
('farming:straw','footstep','default_grass_footstep',0.35),
('farming:straw','dig','default_dig_crumbly',0.4),
('farming:straw','dug','default_grass_footstep',0.7),
('farming:straw','place','default_place_node',1),
('mobs:cheeseblock','footstep','default_dirt_footstep',1),
('mobs:cheeseblock','dug','default_dirt_footstep',1.5),
('mobs:cheeseblock','place','default_place_node',1),
('mobs:honey_block','footstep','default_dirt_footstep',1),
('mobs:honey_block','dug','default_dirt_footstep',1.5),
('mobs:honey_block','place','default_place_node',1),
('mobs:cobweb','footstep','default_grass_footstep',0.35),
('mobs:cobweb','dig','default_dig_crumbly',0.4),
('mobs:cobweb','dug','default_grass_footstep',0.7),
('mobs:cobweb','place','default_place_node',1),
('moretrees:beech_planks','footstep','default_wood_footstep',0.5),
('moretrees:beech_planks','dug','default_wood_footstep',1),
('moretrees:beech_planks','place','default_place_node_hard',1),
('moretrees:apple_tree_planks','footstep','default_wood_footstep',0.5),
('moretrees:apple_tree_planks','dug','default_wood_footstep',1),
('moretrees:apple_tree_planks','place','default_place_node_hard',1),
('moretrees:oak_planks','footstep','default_wood_footstep',0.5),
('moretrees:oak_planks','dug','default_wood_footstep',1),
('moretrees:oak_planks','place','default_place_node_hard',1),
('moretrees:sequoia_planks','footstep','default_wood_footstep',0.5),
('moretrees:sequoia_planks','dug','default_wood_footstep',1),
('moretrees:sequoia_planks','place','default_place_node_hard',1),
('moretrees:birch_planks','footstep','default_wood_footstep',0.5),
('moretrees:birch_planks','dug','default_wood_footstep',1),
('moretrees:birch_planks','place','default_place_node_hard',1),
('moretrees:palm_planks','footstep','default_wood_footstep',0.5),
('moretrees:palm_planks','dug','default_wood_footstep',1),
('moretrees:palm_planks','place','default_place_node_hard',1),
('moretrees:spruce_planks','footstep','default_wood_footstep',0.5),
('moretrees:spruce_planks','dug','default_wood_footstep',1),
('moretrees:spruce_planks','place','default_place_node_hard',1),
('moretrees:willow_planks','footstep','default_wood_footstep',0.5),
('moretrees:willow_planks','dug','default_wood_footstep',1),
('moretrees:willow_planks','place','default_place_node_hard',1),
('moretrees:rubber_tree_planks','footstep','default_wood_footstep',0.5),
('moretrees:rubber_tree_planks','dug','default_wood_footstep',1),
('moretrees:rubber_tree_planks','place','default_place_node_hard',1),
('moretrees:fir_planks','footstep','default_wood_footstep',0.5),
('moretrees:fir_planks','dug','default_wood_footstep',1),
('moretrees:fir_planks','place','default_place_node_hard',1);

INSERT INTO itemdefs_nodes (item_name,drawtype,visual_scale,mesh,alpha,param_type,param_type2,is_ground_content,
    sunlight_propagates,walkable,pointable,diggable,climbable,buildable_to,rightclickable,liquid_type,
    liquid_alternative_flowing,liquid_alternative_source,liquid_viscosity,liquid_range,leveled,drowning,
    light_source,damage_per_second,waving,legacy_facedir_simple,legacy_wallmounted) VALUES
('default:stone',0,1,'',255,0,0,'t','f','t','t','t','f','f','f',0,'','',0,8,0,0,0,0,0,'f','f'),
('default:cobble',0,1,'',255,0,0,'f','f','t','t','t','f','f','f',0,'','',0,8,0,0,0,0,0,'f','f'),
('default:granite',0,1,'',255,0,0,'t','f','t','t','t','f','f','f',0,'','',0,8,0,0,0,0,0,'f','f'),
('default:marble',0,1,'',255,0,0,'t','f','t','t','t','f','f','f',0,'','',0,8,0,0,0,0,0,'f','f'),
('default:marble_bricks',0,1,'',255,0,0,'t','f','t','t','t','f','f','f',0,'','',0,8,0,0,0,0,0,'f','f'),
('default:stonebrick',0,1,'',255,0,0,'f','f','t','t','t','f','f','f',0,'','',0,8,0,0,0,0,0,'f','f'),
('default:mossycobble',0,1,'',255,0,0,'f','f','t','t','t','f','f','f',0,'','',0,8,0,0,0,0,0,'f','f'),
('default:desert_stone',0,1,'',255,0,0,'t','f','t','t','t','f','f','f',0,'','',0,8,0,0,0,0,0,'f','f'),
('default:desert_cobble',0,1,'',255,0,0,'f','f','t','t','t','f','f','f',0,'','',0,8,0,0,0,0,0,'f','f'),
('default:desert_stonebrick',0,1,'',255,0,0,'f','f','t','t','t','f','f','f',0,'','',0,8,0,0,0,0,0,'f','f'),
('default:sandstone',0,1,'',255,0,0,'t','f','t','t','t','f','f','f',0,'','',0,8,0,0,0,0,0,'f','f'),
('default:sandstonebrick',0,1,'',255,0,0,'f','f','t','t','t','f','f','f',0,'','',0,8,0,0,0,0,0,'f','f'),
('default:obsidian',0,1,'',255,0,0,'t','f','t','t','t','f','f','f',0,'','',0,8,0,0,0,0,0,'f','f'),
('default:obsidianbrick',0,1,'',255,0,0,'f','f','t','t','t','f','f','f',0,'','',0,8,0,0,0,0,0,'f','f'),
('default:sand',0,1,'',255,0,0,'t','f','t','t','t','f','f','f',0,'','',0,8,0,0,0,0,0,'f','f'),
('default:desert_sand',0,1,'',255,0,0,'t','f','t','t','t','f','f','f',0,'','',0,8,0,0,0,0,0,'f','f'),
('default:gravel',0,1,'',255,0,0,'t','f','t','t','t','f','f','f',0,'','',0,8,0,0,0,0,0,'f','f'),
('default:clay',0,1,'',255,0,0,'t','f','t','t','t','f','f','f',0,'','',0,8,0,0,0,0,0,'f','f'),
('default:snowblock',0,1,'',255,0,0,'t','f','t','t','t','f','f','f',0,'','',0,8,0,0,0,0,0,'f','f'),
('default:ice',0,1,'',255,1,0,'f','f','t','t','t','f','f','f',0,'','',0,8,0,0,0,0,0,'f','f'),
('default:wood',0,1,'',255,0,0,'f','f','t','t','t','f','f','f',0,'','',0,8,0,0,0,0,0,'f','f'),
('default:junglewood',0,1,'',255,0,0,'f','f','t','t','t','f','f','f',0,'','',0,8,0,0,0,0,0,'f','f'),
('default:pine_wood',0,1,'',255,0,0,'f','f','t','t','t','f','f','f',0,'','',0,8,0,0,0,0,0,'f','f'),
('default:acacia_wood',0,1,'',255,0,0,'f','f','t','t','t','f','f','f',0,'','',0,8,0,0,0,0,0,'f','f'),
('default:stone_with_coal',0,1,'',255,0,0,'t','f','t','t','t','f','f','f',0,'','',0,8,0,0,0,0,0,'f','f'),
('default:coalblock',0,1,'',255,0,0,'f','f','t','t','t','f','f','f',0,'','',0,8,0,0,0,0,0,'f','f'),
('default:stone_with_iron',0,1,'',255,0,0,'t','f','t','t','t','f','f','f',0,'','',0,8,0,0,0,0,0,'f','f'),
('default:steelblock',0,1,'',255,0,0,'f','f','t','t','t','f','f','f',0,'','',0,8,0,0,0,0,0,'f','f'),
('default:stone_with_copper',0,1,'',255,0,0,'t','f','t','t','t','f','f','f',0,'','',0,8,0,0,0,0,0,'f','f'),
('default:copperblock',0,1,'',255,0,0,'f','f','t','t','t','f','f','f',0,'','',0,8,0,0,0,0,0,'f','f'),
('default:bronzeblock',0,1,'',255,0,0,'f','f','t','t','t','f','f','f',0,'','',0,8,0,0,0,0,0,'f','f'),
('default:stone_with_mese',0,1,'',255,1,0,'t','f','t','t','t','f','f','f',0,'','',0,8,0,0,1,0,0,'f','f'),
('default:mese',0,1,'',255,1,0,'t','f','t','t','t','f','f','f',0,'','',0,8,0,0,3,0,0,'f','f'),
('default:stone_with_gold',0,1,'',255,0,0,'t','f','t','t','t','f','f','f',0,'','',0,8,0,0,0,0,0,'f','f'),
('default:goldblock',0,1,'',255,0,0,'f','f','t','t','t','f','f','f',0,'','',0,8,0,0,0,0,0,'f','f'),
('default:stone_with_diamond',0,1,'',255,0,0,'t','f','t','t','t','f','f','f',0,'','',0,8,0,0,0,0,0,'f','f'),
('default:diamondblock',0,1,'',255,0,0,'f','f','t','t','t','f','f','f',0,'','',0,8,0,0,0,0,0,'f','f'),
('default:glass',15,1,'',255,1,0,'f','t','t','t','t','f','f','f',0,'','',0,8,0,0,0,0,0,'f','f'),
('default:obsidian_glass',4,1,'',255,1,0,'f','t','t','t','t','f','f','f',0,'','',0,8,0,0,0,0,0,'f','f'),
('default:brick',0,1,'',255,0,0,'f','f','t','t','t','f','f','f',0,'','',0,8,0,0,0,0,0,'f','f'),
('default:meselamp',4,1,'',255,1,0,'f','t','t','t','t','f','f','f',0,'','',0,8,0,0,14,0,0,'f','f'),
('default:cloud',0,1,'',255,0,0,'f','f','t','t','t','f','f','f',0,'','',0,8,0,0,0,0,0,'f','f'),
('wool:white',0,1,'',255,0,0,'f','f','t','t','t','f','f','f',0,'','',0,8,0,0,0,0,0,'f','f'),
('wool:grey',0,1,'',255,0,0,'f','f','t','t','t','f','f','f',0,'','',0,8,0,0,0,0,0,'f','f'),
('wool:black',0,1,'',255,0,0,'f','f','t','t','t','f','f','f',0,'','',0,8,0,0,0,0,0,'f','f'),
('wool:red',0,1,'',255,0,0,'f','f','t','t','t','f','f','f',0,'','',0,8,0,0,0,0,0,'f','f'),
('wool:yellow',0,1,'',255,0,0,'f','f','t','t','t','f','f','f',0,'','',0,8,0,0,0,0,0,'f','f'),
('wool:green',0,1,'',255,0,0,'f','f','t','t','t','f','f','f',0,'','',0,8,0,0,0,0,0,'f','f'),
('wool:cyan',0,1,'',255,0,0,'f','f','t','t','t','f','f','f',0,'','',0,8,0,0,0,0,0,'f','f'),
('wool:blue',0,1,'',255,0,0,'f','f','t','t','t','f','f','f',0,'','',0,8,0,0,0,0,0,'f','f'),
('wool:magenta',0,1,'',255,0,0,'f','f','t','t','t','f','f','f',0,'','',0,8,0,0,0,0,0,'f','f'),
('wool:orange',0,1,'',255,0,0,'f','f','t','t','t','f','f','f',0,'','',0,8,0,0,0,0,0,'f','f'),
('wool:violet',0,1,'',255,0,0,'f','f','t','t','t','f','f','f',0,'','',0,8,0,0,0,0,0,'f','f'),
('wool:brown',0,1,'',255,0,0,'f','f','t','t','t','f','f','f',0,'','',0,8,0,0,0,0,0,'f','f'),
('wool:pink',0,1,'',255,0,0,'f','f','t','t','t','f','f','f',0,'','',0,8,0,0,0,0,0,'f','f'),
('wool:dark_grey',0,1,'',255,0,0,'f','f','t','t','t','f','f','f',0,'','',0,8,0,0,0,0,0,'f','f'),
('wool:dark_green',0,1,'',255,0,0,'f','f','t','t','t','f','f','f',0,'','',0,8,0,0,0,0,0,'f','f'),
('default:dirt',0,1,'',255,0,0,'t','f','t','t','t','f','f','f',0,'','',0,8,0,0,0,0,0,'f','f'),
('farming:soil',0,1,'',255,0,0,'t','f','t','t','t','f','f','f',0,'','',0,8,0,0,0,0,0,'f','f'),
('farming:soil_wet',0,1,'',255,0,0,'t','f','t','t','t','f','f','f',0,'','',0,8,0,0,0,0,0,'f','f'),
('farming:desert_sand_soil',0,1,'',255,0,0,'t','f','t','t','t','f','f','f',0,'','',0,8,0,0,0,0,0,'f','f'),
('farming:desert_sand_soil_wet',0,1,'',255,0,0,'t','f','t','t','t','f','f','f',0,'','',0,8,0,0,0,0,0,'f','f'),
('farming:straw',0,1,'',255,0,0,'f','f','t','t','t','f','f','f',0,'','',0,8,0,0,0,0,0,'f','f'),
('mobs:cheeseblock',0,1,'',255,0,0,'f','f','t','t','t','f','f','f',0,'','',0,8,0,0,0,0,0,'f','f'),
('mobs:honey_block',0,1,'',255,0,0,'t','f','t','t','t','f','f','f',0,'','',0,8,0,0,0,0,0,'f','f'),
('mobs:cobweb',9,1.1,'',255,1,0,'t','t','f','t','t','f','f','f',2,'mobs:cobweb','mobs:cobweb',11,0,0,0,0,0,0,'f','f'),
('moretrees:beech_planks',0,1,'',255,0,0,'t','f','t','t','t','f','f','f',0,'','',0,8,0,0,0,0,0,'f','f'),
('moretrees:apple_tree_planks',0,1,'',255,0,0,'t','f','t','t','t','f','f','f',0,'','',0,8,0,0,0,0,0,'f','f'),
('moretrees:oak_planks',0,1,'',255,0,0,'t','f','t','t','t','f','f','f',0,'','',0,8,0,0,0,0,0,'f','f'),
('moretrees:sequoia_planks',0,1,'',255,0,0,'t','f','t','t','t','f','f','f',0,'','',0,8,0,0,0,0,0,'f','f'),
('moretrees:birch_planks',0,1,'',255,0,0,'t','f','t','t','t','f','f','f',0,'','',0,8,0,0,0,0,0,'f','f'),
('moretrees:palm_planks',0,1,'',255,0,0,'t','f','t','t','t','f','f','f',0,'','',0,8,0,0,0,0,0,'f','f'),
('moretrees:spruce_planks',0,1,'',255,0,0,'t','f','t','t','t','f','f','f',0,'','',0,8,0,0,0,0,0,'f','f'),
('moretrees:willow_planks',0,1,'',255,0,0,'t','f','t','t','t','f','f','f',0,'','',0,8,0,0,0,0,0,'f','f'),
('moretrees:rubber_tree_planks',0,1,'',255,0,0,'t','f','t','t','t','f','f','f',0,'','',0,8,0,0,0,0,0,'f','f'),
('moretrees:fir_planks',0,1,'',255,0,0,'t','f','t','t','t','f','f','f',0,'','',0,8,0,0,0,0,0,'f','f');

INSERT INTO itemdefs_nodes_tiles (item_name, tile1, tile2, tile3, tile4, tile5, tile6) VALUES
('default:stone','default_stone.png','','','','',''),
('default:cobble','default_cobble.png','','','','',''),
('default:granite','default_granite.png','','','','',''),
('default:marble','default_marble.png','','','','',''),
('default:marble_bricks','default_marble_bricks.png','','','','',''),
('default:stonebrick','default_stone_brick.png','','','','',''),
('default:mossycobble','default_mossycobble.png','','','','',''),
('default:desert_stone','default_desert_stone.png','','','','',''),
('default:desert_cobble','default_desert_cobble.png','','','','',''),
('default:desert_stonebrick','default_desert_stone_brick.png','','','','',''),
('default:sandstone','default_sandstone.png','','','','',''),
('default:sandstonebrick','default_sandstone_brick.png','','','','',''),
('default:obsidian','default_obsidian.png','','','','',''),
('default:obsidianbrick','default_obsidian_brick.png','','','','',''),
('default:sand','default_sand.png','','','','',''),
('default:desert_sand','default_desert_sand.png','','','','',''),
('default:gravel','default_gravel.png','','','','',''),
('default:clay','default_clay.png','','','','',''),
('default:snowblock','default_snow.png','','','','',''),
('default:ice','default_ice.png','','','','',''),
('default:wood','default_wood.png','','','','',''),
('default:junglewood','default_junglewood.png','','','','',''),
('default:pine_wood','default_pine_wood.png','','','','',''),
('default:acacia_wood','default_acacia_wood.png','','','','',''),
('default:stone_with_coal','default_stone.png^default_mineral_coal.png','','','','',''),
('default:coalblock','default_coal_block.png','','','','',''),
('default:stone_with_iron','default_stone.png^default_mineral_iron.png','','','','',''),
('default:steelblock','default_steel_block.png','','','','',''),
('default:stone_with_copper','default_stone.png^default_mineral_copper.png','','','','',''),
('default:copperblock','default_copper_block.png','','','','',''),
('default:bronzeblock','default_bronze_block.png','','','','',''),
('default:stone_with_mese','default_stone.png^default_mineral_mese.png','','','','',''),
('default:mese','default_mese_block.png','','','','',''),
('default:stone_with_gold','default_stone.png^default_mineral_gold.png','','','','',''),
('default:goldblock','default_gold_block.png','','','','',''),
('default:stone_with_diamond','default_stone.png^default_mineral_diamond.png','','','','',''),
('default:diamondblock','default_diamond_block.png','','','','',''),
('default:glass','default_glass.png','default_glass_detail.png','','','',''),
('default:obsidian_glass','default_obsidian_glass.png','','','','',''),
('default:brick','default_brick.png','','','','',''),
('default:meselamp','default_meselamp.png','','','','',''),
('default:cloud','default_cloud.png','','','','',''),
('wool:white','wool_white.png','','','','',''),
('wool:grey','wool_grey.png','','','','',''),
('wool:black','wool_black.png','','','','',''),
('wool:red','wool_red.png','','','','',''),
('wool:yellow','wool_yellow.png','','','','',''),
('wool:green','wool_green.png','','','','',''),
('wool:cyan','wool_cyan.png','','','','',''),
('wool:blue','wool_blue.png','','','','',''),
('wool:magenta','wool_magenta.png','','','','',''),
('wool:orange','wool_orange.png','','','','',''),
('wool:violet','wool_violet.png','','','','',''),
('wool:brown','wool_brown.png','','','','',''),
('wool:pink','wool_pink.png','','','','',''),
('wool:dark_grey','wool_dark_grey.png','','','','',''),
('wool:dark_green','wool_dark_green.png','','','','',''),
('default:dirt','default_dirt.png','','','','',''),
('farming:soil','default_dirt.png^farming_soil.png','default_dirt.png','','','',''),
('farming:soil_wet','default_dirt.png^farming_soil_wet.png','default_dirt.png^farming_soil_wet_side.png','','','',''),
('farming:desert_sand_soil','farming_desert_sand_soil.png','default_desert_sand.png','','','',''),
('farming:desert_sand_soil_wet','farming_desert_sand_soil_wet.png','farming_desert_sand_soil_wet_side.png','','','',''),
('farming:straw','farming_straw.png','','','','',''),
('mobs:cheeseblock','mobs_cheeseblock.png','','','','',''),
('mobs:honey_block','mobs_honey_block.png','','','','',''),
('mobs:cobweb','mobs_cobweb.png','','','','',''),
('moretrees:beech_planks','moretrees_beech_wood.png','','','','',''),
('moretrees:apple_tree_planks','moretrees_apple_tree_wood.png','','','','',''),
('moretrees:oak_planks','moretrees_oak_wood.png','','','','',''),
('moretrees:sequoia_planks','moretrees_sequoia_wood.png','','','','',''),
('moretrees:birch_planks','moretrees_birch_wood.png','','','','',''),
('moretrees:palm_planks','moretrees_palm_wood.png','','','','',''),
('moretrees:spruce_planks','moretrees_spruce_wood.png','','','','',''),
('moretrees:willow_planks','moretrees_willow_wood.png','','','','',''),
('moretrees:rubber_tree_planks','moretrees_rubber_tree_wood.png','','','','',''),
('moretrees:fir_planks','moretrees_fir_wood.png','','','','','');

INSERT INTO itemdefs_nodes_soil (item_name, base, dry, wet) VALUES
('default:dirt','default:dirt','farming:soil','farming:soil_wet'),
('default:desert_sand','default:desert_sand','farming:desert_sand_soil','farming:desert_sand_soil_wet'),
('farming:soil','default:dirt','farming:soil','farming:soil_wet'),
('farming:soil_wet','default:dirt','farming:soil','farming:soil_wet'),
('farming:desert_sand_soil','default:desert_sand','farming:desert_sand_soil','farming:desert_sand_soil_wet'),
('farming:desert_sand_soil_wet','default:desert_sand','farming:desert_sand_soil','farming:desert_sand_soil_wet');

INSERT INTO itemdefs_nodes_drops (item_name, drop_name, drop_rarity) VALUES
('default:stone','default:cobble',1),
('default:desert_stone','default:desert_cobble',1),
('default:clay','default:clay_lump 4',1),
('default:stone_with_coal','default:coal_lump',1),
('default:stone_with_iron','default:iron_lump',1),
('default:stone_with_copper','default:copper_lump',1),
('default:stone_with_mese','default:mese_crystal',1),
('default:stone_with_gold','default:gold_lump',1),
('default:stone_with_diamond','default:diamond',1),
('farming:soil','default:dirt',1),
('farming:soil_wet','default:dirt',1),
('farming:desert_sand_soil','default:desert_sand',1),
('farming:desert_sand_soil_wet','default:desert_sand',1),
('mobs:cobweb','farming:cotton',1);

UPDATE dbversion SET version = 35  WHERE dbname = 'game';

-- DBv36
CREATE TABLE itemdefs_nodeboxes (
    item_name TEXT NOT NULL,
    nodebox_type SMALLINT NOT NULL DEFAULT 0,
    collisionbox_type SMALLINT NOT NULL DEFAULT 0,
    selectionbox_type SMALLINT NOT NULL DEFAULT 0,
    PRIMARY KEY (item_name)
);

CREATE TABLE itemdefs_nodeboxes_components (
    item_name TEXT NOT NULL,
    nodebox_id SMALLINT NOT NULL,
    minedge_x NUMERIC(14,6) NOT NULL,
    minedge_y NUMERIC(14,6) NOT NULL,
    minedge_z NUMERIC(14,6) NOT NULL,
    maxedge_x NUMERIC(14,6) NOT NULL,
    maxedge_y NUMERIC(14,6) NOT NULL,
    maxedge_z NUMERIC(14,6) NOT NULL,
    PRIMARY KEY (item_name, nodebox_id, minedge_x, minedge_y, minedge_z, maxedge_x, maxedge_y, maxedge_z)
);

INSERT INTO tips (tip_en) VALUES
('[Tip] Breaking glass nodes doesn''t permit to loot them.');

INSERT INTO itemdefs (name,description,type,inventory_image,wield_image,wield_scale_x,wield_scale_y,wield_scale_z,stack_max,item_range,
    usable,liquids_pointable,node_placement_prediction) VALUES
('default:sapling','Sapling',1,'default_sapling.png','default_sapling.png',1,1,1,99,-1,'f','f','default:sapling'),
('default:pine_sapling','Pine Sapling',1,'default_pine_sapling.png','default_pine_sapling.png',1,1,1,99,-1,'f','f','default:pine_sapling'),
('default:junglesapling','Jungle Sapling',1,'default_junglesapling.png','default_junglesapling.png',1,1,1,99,-1,'f','f','default:junglesapling'),
('default:acacia_sapling','Acacia Tree Sapling',1,'default_acacia_sapling.png','default_acacia_sapling.png',1,1,1,99,-1,'f','f','default:acacia_sapling'),
('default:dry_shrub','Dry Shrub',1,'default_dry_shrub.png','default_dry_shrub.png',1,1,1,99,-1,'f','f','default:dry_shrub'),
('default:junglegrass','Jungle Grass',1,'default_junglegrass.png','default_junglegrass.png',1,1,1,99,-1,'f','f','default:junglegrass'),
('default:grass_2','Grass',1,'default_grass_2.png','default_grass_2.png',1,1,1,99,-1,'f','f','default:grass_2'),
('default:grass_3','Grass',1,'default_grass_3.png','default_grass_3.png',1,1,1,99,-1,'f','f','default:grass_3'),
('default:grass_4','Grass',1,'default_grass_4.png','default_grass_4.png',1,1,1,99,-1,'f','f','default:grass_4'),
('default:grass_5','Grass',1,'default_grass_5.png','default_grass_5.png',1,1,1,99,-1,'f','f','default:grass_5'),
('default:dry_grass_2','Dry Grass',1,'default_dry_grass_2.png','default_dry_grass_2.png',1,1,1,99,-1,'f','f','default:dry_grass_2'),
('default:dry_grass_3','Dry Grass',1,'default_dry_grass_3.png','default_dry_grass_3.png',1,1,1,99,-1,'f','f','default:dry_grass_3'),
('default:dry_grass_4','Dry Grass',1,'default_dry_grass_4.png','default_dry_grass_4.png',1,1,1,99,-1,'f','f','default:dry_grass_4'),
('default:dry_grass_5','Dry Grass',1,'default_dry_grass_5.png','default_dry_grass_5.png',1,1,1,99,-1,'f','f','default:dry_grass_5'),
('default:ladder','Ladder',1,'default_ladder.png','default_ladder.png',1,1,1,99,-1,'f','f','default:ladder'),
('default:fence_wood','Wooden Fence',1,'default_fence_overlay.png^default_wood.png^default_fence_overlay.png^[makealpha:255,126,126','default_fence_overlay.png^default_wood.png^default_fence_overlay.png^[makealpha:255,126,126',1,1,1,99,-1,'f','f','default:fence_wood'),
('default:rail','Rail',1,'default_rail.png','default_rail.png',1,1,1,99,-1,'f','f','default:rail'),
('xpanes:pane_1','',1,'','',1,1,1,99,-1,'f','f','xpanes:pane_1'),
('xpanes:pane_2','',1,'','',1,1,1,99,-1,'f','f','xpanes:pane_2'),
('xpanes:pane_3','',1,'','',1,1,1,99,-1,'f','f','xpanes:pane_3'),
('xpanes:pane_4','',1,'','',1,1,1,99,-1,'f','f','xpanes:pane_4'),
('xpanes:pane_5','',1,'','',1,1,1,99,-1,'f','f','xpanes:pane_5'),
('xpanes:pane_6','',1,'','',1,1,1,99,-1,'f','f','xpanes:pane_6'),
('xpanes:pane_7','',1,'','',1,1,1,99,-1,'f','f','xpanes:pane_7'),
('xpanes:pane_8','',1,'','',1,1,1,99,-1,'f','f','xpanes:pane_8'),
('xpanes:pane_9','',1,'','',1,1,1,99,-1,'f','f','xpanes:pane_9'),
('xpanes:pane_10','',1,'','',1,1,1,99,-1,'f','f','xpanes:pane_10'),
('xpanes:pane_11','',1,'','',1,1,1,99,-1,'f','f','xpanes:pane_11'),
('xpanes:pane_12','',1,'','',1,1,1,99,-1,'f','f','xpanes:pane_12'),
('xpanes:pane_13','',1,'','',1,1,1,99,-1,'f','f','xpanes:pane_13'),
('xpanes:pane_14','',1,'','',1,1,1,99,-1,'f','f','xpanes:pane_14'),
('xpanes:pane_15','',1,'','',1,1,1,99,-1,'f','f','xpanes:pane_15'),
('xpanes:pane','Glass Pane',1,'default_glass.png','default_glass.png',1,1,1,99,-1,'f','f','xpanes:pane'),
('xpanes:bar_1','',1,'','',1,1,1,99,-1,'f','f','xpanes:bar_1'),
('xpanes:bar_2','',1,'','',1,1,1,99,-1,'f','f','xpanes:bar_2'),
('xpanes:bar_3','',1,'','',1,1,1,99,-1,'f','f','xpanes:bar_3'),
('xpanes:bar_4','',1,'','',1,1,1,99,-1,'f','f','xpanes:bar_4'),
('xpanes:bar_5','',1,'','',1,1,1,99,-1,'f','f','xpanes:bar_5'),
('xpanes:bar_6','',1,'','',1,1,1,99,-1,'f','f','xpanes:bar_6'),
('xpanes:bar_7','',1,'','',1,1,1,99,-1,'f','f','xpanes:bar_7'),
('xpanes:bar_8','',1,'','',1,1,1,99,-1,'f','f','xpanes:bar_8'),
('xpanes:bar_9','',1,'','',1,1,1,99,-1,'f','f','xpanes:bar_9'),
('xpanes:bar_10','',1,'','',1,1,1,99,-1,'f','f','xpanes:bar_10'),
('xpanes:bar_11','',1,'','',1,1,1,99,-1,'f','f','xpanes:bar_11'),
('xpanes:bar_12','',1,'','',1,1,1,99,-1,'f','f','xpanes:bar_12'),
('xpanes:bar_13','',1,'','',1,1,1,99,-1,'f','f','xpanes:bar_13'),
('xpanes:bar_14','',1,'','',1,1,1,99,-1,'f','f','xpanes:bar_14'),
('xpanes:bar_15','',1,'','',1,1,1,99,-1,'f','f','xpanes:bar_15'),
('xpanes:bar','Iron bar',1,'xpanes_bar.png','xpanes_bar.png',1,1,1,99,-1,'f','f','xpanes:bar'),
('vessels:glass_bottle','Glass Bottle (empty)',1,'vessels_glass_bottle_inv.png','vessels_glass_bottle.png',1,1,1,99,-1,'f','f','vessels:glass_bottle'),
('vessels:drinking_glass','Drinking Glass (empty)',1,'vessels_drinking_glass_inv.png','vessels_drinking_glass.png',1,1,1,99,-1,'f','f','vessels:drinking_glass'),
('vessels:steel_bottle','Heavy Steel Bottle (empty)',1,'vessels_steel_bottle_inv.png','vessels_steel_bottle.png',1,1,1,99,-1,'f','f','vessels:steel_bottle'),
('flowers:rose','Rose',1,'flowers_rose.png','flowers_rose.png',1,1,1,99,-1,'f','f','flowers:rose'),
('flowers:tulip','Orange Tulip',1,'flowers_tulip.png','flowers_tulip.png',1,1,1,99,-1,'f','f','flowers:tulip'),
('flowers:dandelion_yellow','Yellow Dandelion',1,'flowers_dandelion_yellow.png','flowers_dandelion_yellow.png',1,1,1,99,-1,'f','f','flowers:dandelion_yellow'),
('flowers:geranium','Blue Geranium',1,'flowers_geranium.png','flowers_geranium.png',1,1,1,99,-1,'f','f','flowers:geranium'),
('flowers:viola','Viola',1,'flowers_viola.png','flowers_viola.png',1,1,1,99,-1,'f','f','flowers:viola'),
('flowers:dandelion_white','White dandelion',1,'flowers_dandelion_white.png','flowers_dandelion_white.png',1,1,1,99,-1,'f','f','flowers:dandelion_white'),
('flowers:mushroom_fertile_brown','Brown Fertile Mushroom',1,'flowers_mushroom_brown.png','flowers_mushroom_brown.png',1,1,1,99,-1,'t','f','flowers:mushroom_fertile_brown'),
('flowers:mushroom_brown','Brown Mushroom',1,'flowers_mushroom_brown.png','flowers_mushroom_brown.png',1,1,1,99,-1,'t','f','flowers:mushroom_brown'),
('flowers:mushroom_spores_brown','Brown Mushroom Spores',1,'flowers_mushroom_spores_brown.png','flowers_mushroom_spores_brown.png',1,1,1,99,-1,'f','f','flowers:mushroom_spores_brown'),
('flowers:mushroom_fertile_red','Red Fertile Mushroom',1,'flowers_mushroom_red.png','flowers_mushroom_red.png',1,1,1,99,-1,'t','f','flowers:mushroom_fertile_red'),
('flowers:mushroom_red','Red Mushroom',1,'flowers_mushroom_red.png','flowers_mushroom_red.png',1,1,1,99,-1,'t','f','flowers:mushroom_red'),
('flowers:mushroom_spores_red','Red Mushroom Spores',1,'flowers_mushroom_spores_red.png','flowers_mushroom_spores_red.png',1,1,1,99,-1,'f','f','flowers:mushroom_spores_red'),
('farming:wheat_1','',1,'','',1,1,1,99,-1,'f','f','farming:wheat_1'),
('farming:wheat_2','',1,'','',1,1,1,99,-1,'f','f','farming:wheat_2'),
('farming:wheat_3','',1,'','',1,1,1,99,-1,'f','f','farming:wheat_3'),
('farming:wheat_4','',1,'','',1,1,1,99,-1,'f','f','farming:wheat_4'),
('farming:wheat_5','',1,'','',1,1,1,99,-1,'f','f','farming:wheat_5'),
('farming:wheat_6','',1,'','',1,1,1,99,-1,'f','f','farming:wheat_6'),
('farming:wheat_7','',1,'','',1,1,1,99,-1,'f','f','farming:wheat_7'),
('farming:wheat_8','',1,'','',1,1,1,99,-1,'f','f','farming:wheat_8'),
('farming:cotton_1','',1,'','',1,1,1,99,-1,'f','f','farming:cotton_1'),
('farming:cotton_2','',1,'','',1,1,1,99,-1,'f','f','farming:cotton_2'),
('farming:cotton_3','',1,'','',1,1,1,99,-1,'f','f','farming:cotton_3'),
('farming:cotton_4','',1,'','',1,1,1,99,-1,'f','f','farming:cotton_4'),
('farming:cotton_5','',1,'','',1,1,1,99,-1,'f','f','farming:cotton_5'),
('farming:cotton_6','',1,'','',1,1,1,99,-1,'f','f','farming:cotton_6'),
('farming:cotton_7','',1,'','',1,1,1,99,-1,'f','f','farming:cotton_7'),
('farming:cotton_8','',1,'','',1,1,1,99,-1,'f','f','farming:cotton_8');

INSERT INTO itemdefs_groups (item_name,group_name,group_value) VALUES
('default:sapling','attached_node',1),
('default:sapling','dig_immediate',3),
('default:sapling','flammable',2),
('default:sapling','sapling',1),
('default:sapling','snappy',2),
('default:junglesapling','attached_node',1),
('default:junglesapling','dig_immediate',3),
('default:junglesapling','flammable',2),
('default:junglesapling','sapling',1),
('default:junglesapling','snappy',2),
('default:pine_sapling','attached_node',1),
('default:pine_sapling','dig_immediate',3),
('default:pine_sapling','flammable',2),
('default:pine_sapling','sapling',1),
('default:pine_sapling','snappy',2),
('default:acacia_sapling','attached_node',1),
('default:acacia_sapling','dig_immediate',3),
('default:acacia_sapling','flammable',2),
('default:acacia_sapling','sapling',1),
('default:acacia_sapling','snappy',2),
('default:dry_shrub','attached_node',1),
('default:dry_shrub','flammable',3),
('default:dry_shrub','snappy',3),
('default:junglegrass','attached_node',1),
('default:junglegrass','flammable',2),
('default:junglegrass','flora',1),
('default:junglegrass','snappy',3),
('default:grass_2','attached_node',1),
('default:grass_2','flammable',3),
('default:grass_2','flora',1),
('default:grass_2','not_in_creative_inventory',1),
('default:grass_2','snappy',3),
('default:grass_3','attached_node',1),
('default:grass_3','flammable',3),
('default:grass_3','flora',1),
('default:grass_3','not_in_creative_inventory',1),
('default:grass_3','snappy',3),
('default:grass_4','attached_node',1),
('default:grass_4','flammable',3),
('default:grass_4','flora',1),
('default:grass_4','not_in_creative_inventory',1),
('default:grass_4','snappy',3),
('default:grass_5','attached_node',1),
('default:grass_5','flammable',3),
('default:grass_5','flora',1),
('default:grass_5','not_in_creative_inventory',1),
('default:grass_5','snappy',3),
('default:dry_grass_2','attached_node',1),
('default:dry_grass_2','flammable',3),
('default:dry_grass_2','flora',1),
('default:dry_grass_2','not_in_creative_inventory',1),
('default:dry_grass_2','snappy',3),
('default:dry_grass_3','attached_node',1),
('default:dry_grass_3','flammable',3),
('default:dry_grass_3','flora',1),
('default:dry_grass_3','not_in_creative_inventory',1),
('default:dry_grass_3','snappy',3),
('default:dry_grass_4','attached_node',1),
('default:dry_grass_4','flammable',3),
('default:dry_grass_4','flora',1),
('default:dry_grass_4','not_in_creative_inventory',1),
('default:dry_grass_4','snappy',3),
('default:dry_grass_5','attached_node',1),
('default:dry_grass_5','flammable',3),
('default:dry_grass_5','flora',1),
('default:dry_grass_5','not_in_creative_inventory',1),
('default:dry_grass_5','snappy',3),
('default:ladder','choppy',2),
('default:ladder','flammable',2),
('default:ladder','oddly_breakable_by_hand',3),
('default:fence_wood','choppy',2),
('default:fence_wood','flammable',2),
('default:fence_wood','oddly_breakable_by_hand',2),
('default:rail','attached_node',1),
('default:rail','bendy',2),
('default:rail','connect_to_raillike',1),
('default:rail','dig_immediate',2),
('xpanes:pane_1','cracky',3),
('xpanes:pane_1','oddly_breakable_by_hand',3),
('xpanes:pane_1','pane',1),
('xpanes:pane_1','snappy',2),
('xpanes:pane_2','cracky',3),
('xpanes:pane_2','oddly_breakable_by_hand',3),
('xpanes:pane_2','pane',1),
('xpanes:pane_2','snappy',2),
('xpanes:pane_3','cracky',3),
('xpanes:pane_3','oddly_breakable_by_hand',3),
('xpanes:pane_3','pane',1),
('xpanes:pane_3','snappy',2),
('xpanes:pane_4','cracky',3),
('xpanes:pane_4','oddly_breakable_by_hand',3),
('xpanes:pane_4','pane',1),
('xpanes:pane_4','snappy',2),
('xpanes:pane_5','cracky',3),
('xpanes:pane_5','oddly_breakable_by_hand',3),
('xpanes:pane_5','pane',1),
('xpanes:pane_5','snappy',2),
('xpanes:pane_6','cracky',3),
('xpanes:pane_6','oddly_breakable_by_hand',3),
('xpanes:pane_6','pane',1),
('xpanes:pane_6','snappy',2),
('xpanes:pane_7','cracky',3),
('xpanes:pane_7','oddly_breakable_by_hand',3),
('xpanes:pane_7','pane',1),
('xpanes:pane_7','snappy',2),
('xpanes:pane_8','cracky',3),
('xpanes:pane_8','oddly_breakable_by_hand',3),
('xpanes:pane_8','pane',1),
('xpanes:pane_8','snappy',2),
('xpanes:pane_9','cracky',3),
('xpanes:pane_9','oddly_breakable_by_hand',3),
('xpanes:pane_9','pane',1),
('xpanes:pane_9','snappy',2),
('xpanes:pane_10','cracky',3),
('xpanes:pane_10','oddly_breakable_by_hand',3),
('xpanes:pane_10','pane',1),
('xpanes:pane_10','snappy',2),
('xpanes:pane_11','cracky',3),
('xpanes:pane_11','oddly_breakable_by_hand',3),
('xpanes:pane_11','pane',1),
('xpanes:pane_11','snappy',2),
('xpanes:pane_12','cracky',3),
('xpanes:pane_12','oddly_breakable_by_hand',3),
('xpanes:pane_12','pane',1),
('xpanes:pane_12','snappy',2),
('xpanes:pane_13','cracky',3),
('xpanes:pane_13','oddly_breakable_by_hand',3),
('xpanes:pane_13','pane',1),
('xpanes:pane_13','snappy',2),
('xpanes:pane_14','cracky',3),
('xpanes:pane_14','oddly_breakable_by_hand',3),
('xpanes:pane_14','pane',1),
('xpanes:pane_14','snappy',2),
('xpanes:pane_15','cracky',3),
('xpanes:pane_15','oddly_breakable_by_hand',3),
('xpanes:pane_15','pane',1),
('xpanes:pane_15','snappy',2),
('xpanes:bar_1','cracky',3),
('xpanes:bar_1','oddly_breakable_by_hand',3),
('xpanes:bar_1','pane',1),
('xpanes:bar_1','snappy',2),
('xpanes:bar_2','cracky',3),
('xpanes:bar_2','oddly_breakable_by_hand',3),
('xpanes:bar_2','pane',1),
('xpanes:bar_2','snappy',2),
('xpanes:bar_3','cracky',3),
('xpanes:bar_3','oddly_breakable_by_hand',3),
('xpanes:bar_3','pane',1),
('xpanes:bar_3','snappy',2),
('xpanes:bar_4','cracky',3),
('xpanes:bar_4','oddly_breakable_by_hand',3),
('xpanes:bar_4','pane',1),
('xpanes:bar_4','snappy',2),
('xpanes:bar_5','cracky',3),
('xpanes:bar_5','oddly_breakable_by_hand',3),
('xpanes:bar_5','pane',1),
('xpanes:bar_5','snappy',2),
('xpanes:bar_6','cracky',3),
('xpanes:bar_6','oddly_breakable_by_hand',3),
('xpanes:bar_6','pane',1),
('xpanes:bar_6','snappy',2),
('xpanes:bar_7','cracky',3),
('xpanes:bar_7','oddly_breakable_by_hand',3),
('xpanes:bar_7','pane',1),
('xpanes:bar_7','snappy',2),
('xpanes:bar_8','cracky',3),
('xpanes:bar_8','oddly_breakable_by_hand',3),
('xpanes:bar_8','pane',1),
('xpanes:bar_8','snappy',2),
('xpanes:bar_9','cracky',3),
('xpanes:bar_9','oddly_breakable_by_hand',3),
('xpanes:bar_9','pane',1),
('xpanes:bar_9','snappy',2),
('xpanes:bar_10','cracky',3),
('xpanes:bar_10','oddly_breakable_by_hand',3),
('xpanes:bar_10','pane',1),
('xpanes:bar_10','snappy',2),
('xpanes:bar_11','cracky',3),
('xpanes:bar_11','oddly_breakable_by_hand',3),
('xpanes:bar_11','pane',1),
('xpanes:bar_11','snappy',2),
('xpanes:bar_12','cracky',3),
('xpanes:bar_12','oddly_breakable_by_hand',3),
('xpanes:bar_12','pane',1),
('xpanes:bar_12','snappy',2),
('xpanes:bar_13','cracky',3),
('xpanes:bar_13','oddly_breakable_by_hand',3),
('xpanes:bar_13','pane',1),
('xpanes:bar_13','snappy',2),
('xpanes:bar_14','cracky',3),
('xpanes:bar_14','oddly_breakable_by_hand',3),
('xpanes:bar_14','pane',1),
('xpanes:bar_14','snappy',2),
('xpanes:bar_15','cracky',3),
('xpanes:bar_15','oddly_breakable_by_hand',3),
('xpanes:bar_15','pane',1),
('xpanes:bar_15','snappy',2),
('vessels:glass_bottle','attached_node',1),
('vessels:glass_bottle','dig_immediate',3),
('vessels:glass_bottle','vessel',1),
('vessels:drinking_glass','attached_node',1),
('vessels:drinking_glass','dig_immediate',3),
('vessels:drinking_glass','vessel',1),
('vessels:steel_bottle','attached_node',1),
('vessels:steel_bottle','dig_immediate',3),
('vessels:steel_bottle','vessel',1),
('flowers:rose','attached_node',1),
('flowers:rose','color_red',1),
('flowers:rose','flammable',2),
('flowers:rose','flora',1),
('flowers:rose','flower',1),
('flowers:rose','snappy',3),
('flowers:tulip','attached_node',1),
('flowers:tulip','color_orange',1),
('flowers:tulip','flammable',2),
('flowers:tulip','flora',1),
('flowers:tulip','flower',1),
('flowers:tulip','snappy',3),
('flowers:dandelion_yellow','attached_node',1),
('flowers:dandelion_yellow','color_yellow',1),
('flowers:dandelion_yellow','flammable',2),
('flowers:dandelion_yellow','flora',1),
('flowers:dandelion_yellow','flower',1),
('flowers:dandelion_yellow','snappy',3),
('flowers:geranium','attached_node',1),
('flowers:geranium','color_blue',1),
('flowers:geranium','flammable',2),
('flowers:geranium','flora',1),
('flowers:geranium','flower',1),
('flowers:geranium','snappy',3),
('flowers:viola','attached_node',1),
('flowers:viola','color_violet',1),
('flowers:viola','flammable',2),
('flowers:viola','flora',1),
('flowers:viola','flower',1),
('flowers:viola','snappy',3),
('flowers:dandelion_white','attached_node',1),
('flowers:dandelion_white','color_white',1),
('flowers:dandelion_white','flammable',2),
('flowers:dandelion_white','flora',1),
('flowers:dandelion_white','flower',1),
('flowers:dandelion_white','snappy',3),
('flowers:mushroom_fertile_brown','attached_node',1),
('flowers:mushroom_fertile_brown','flammable',3),
('flowers:mushroom_fertile_brown','not_in_creative_inventory',1),
('flowers:mushroom_fertile_brown','snappy',3),
('flowers:mushroom_brown','attached_node',1),
('flowers:mushroom_brown','flammable',3),
('flowers:mushroom_brown','snappy',3),
('flowers:mushroom_spores_brown','attached_node',1),
('flowers:mushroom_spores_brown','dig_immediate',3),
('flowers:mushroom_fertile_red','attached_node',1),
('flowers:mushroom_fertile_red','flammable',3),
('flowers:mushroom_fertile_red','not_in_creative_inventory',1),
('flowers:mushroom_fertile_red','snappy',3),
('flowers:mushroom_red','attached_node',1),
('flowers:mushroom_red','flammable',3),
('flowers:mushroom_red','snappy',3),
('flowers:mushroom_spores_red','attached_node',1),
('flowers:mushroom_spores_red','dig_immediate',3),
('farming:wheat_1','attached_node',1),
('farming:wheat_1','flammable',2),
('farming:wheat_1','not_in_creative_inventory',1),
('farming:wheat_1','plant',1),
('farming:wheat_1','snappy',3),
('farming:wheat_1','wheat',1),
('farming:wheat_2','attached_node',1),
('farming:wheat_2','flammable',2),
('farming:wheat_2','not_in_creative_inventory',1),
('farming:wheat_2','plant',1),
('farming:wheat_2','snappy',3),
('farming:wheat_2','wheat',2),
('farming:wheat_3','attached_node',1),
('farming:wheat_3','flammable',2),
('farming:wheat_3','not_in_creative_inventory',1),
('farming:wheat_3','plant',1),
('farming:wheat_3','snappy',3),
('farming:wheat_3','wheat',3),
('farming:wheat_4','attached_node',1),
('farming:wheat_4','flammable',2),
('farming:wheat_4','not_in_creative_inventory',1),
('farming:wheat_4','plant',1),
('farming:wheat_4','snappy',3),
('farming:wheat_4','wheat',4),
('farming:wheat_5','attached_node',1),
('farming:wheat_5','flammable',2),
('farming:wheat_5','not_in_creative_inventory',1),
('farming:wheat_5','plant',1),
('farming:wheat_5','snappy',3),
('farming:wheat_5','wheat',5),
('farming:wheat_6','attached_node',1),
('farming:wheat_6','flammable',2),
('farming:wheat_6','not_in_creative_inventory',1),
('farming:wheat_6','plant',1),
('farming:wheat_6','snappy',3),
('farming:wheat_6','wheat',6),
('farming:wheat_7','attached_node',1),
('farming:wheat_7','flammable',2),
('farming:wheat_7','not_in_creative_inventory',1),
('farming:wheat_7','plant',1),
('farming:wheat_7','snappy',3),
('farming:wheat_7','wheat',7),
('farming:wheat_8','attached_node',1),
('farming:wheat_8','flammable',2),
('farming:wheat_8','not_in_creative_inventory',1),
('farming:wheat_8','plant',1),
('farming:wheat_8','snappy',3),
('farming:wheat_8','wheat',8),
('farming:cotton_1','attached_node',1),
('farming:cotton_1','cotton',1),
('farming:cotton_1','flammable',2),
('farming:cotton_1','not_in_creative_inventory',1),
('farming:cotton_1','plant',1),
('farming:cotton_1','snappy',3),
('farming:cotton_2','attached_node',1),
('farming:cotton_2','cotton',2),
('farming:cotton_2','flammable',2),
('farming:cotton_2','not_in_creative_inventory',1),
('farming:cotton_2','plant',1),
('farming:cotton_2','snappy',3),
('farming:cotton_3','attached_node',1),
('farming:cotton_3','cotton',3),
('farming:cotton_3','flammable',2),
('farming:cotton_3','not_in_creative_inventory',1),
('farming:cotton_3','plant',1),
('farming:cotton_3','snappy',3),
('farming:cotton_4','attached_node',1),
('farming:cotton_4','cotton',4),
('farming:cotton_4','flammable',2),
('farming:cotton_4','not_in_creative_inventory',1),
('farming:cotton_4','plant',1),
('farming:cotton_4','snappy',3),
('farming:cotton_5','attached_node',1),
('farming:cotton_5','cotton',5),
('farming:cotton_5','flammable',2),
('farming:cotton_5','not_in_creative_inventory',1),
('farming:cotton_5','plant',1),
('farming:cotton_5','snappy',3),
('farming:cotton_6','attached_node',1),
('farming:cotton_6','cotton',6),
('farming:cotton_6','flammable',2),
('farming:cotton_6','not_in_creative_inventory',1),
('farming:cotton_6','plant',1),
('farming:cotton_6','snappy',3),
('farming:cotton_7','attached_node',1),
('farming:cotton_7','cotton',7),
('farming:cotton_7','flammable',2),
('farming:cotton_7','not_in_creative_inventory',1),
('farming:cotton_7','plant',1),
('farming:cotton_7','snappy',3),
('farming:cotton_8','attached_node',1),
('farming:cotton_8','cotton',8),
('farming:cotton_8','flammable',2),
('farming:cotton_8','not_in_creative_inventory',1),
('farming:cotton_8','plant',1),
('farming:cotton_8','snappy',3);

INSERT INTO itemdefs_nodes_tiles (item_name,tile1,tile2,tile3,tile4,tile5,tile6) VALUES
('default:sapling','default_sapling.png','','','','',''),
('default:junglesapling','default_junglesapling.png','','','','',''),
('default:pine_sapling','default_pine_sapling.png','','','','',''),
('default:acacia_sapling','default_acacia_sapling.png','','','','',''),
('default:dry_shrub','default_dry_shrub.png','','','','',''),
('default:junglegrass','default_junglegrass.png','','','','',''),
('default:grass_2','default_grass_2.png','','','','',''),
('default:grass_3','default_grass_3.png','','','','',''),
('default:grass_4','default_grass_4.png','','','','',''),
('default:grass_5','default_grass_5.png','','','','',''),
('default:dry_grass_2','default_dry_grass_2.png','','','','',''),
('default:dry_grass_3','default_dry_grass_3.png','','','','',''),
('default:dry_grass_4','default_dry_grass_4.png','','','','',''),
('default:dry_grass_5','default_dry_grass_5.png','','','','',''),
('default:ladder','default_ladder.png','','','','',''),
('default:fence_wood','default_wood.png','','','','',''),
('default:rail','default_rail.png','default_rail_curved.png','default_rail_t_junction.png','default_rail_crossing.png','',''),
('xpanes:pane_1','xpanes_white.png','xpanes_white.png','default_glass.png^xpanes_pane_half.png','','',''),
('xpanes:pane_2','xpanes_white.png','xpanes_white.png','default_glass.png^xpanes_pane_half.png','','',''),
('xpanes:pane_3','xpanes_white.png','xpanes_white.png','default_glass.png','','',''),
('xpanes:pane_4','xpanes_white.png','xpanes_white.png','default_glass.png^xpanes_pane_half.png','','',''),
('xpanes:pane_5','xpanes_white.png','xpanes_white.png','default_glass.png','','',''),
('xpanes:pane_6','xpanes_white.png','xpanes_white.png','default_glass.png','','',''),
('xpanes:pane_7','xpanes_white.png','xpanes_white.png','default_glass.png','','',''),
('xpanes:pane_8','xpanes_white.png','xpanes_white.png','default_glass.png^xpanes_pane_half.png','','',''),
('xpanes:pane_9','xpanes_white.png','xpanes_white.png','default_glass.png','','',''),
('xpanes:pane_10','xpanes_white.png','xpanes_white.png','default_glass.png','','',''),
('xpanes:pane_11','xpanes_white.png','xpanes_white.png','default_glass.png','','',''),
('xpanes:pane_12','xpanes_white.png','xpanes_white.png','default_glass.png','','',''),
('xpanes:pane_13','xpanes_white.png','xpanes_white.png','default_glass.png','','',''),
('xpanes:pane_14','xpanes_white.png','xpanes_white.png','default_glass.png','','',''),
('xpanes:pane_15','xpanes_white.png','xpanes_white.png','default_glass.png','','',''),
('xpanes:bar_1','xpanes_space.png','xpanes_space.png','xpanes_bar.png^xpanes_bar.png','','',''),
('xpanes:bar_2','xpanes_space.png','xpanes_space.png','xpanes_bar.png^xpanes_bar.png','','',''),
('xpanes:bar_3','xpanes_space.png','xpanes_space.png','xpanes_bar.png','','',''),
('xpanes:bar_4','xpanes_space.png','xpanes_space.png','xpanes_bar.png^xpanes_bar.png','','',''),
('xpanes:bar_5','xpanes_space.png','xpanes_space.png','xpanes_bar.png','','',''),
('xpanes:bar_6','xpanes_space.png','xpanes_space.png','xpanes_bar.png','','',''),
('xpanes:bar_7','xpanes_space.png','xpanes_space.png','xpanes_bar.png','','',''),
('xpanes:bar_8','xpanes_space.png','xpanes_space.png','xpanes_bar.png^xpanes_bar.png','','',''),
('xpanes:bar_9','xpanes_space.png','xpanes_space.png','xpanes_bar.png','','',''),
('xpanes:bar_10','xpanes_space.png','xpanes_space.png','xpanes_bar.png','','',''),
('xpanes:bar_11','xpanes_space.png','xpanes_space.png','xpanes_bar.png','','',''),
('xpanes:bar_12','xpanes_space.png','xpanes_space.png','xpanes_bar.png','','',''),
('xpanes:bar_13','xpanes_space.png','xpanes_space.png','xpanes_bar.png','','',''),
('xpanes:bar_14','xpanes_space.png','xpanes_space.png','xpanes_bar.png','','',''),
('xpanes:bar_15','xpanes_space.png','xpanes_space.png','xpanes_bar.png','','',''),
('vessels:glass_bottle','vessels_glass_bottle.png','','','','',''),
('vessels:drinking_glass','vessels_drinking_glass.png','','','','',''),
('vessels:steel_bottle','vessels_steel_bottle.png','','','','',''),
('flowers:rose','flowers_rose.png','','','','',''),
('flowers:tulip','flowers_tulip.png','','','','',''),
('flowers:dandelion_yellow','flowers_dandelion_yellow.png','','','','',''),
('flowers:geranium','flowers_geranium.png','','','','',''),
('flowers:viola','flowers_viola.png','','','','',''),
('flowers:dandelion_white','flowers_dandelion_white.png','','','','',''),
('flowers:mushroom_fertile_brown','flowers_mushroom_brown.png','','','','',''),
('flowers:mushroom_brown','flowers_mushroom_brown.png','','','','',''),
('flowers:mushroom_spores_brown','flowers_mushroom_spores_brown.png','','','','',''),
('flowers:mushroom_fertile_red','flowers_mushroom_red.png','','','','',''),
('flowers:mushroom_red','flowers_mushroom_red.png','','','','',''),
('flowers:mushroom_spores_red','flowers_mushroom_spores_red.png','','','','',''),
('farming:wheat_1','farming_wheat_1.png','','','','',''),
('farming:wheat_2','farming_wheat_2.png','','','','',''),
('farming:wheat_3','farming_wheat_3.png','','','','',''),
('farming:wheat_4','farming_wheat_4.png','','','','',''),
('farming:wheat_5','farming_wheat_5.png','','','','',''),
('farming:wheat_6','farming_wheat_6.png','','','','',''),
('farming:wheat_7','farming_wheat_7.png','','','','',''),
('farming:wheat_8','farming_wheat_8.png','','','','',''),
('farming:cotton_1','farming_cotton_1.png','','','','',''),
('farming:cotton_2','farming_cotton_2.png','','','','',''),
('farming:cotton_3','farming_cotton_3.png','','','','',''),
('farming:cotton_4','farming_cotton_4.png','','','','',''),
('farming:cotton_5','farming_cotton_5.png','','','','',''),
('farming:cotton_6','farming_cotton_6.png','','','','',''),
('farming:cotton_7','farming_cotton_7.png','','','','',''),
('farming:cotton_8','farming_cotton_8.png','','','','','');

INSERT INTO itemdefs_nodes (item_name,drawtype,visual_scale,mesh,alpha,param_type,param_type2,is_ground_content,sunlight_propagates,
walkable,pointable,diggable,climbable,buildable_to,rightclickable,liquid_type,liquid_alternative_flowing,liquid_alternative_source,
liquid_viscosity,liquid_range,leveled,drowning,light_source,damage_per_second,waving,legacy_facedir_simple,legacy_wallmounted,max_drops) VALUES
('default:sapling',9,1,'',255,1,0,'t','t','f','t','t','f','f','f',0,'','',0,8,0,0,0,0,0,'f','f',0),
('default:junglesapling',9,1,'',255,1,0,'t','t','f','t','t','f','f','f',0,'','',0,8,0,0,0,0,0,'f','f',0),
('default:pine_sapling',9,1,'',255,1,0,'t','t','f','t','t','f','f','f',0,'','',0,8,0,0,0,0,0,'f','f',0),
('default:acacia_sapling',9,1,'',255,1,0,'t','t','f','t','t','f','f','f',0,'','',0,8,0,0,0,0,0,'f','f',0),
('default:dry_shrub',9,1,'',255,1,0,'t','t','f','t','t','f','t','f',0,'','',0,8,0,0,0,0,1,'f','f',0),
('default:junglegrass',9,1.3,'',255,1,0,'t','t','f','t','t','f','t','f',0,'','',0,8,0,0,0,0,1,'f','f',0),
('default:grass_2',9,1,'',255,1,0,'t','t','f','t','t','f','t','f',0,'','',0,8,0,0,0,0,1,'f','f',1),
('default:grass_3',9,1,'',255,1,0,'t','t','f','t','t','f','t','f',0,'','',0,8,0,0,0,0,1,'f','f',1),
('default:grass_4',9,1,'',255,1,0,'t','t','f','t','t','f','t','f',0,'','',0,8,0,0,0,0,1,'f','f',1),
('default:grass_5',9,1,'',255,1,0,'t','t','f','t','t','f','t','f',0,'','',0,8,0,0,0,0,1,'f','f',1),
('default:dry_grass_2',9,1,'',255,1,0,'t','t','f','t','t','f','t','f',0,'','',0,8,0,0,0,0,1,'f','f',1),
('default:dry_grass_3',9,1,'',255,1,0,'t','t','f','t','t','f','t','f',0,'','',0,8,0,0,0,0,1,'f','f',1),
('default:dry_grass_4',9,1,'',255,1,0,'t','t','f','t','t','f','t','f',0,'','',0,8,0,0,0,0,1,'f','f',1),
('default:dry_grass_5',9,1,'',255,1,0,'t','t','f','t','t','f','t','f',0,'','',0,8,0,0,0,0,1,'f','f',1),
('default:ladder',8,1,'',255,1,4,'f','t','f','t','t','t','f','f',0,'','',0,8,0,0,0,0,0,'f','t',0),
('default:fence_wood',10,1,'',255,1,0,'f','t','t','t','t','f','f','f',0,'','',0,8,0,0,0,0,0,'f','f',0),
('default:rail',11,1,'',255,1,0,'f','t','f','t','t','f','f','f',0,'','',0,8,0,0,0,0,0,'f','f',0),
('xpanes:pane_1',12,1,'',255,1,0,'t','f','t','t','t','f','f','f',0,'','',0,8,0,0,0,0,0,'f','f',1),
('xpanes:pane_2',12,1,'',255,1,0,'t','f','t','t','t','f','f','f',0,'','',0,8,0,0,0,0,0,'f','f',1),
('xpanes:pane_3',12,1,'',255,1,0,'t','f','t','t','t','f','f','f',0,'','',0,8,0,0,0,0,0,'f','f',1),
('xpanes:pane_4',12,1,'',255,1,0,'t','f','t','t','t','f','f','f',0,'','',0,8,0,0,0,0,0,'f','f',1),
('xpanes:pane_5',12,1,'',255,1,0,'t','f','t','t','t','f','f','f',0,'','',0,8,0,0,0,0,0,'f','f',1),
('xpanes:pane_6',12,1,'',255,1,0,'t','f','t','t','t','f','f','f',0,'','',0,8,0,0,0,0,0,'f','f',1),
('xpanes:pane_7',12,1,'',255,1,0,'t','f','t','t','t','f','f','f',0,'','',0,8,0,0,0,0,0,'f','f',1),
('xpanes:pane_8',12,1,'',255,1,0,'t','f','t','t','t','f','f','f',0,'','',0,8,0,0,0,0,0,'f','f',1),
('xpanes:pane_9',12,1,'',255,1,0,'t','f','t','t','t','f','f','f',0,'','',0,8,0,0,0,0,0,'f','f',1),
('xpanes:pane_10',12,1,'',255,1,0,'t','f','t','t','t','f','f','f',0,'','',0,8,0,0,0,0,0,'f','f',1),
('xpanes:pane_11',12,1,'',255,1,0,'t','f','t','t','t','f','f','f',0,'','',0,8,0,0,0,0,0,'f','f',1),
('xpanes:pane_12',12,1,'',255,1,0,'t','f','t','t','t','f','f','f',0,'','',0,8,0,0,0,0,0,'f','f',1),
('xpanes:pane_13',12,1,'',255,1,0,'t','f','t','t','t','f','f','f',0,'','',0,8,0,0,0,0,0,'f','f',1),
('xpanes:pane_14',12,1,'',255,1,0,'t','f','t','t','t','f','f','f',0,'','',0,8,0,0,0,0,0,'f','f',1),
('xpanes:pane_15',12,1,'',255,1,0,'t','f','t','t','t','f','f','f',0,'','',0,8,0,0,0,0,0,'f','f',1),
('xpanes:bar_1',12,1,'',255,1,0,'t','f','t','t','t','f','f','f',0,'','',0,8,0,0,0,0,0,'f','f',1),
('xpanes:bar_2',12,1,'',255,1,0,'t','f','t','t','t','f','f','f',0,'','',0,8,0,0,0,0,0,'f','f',1),
('xpanes:bar_3',12,1,'',255,1,0,'t','f','t','t','t','f','f','f',0,'','',0,8,0,0,0,0,0,'f','f',1),
('xpanes:bar_4',12,1,'',255,1,0,'t','f','t','t','t','f','f','f',0,'','',0,8,0,0,0,0,0,'f','f',1),
('xpanes:bar_5',12,1,'',255,1,0,'t','f','t','t','t','f','f','f',0,'','',0,8,0,0,0,0,0,'f','f',1),
('xpanes:bar_6',12,1,'',255,1,0,'t','f','t','t','t','f','f','f',0,'','',0,8,0,0,0,0,0,'f','f',1),
('xpanes:bar_7',12,1,'',255,1,0,'t','f','t','t','t','f','f','f',0,'','',0,8,0,0,0,0,0,'f','f',1),
('xpanes:bar_8',12,1,'',255,1,0,'t','f','t','t','t','f','f','f',0,'','',0,8,0,0,0,0,0,'f','f',1),
('xpanes:bar_9',12,1,'',255,1,0,'t','f','t','t','t','f','f','f',0,'','',0,8,0,0,0,0,0,'f','f',1),
('xpanes:bar_10',12,1,'',255,1,0,'t','f','t','t','t','f','f','f',0,'','',0,8,0,0,0,0,0,'f','f',1),
('xpanes:bar_11',12,1,'',255,1,0,'t','f','t','t','t','f','f','f',0,'','',0,8,0,0,0,0,0,'f','f',1),
('xpanes:bar_12',12,1,'',255,1,0,'t','f','t','t','t','f','f','f',0,'','',0,8,0,0,0,0,0,'f','f',1),
('xpanes:bar_13',12,1,'',255,1,0,'t','f','t','t','t','f','f','f',0,'','',0,8,0,0,0,0,0,'f','f',1),
('xpanes:bar_14',12,1,'',255,1,0,'t','f','t','t','t','f','f','f',0,'','',0,8,0,0,0,0,0,'f','f',1),
('xpanes:bar_15',12,1,'',255,1,0,'t','f','t','t','t','f','f','f',0,'','',0,8,0,0,0,0,0,'f','f',1),
('vessels:glass_bottle',9,1,'',255,1,0,'f','f','f','t','t','f','f','f',0,'','',0,8,0,0,0,0,0,'f','f',0),
('vessels:drinking_glass',9,1,'',255,1,0,'f','f','f','t','t','f','f','f',0,'','',0,8,0,0,0,0,0,'f','f',0),
('vessels:steel_bottle',9,1,'',255,1,0,'f','f','f','t','t','f','f','f',0,'','',0,8,0,0,0,0,0,'f','f',0),
('flowers:rose',9,1,'',255,1,0,'t','t','f','t','t','f','f','f',0,'','',0,8,0,0,0,0,0,'f','f',0),
('flowers:tulip',9,1,'',255,1,0,'t','t','f','t','t','f','f','f',0,'','',0,8,0,0,0,0,0,'f','f',0),
('flowers:dandelion_yellow',9,1,'',255,1,0,'t','t','f','t','t','f','f','f',0,'','',0,8,0,0,0,0,0,'f','f',0),
('flowers:geranium',9,1,'',255,1,0,'t','t','f','t','t','f','f','f',0,'','',0,8,0,0,0,0,0,'f','f',0),
('flowers:viola',9,1,'',255,1,0,'t','t','f','t','t','f','f','f',0,'','',0,8,0,0,0,0,0,'f','f',0),
('flowers:dandelion_white',9,1,'',255,1,0,'t','t','f','t','t','f','f','f',0,'','',0,8,0,0,0,0,0,'f','f',0),
('flowers:mushroom_fertile_brown',9,1,'',255,1,0,'t','t','f','t','t','f','t','f',0,'','',0,8,0,0,0,0,0,'f','f',1),
('flowers:mushroom_brown',9,1,'',255,1,0,'t','t','f','t','t','f','t','f',0,'','',0,8,0,0,0,0,0,'f','f',0),
('flowers:mushroom_spores_brown',8,1,'',255,1,4,'t','t','f','t','t','f','t','f',0,'','',0,8,0,0,0,0,0,'f','f',0),
('flowers:mushroom_fertile_red',9,1,'',255,1,0,'t','t','f','t','t','f','t','f',0,'','',0,8,0,0,0,0,0,'f','f',1),
('flowers:mushroom_red',9,1,'',255,1,0,'t','t','f','t','t','f','t','f',0,'','',0,8,0,0,0,0,0,'f','f',0),
('flowers:mushroom_spores_red',8,1,'',255,1,4,'t','t','f','t','t','f','t','f',0,'','',0,8,0,0,0,0,0,'f','f',0),
('farming:wheat_1',9,1,'',255,1,0,'t','f','f','t','t','f','t','f',0,'','',0,8,0,0,0,0,1,'f','f',1),
('farming:wheat_2',9,1,'',255,1,0,'t','f','f','t','t','f','t','f',0,'','',0,8,0,0,0,0,1,'f','f',1),
('farming:wheat_3',9,1,'',255,1,0,'t','f','f','t','t','f','t','f',0,'','',0,8,0,0,0,0,1,'f','f',1),
('farming:wheat_4',9,1,'',255,1,0,'t','f','f','t','t','f','t','f',0,'','',0,8,0,0,0,0,1,'f','f',1),
('farming:wheat_5',9,1,'',255,1,0,'t','f','f','t','t','f','t','f',0,'','',0,8,0,0,0,0,1,'f','f',1),
('farming:wheat_6',9,1,'',255,1,0,'t','f','f','t','t','f','t','f',0,'','',0,8,0,0,0,0,1,'f','f',1),
('farming:wheat_7',9,1,'',255,1,0,'t','f','f','t','t','f','t','f',0,'','',0,8,0,0,0,0,1,'f','f',1),
('farming:wheat_8',9,1,'',255,1,0,'t','f','f','t','t','f','t','f',0,'','',0,8,0,0,0,0,1,'f','f',1),
('farming:cotton_1',9,1,'',255,1,0,'t','f','f','t','t','f','t','f',0,'','',0,8,0,0,0,0,1,'f','f',1),
('farming:cotton_2',9,1,'',255,1,0,'t','f','f','t','t','f','t','f',0,'','',0,8,0,0,0,0,1,'f','f',1),
('farming:cotton_3',9,1,'',255,1,0,'t','f','f','t','t','f','t','f',0,'','',0,8,0,0,0,0,1,'f','f',1),
('farming:cotton_4',9,1,'',255,1,0,'t','f','f','t','t','f','t','f',0,'','',0,8,0,0,0,0,1,'f','f',1),
('farming:cotton_5',9,1,'',255,1,0,'t','f','f','t','t','f','t','f',0,'','',0,8,0,0,0,0,1,'f','f',1),
('farming:cotton_6',9,1,'',255,1,0,'t','f','f','t','t','f','t','f',0,'','',0,8,0,0,0,0,1,'f','f',1),
('farming:cotton_7',9,1,'',255,1,0,'t','f','f','t','t','f','t','f',0,'','',0,8,0,0,0,0,1,'f','f',1),
('farming:cotton_8',9,1,'',255,1,0,'t','f','f','t','t','f','t','f',0,'','',0,8,0,0,0,0,1,'f','f',1);

INSERT INTO itemdefs_sounds (item_name,sound_name,sound_gain,sound_file) VALUES
('default:sapling','footstep',0.35,'default_grass_footstep'),
('default:sapling','dig',0.4,'default_dig_crumbly'),
('default:sapling','dug',0.7,'default_grass_footstep'),
('default:sapling','place',1,'default_place_node'),
('default:junglesapling','footstep',0.35,'default_grass_footstep'),
('default:junglesapling','dig',0.4,'default_dig_crumbly'),
('default:junglesapling','dug',0.7,'default_grass_footstep'),
('default:junglesapling','place',1,'default_place_node'),
('default:pine_sapling','footstep',0.35,'default_grass_footstep'),
('default:pine_sapling','dig',0.4,'default_dig_crumbly'),
('default:pine_sapling','dug',0.7,'default_grass_footstep'),
('default:pine_sapling','place',1,'default_place_node'),
('default:acacia_sapling','footstep',0.35,'default_grass_footstep'),
('default:acacia_sapling','dig',0.4,'default_dig_crumbly'),
('default:acacia_sapling','dug',0.7,'default_grass_footstep'),
('default:acacia_sapling','place',1,'default_place_node'),
('default:dry_shrub','footstep',0.35,'default_grass_footstep'),
('default:dry_shrub','dig',0.4,'default_dig_crumbly'),
('default:dry_shrub','dug',0.7,'default_grass_footstep'),
('default:dry_shrub','place',1,'default_place_node'),
('default:junglegrass','footstep',0.35,'default_grass_footstep'),
('default:junglegrass','dig',0.4,'default_dig_crumbly'),
('default:junglegrass','dug',0.7,'default_grass_footstep'),
('default:junglegrass','place',1,'default_place_node'),
('default:grass_2','footstep',0.35,'default_grass_footstep'),
('default:grass_2','dig',0.4,'default_dig_crumbly'),
('default:grass_2','dug',0.7,'default_grass_footstep'),
('default:grass_2','place',1,'default_place_node'),
('default:grass_3','footstep',0.35,'default_grass_footstep'),
('default:grass_3','dig',0.4,'default_dig_crumbly'),
('default:grass_3','dug',0.7,'default_grass_footstep'),
('default:grass_3','place',1,'default_place_node'),
('default:grass_4','footstep',0.35,'default_grass_footstep'),
('default:grass_4','dig',0.4,'default_dig_crumbly'),
('default:grass_4','dug',0.7,'default_grass_footstep'),
('default:grass_4','place',1,'default_place_node'),
('default:grass_5','footstep',0.35,'default_grass_footstep'),
('default:grass_5','dig',0.4,'default_dig_crumbly'),
('default:grass_5','dug',0.7,'default_grass_footstep'),
('default:grass_5','place',1,'default_place_node'),
('default:dry_grass_2','footstep',0.35,'default_grass_footstep'),
('default:dry_grass_2','dig',0.4,'default_dig_crumbly'),
('default:dry_grass_2','dug',0.7,'default_grass_footstep'),
('default:dry_grass_2','place',1,'default_place_node'),
('default:dry_grass_3','footstep',0.35,'default_grass_footstep'),
('default:dry_grass_3','dig',0.4,'default_dig_crumbly'),
('default:dry_grass_3','dug',0.7,'default_grass_footstep'),
('default:dry_grass_3','place',1,'default_place_node'),
('default:dry_grass_4','footstep',0.35,'default_grass_footstep'),
('default:dry_grass_4','dig',0.4,'default_dig_crumbly'),
('default:dry_grass_4','dug',0.7,'default_grass_footstep'),
('default:dry_grass_4','place',1,'default_place_node'),
('default:dry_grass_5','footstep',0.35,'default_grass_footstep'),
('default:dry_grass_5','dig',0.4,'default_dig_crumbly'),
('default:dry_grass_5','dug',0.7,'default_grass_footstep'),
('default:dry_grass_5','place',1,'default_place_node'),
('default:ladder','footstep',0.5,'default_wood_footstep'),
('default:ladder','dug',1,'default_wood_footstep'),
('default:ladder','place',1,'default_place_node_hard'),
('default:fence_wood','footstep',0.5,'default_wood_footstep'),
('default:fence_wood','dug',1,'default_wood_footstep'),
('default:fence_wood','place',1,'default_place_node_hard'),
('xpanes:pane_1','footstep',0.5,'default_glass_footstep'),
('xpanes:pane_1','dug',1,'default_break_glass'),
('xpanes:pane_1','place',1,'default_place_node_hard'),
('xpanes:pane_2','footstep',0.5,'default_glass_footstep'),
('xpanes:pane_2','dug',1,'default_break_glass'),
('xpanes:pane_2','place',1,'default_place_node_hard'),
('xpanes:pane_3','footstep',0.5,'default_glass_footstep'),
('xpanes:pane_3','dug',1,'default_break_glass'),
('xpanes:pane_3','place',1,'default_place_node_hard'),
('xpanes:pane_4','footstep',0.5,'default_glass_footstep'),
('xpanes:pane_4','dug',1,'default_break_glass'),
('xpanes:pane_4','place',1,'default_place_node_hard'),
('xpanes:pane_5','footstep',0.5,'default_glass_footstep'),
('xpanes:pane_5','dug',1,'default_break_glass'),
('xpanes:pane_5','place',1,'default_place_node_hard'),
('xpanes:pane_6','footstep',0.5,'default_glass_footstep'),
('xpanes:pane_6','dug',1,'default_break_glass'),
('xpanes:pane_6','place',1,'default_place_node_hard'),
('xpanes:pane_7','footstep',0.5,'default_glass_footstep'),
('xpanes:pane_7','dug',1,'default_break_glass'),
('xpanes:pane_7','place',1,'default_place_node_hard'),
('xpanes:pane_8','footstep',0.5,'default_glass_footstep'),
('xpanes:pane_8','dug',1,'default_break_glass'),
('xpanes:pane_8','place',1,'default_place_node_hard'),
('xpanes:pane_9','footstep',0.5,'default_glass_footstep'),
('xpanes:pane_9','dug',1,'default_break_glass'),
('xpanes:pane_9','place',1,'default_place_node_hard'),
('xpanes:pane_10','footstep',0.5,'default_glass_footstep'),
('xpanes:pane_10','dug',1,'default_break_glass'),
('xpanes:pane_10','place',1,'default_place_node_hard'),
('xpanes:pane_11','footstep',0.5,'default_glass_footstep'),
('xpanes:pane_11','dug',1,'default_break_glass'),
('xpanes:pane_11','place',1,'default_place_node_hard'),
('xpanes:pane_12','footstep',0.5,'default_glass_footstep'),
('xpanes:pane_12','dug',1,'default_break_glass'),
('xpanes:pane_12','place',1,'default_place_node_hard'),
('xpanes:pane_13','footstep',0.5,'default_glass_footstep'),
('xpanes:pane_13','dug',1,'default_break_glass'),
('xpanes:pane_13','place',1,'default_place_node_hard'),
('xpanes:pane_14','footstep',0.5,'default_glass_footstep'),
('xpanes:pane_14','dug',1,'default_break_glass'),
('xpanes:pane_14','place',1,'default_place_node_hard'),
('xpanes:pane_15','footstep',0.5,'default_glass_footstep'),
('xpanes:pane_15','dug',1,'default_break_glass'),
('xpanes:pane_15','place',1,'default_place_node_hard'),
('xpanes:bar_1','footstep',0.5,'default_hard_footstep'),
('xpanes:bar_1','dug',1,'default_hard_footstep'),
('xpanes:bar_1','place',1,'default_place_node_hard'),
('xpanes:bar_2','footstep',0.5,'default_hard_footstep'),
('xpanes:bar_2','dug',1,'default_hard_footstep'),
('xpanes:bar_2','place',1,'default_place_node_hard'),
('xpanes:bar_3','footstep',0.5,'default_hard_footstep'),
('xpanes:bar_3','dug',1,'default_hard_footstep'),
('xpanes:bar_3','place',1,'default_place_node_hard'),
('xpanes:bar_4','footstep',0.5,'default_hard_footstep'),
('xpanes:bar_4','dug',1,'default_hard_footstep'),
('xpanes:bar_4','place',1,'default_place_node_hard'),
('xpanes:bar_5','footstep',0.5,'default_hard_footstep'),
('xpanes:bar_5','dug',1,'default_hard_footstep'),
('xpanes:bar_5','place',1,'default_place_node_hard'),
('xpanes:bar_6','footstep',0.5,'default_hard_footstep'),
('xpanes:bar_6','dug',1,'default_hard_footstep'),
('xpanes:bar_6','place',1,'default_place_node_hard'),
('xpanes:bar_7','footstep',0.5,'default_hard_footstep'),
('xpanes:bar_7','dug',1,'default_hard_footstep'),
('xpanes:bar_7','place',1,'default_place_node_hard'),
('xpanes:bar_8','footstep',0.5,'default_hard_footstep'),
('xpanes:bar_8','dug',1,'default_hard_footstep'),
('xpanes:bar_8','place',1,'default_place_node_hard'),
('xpanes:bar_9','footstep',0.5,'default_hard_footstep'),
('xpanes:bar_9','dug',1,'default_hard_footstep'),
('xpanes:bar_9','place',1,'default_place_node_hard'),
('xpanes:bar_10','footstep',0.5,'default_hard_footstep'),
('xpanes:bar_10','dug',1,'default_hard_footstep'),
('xpanes:bar_10','place',1,'default_place_node_hard'),
('xpanes:bar_11','footstep',0.5,'default_hard_footstep'),
('xpanes:bar_11','dug',1,'default_hard_footstep'),
('xpanes:bar_11','place',1,'default_place_node_hard'),
('xpanes:bar_12','footstep',0.5,'default_hard_footstep'),
('xpanes:bar_12','dug',1,'default_hard_footstep'),
('xpanes:bar_12','place',1,'default_place_node_hard'),
('xpanes:bar_13','footstep',0.5,'default_hard_footstep'),
('xpanes:bar_13','dug',1,'default_hard_footstep'),
('xpanes:bar_13','place',1,'default_place_node_hard'),
('xpanes:bar_14','footstep',0.5,'default_hard_footstep'),
('xpanes:bar_14','dug',1,'default_hard_footstep'),
('xpanes:bar_14','place',1,'default_place_node_hard'),
('xpanes:bar_15','footstep',0.5,'default_hard_footstep'),
('xpanes:bar_15','dug',1,'default_hard_footstep'),
('xpanes:bar_15','place',1,'default_place_node_hard'),
('vessels:glass_bottle','footstep',0.5,'default_glass_footstep'),
('vessels:glass_bottle','dug',1,'default_break_glass'),
('vessels:glass_bottle','place',1,'default_place_node_hard'),
('vessels:drinking_glass','footstep',0.5,'default_glass_footstep'),
('vessels:drinking_glass','dug',1,'default_break_glass'),
('vessels:drinking_glass','place',1,'default_place_node_hard'),
('vessels:steel_bottle','footstep',1,''),
('vessels:steel_bottle','dug',0.25,'default_dug_node'),
('vessels:steel_bottle','place',1,'default_place_node_hard'),
('flowers:rose','footstep',0.35,'default_grass_footstep'),
('flowers:rose','dig',0.4,'default_dig_crumbly'),
('flowers:rose','dug',0.7,'default_grass_footstep'),
('flowers:rose','place',1,'default_place_node'),
('flowers:tulip','footstep',0.35,'default_grass_footstep'),
('flowers:tulip','dig',0.4,'default_dig_crumbly'),
('flowers:tulip','dug',0.7,'default_grass_footstep'),
('flowers:tulip','place',1,'default_place_node'),
('flowers:dandelion_yellow','footstep',0.35,'default_grass_footstep'),
('flowers:dandelion_yellow','dig',0.4,'default_dig_crumbly'),
('flowers:dandelion_yellow','dug',0.7,'default_grass_footstep'),
('flowers:dandelion_yellow','place',1,'default_place_node'),
('flowers:geranium','footstep',0.35,'default_grass_footstep'),
('flowers:geranium','dig',0.4,'default_dig_crumbly'),
('flowers:geranium','dug',0.7,'default_grass_footstep'),
('flowers:geranium','place',1,'default_place_node'),
('flowers:viola','footstep',0.35,'default_grass_footstep'),
('flowers:viola','dig',0.4,'default_dig_crumbly'),
('flowers:viola','dug',0.7,'default_grass_footstep'),
('flowers:viola','place',1,'default_place_node'),
('flowers:dandelion_white','footstep',0.35,'default_grass_footstep'),
('flowers:dandelion_white','dig',0.4,'default_dig_crumbly'),
('flowers:dandelion_white','dug',0.7,'default_grass_footstep'),
('flowers:dandelion_white','place',1,'default_place_node'),
('flowers:mushroom_fertile_brown','footstep',0.35,'default_grass_footstep'),
('flowers:mushroom_fertile_brown','dig',0.4,'default_dig_crumbly'),
('flowers:mushroom_fertile_brown','dug',0.7,'default_grass_footstep'),
('flowers:mushroom_fertile_brown','place',1,'default_place_node'),
('flowers:mushroom_brown','footstep',0.35,'default_grass_footstep'),
('flowers:mushroom_brown','dig',0.4,'default_dig_crumbly'),
('flowers:mushroom_brown','dug',0.7,'default_grass_footstep'),
('flowers:mushroom_brown','place',1,'default_place_node'),
('flowers:mushroom_fertile_red','footstep',0.35,'default_grass_footstep'),
('flowers:mushroom_fertile_red','dig',0.4,'default_dig_crumbly'),
('flowers:mushroom_fertile_red','dug',0.7,'default_grass_footstep'),
('flowers:mushroom_fertile_red','place',1,'default_place_node'),
('flowers:mushroom_red','footstep',0.35,'default_grass_footstep'),
('flowers:mushroom_red','dig',0.4,'default_dig_crumbly'),
('flowers:mushroom_red','dug',0.7,'default_grass_footstep'),
('flowers:mushroom_red','place',1,'default_place_node'),
('farming:wheat_1','footstep',0.35,'default_grass_footstep'),
('farming:wheat_1','dig',0.4,'default_dig_crumbly'),
('farming:wheat_1','dug',0.7,'default_grass_footstep'),
('farming:wheat_1','place',1,'default_place_node'),
('farming:wheat_2','footstep',0.35,'default_grass_footstep'),
('farming:wheat_2','dig',0.4,'default_dig_crumbly'),
('farming:wheat_2','dug',0.7,'default_grass_footstep'),
('farming:wheat_2','place',1,'default_place_node'),
('farming:wheat_3','footstep',0.35,'default_grass_footstep'),
('farming:wheat_3','dig',0.4,'default_dig_crumbly'),
('farming:wheat_3','dug',0.7,'default_grass_footstep'),
('farming:wheat_3','place',1,'default_place_node'),
('farming:wheat_4','footstep',0.35,'default_grass_footstep'),
('farming:wheat_4','dig',0.4,'default_dig_crumbly'),
('farming:wheat_4','dug',0.7,'default_grass_footstep'),
('farming:wheat_4','place',1,'default_place_node'),
('farming:wheat_5','footstep',0.35,'default_grass_footstep'),
('farming:wheat_5','dig',0.4,'default_dig_crumbly'),
('farming:wheat_5','dug',0.7,'default_grass_footstep'),
('farming:wheat_5','place',1,'default_place_node'),
('farming:wheat_6','footstep',0.35,'default_grass_footstep'),
('farming:wheat_6','dig',0.4,'default_dig_crumbly'),
('farming:wheat_6','dug',0.7,'default_grass_footstep'),
('farming:wheat_6','place',1,'default_place_node'),
('farming:wheat_7','footstep',0.35,'default_grass_footstep'),
('farming:wheat_7','dig',0.4,'default_dig_crumbly'),
('farming:wheat_7','dug',0.7,'default_grass_footstep'),
('farming:wheat_7','place',1,'default_place_node'),
('farming:wheat_8','footstep',0.35,'default_grass_footstep'),
('farming:wheat_8','dig',0.4,'default_dig_crumbly'),
('farming:wheat_8','dug',0.7,'default_grass_footstep'),
('farming:wheat_8','place',1,'default_place_node'),
('farming:cotton_1','footstep',0.35,'default_grass_footstep'),
('farming:cotton_1','dig',0.4,'default_dig_crumbly'),
('farming:cotton_1','dug',0.7,'default_grass_footstep'),
('farming:cotton_1','place',1,'default_place_node'),
('farming:cotton_2','footstep',0.35,'default_grass_footstep'),
('farming:cotton_2','dig',0.4,'default_dig_crumbly'),
('farming:cotton_2','dug',0.7,'default_grass_footstep'),
('farming:cotton_2','place',1,'default_place_node'),
('farming:cotton_3','footstep',0.35,'default_grass_footstep'),
('farming:cotton_3','dig',0.4,'default_dig_crumbly'),
('farming:cotton_3','dug',0.7,'default_grass_footstep'),
('farming:cotton_3','place',1,'default_place_node'),
('farming:cotton_4','footstep',0.35,'default_grass_footstep'),
('farming:cotton_4','dig',0.4,'default_dig_crumbly'),
('farming:cotton_4','dug',0.7,'default_grass_footstep'),
('farming:cotton_4','place',1,'default_place_node'),
('farming:cotton_5','footstep',0.35,'default_grass_footstep'),
('farming:cotton_5','dig',0.4,'default_dig_crumbly'),
('farming:cotton_5','dug',0.7,'default_grass_footstep'),
('farming:cotton_5','place',1,'default_place_node'),
('farming:cotton_6','footstep',0.35,'default_grass_footstep'),
('farming:cotton_6','dig',0.4,'default_dig_crumbly'),
('farming:cotton_6','dug',0.7,'default_grass_footstep'),
('farming:cotton_6','place',1,'default_place_node'),
('farming:cotton_7','footstep',0.35,'default_grass_footstep'),
('farming:cotton_7','dig',0.4,'default_dig_crumbly'),
('farming:cotton_7','dug',0.7,'default_grass_footstep'),
('farming:cotton_7','place',1,'default_place_node'),
('farming:cotton_8','footstep',0.35,'default_grass_footstep'),
('farming:cotton_8','dig',0.4,'default_dig_crumbly'),
('farming:cotton_8','dug',0.7,'default_grass_footstep'),
('farming:cotton_8','place',1,'default_place_node');

INSERT INTO itemdefs_nodes_drops (item_name,drop_name,drop_rarity) VALUES
('xpanes:pane_1','xpanes:pane',1),
('xpanes:pane_2','xpanes:pane',1),
('xpanes:pane_3','xpanes:pane',1),
('xpanes:pane_4','xpanes:pane',1),
('xpanes:pane_5','xpanes:pane',1),
('xpanes:pane_6','xpanes:pane',1),
('xpanes:pane_7','xpanes:pane',1),
('xpanes:pane_8','xpanes:pane',1),
('xpanes:pane_9','xpanes:pane',1),
('xpanes:pane_10','xpanes:pane',1),
('xpanes:pane_11','xpanes:pane',1),
('xpanes:pane_12','xpanes:pane',1),
('xpanes:pane_13','xpanes:pane',1),
('xpanes:pane_14','xpanes:pane',1),
('xpanes:pane_15','xpanes:pane',1),
('xpanes:bar_1','xpanes:bar',1),
('xpanes:bar_2','xpanes:bar',1),
('xpanes:bar_3','xpanes:bar',1),
('xpanes:bar_4','xpanes:bar',1),
('xpanes:bar_5','xpanes:bar',1),
('xpanes:bar_6','xpanes:bar',1),
('xpanes:bar_7','xpanes:bar',1),
('xpanes:bar_8','xpanes:bar',1),
('xpanes:bar_9','xpanes:bar',1),
('xpanes:bar_10','xpanes:bar',1),
('xpanes:bar_11','xpanes:bar',1),
('xpanes:bar_12','xpanes:bar',1),
('xpanes:bar_13','xpanes:bar',1),
('xpanes:bar_14','xpanes:bar',1),
('xpanes:bar_15','xpanes:bar',1),
('flowers:mushroom_fertile_brown','flowers:mushroom_brown',1),
('flowers:mushroom_fertile_brown','flowers:mushroom_spores_brown',4),
('flowers:mushroom_fertile_red','flowers:mushroom_red',1),
('flowers:mushroom_fertile_red','flowers:mushroom_spores_red',4),
('default:grass_1','farming:seed_wheat',5),
('default:grass_1','default:grass_1',1),
('default:grass_2','farming:seed_wheat',5),
('default:grass_2','default:grass_1',1),
('default:grass_3','farming:seed_wheat',5),
('default:grass_3','default:grass_1',1),
('default:grass_4','farming:seed_wheat',5),
('default:grass_4','default:grass_1',1),
('default:grass_5','farming:seed_wheat',5),
('default:grass_5','default:grass_1',1),
('default:junglegrass','farming:seed_cotton',8),
('default:junglegrass','default:junglegrass',1),
('farming:wheat_1','farming:wheat',16),
('farming:wheat_1','farming:seed_wheat',16),
('farming:wheat_2','farming:wheat',14),
('farming:wheat_2','farming:seed_wheat',14),
('farming:wheat_3','farming:wheat',12),
('farming:wheat_3','farming:seed_wheat',12),
('farming:wheat_4','farming:wheat',10),
('farming:wheat_4','farming:seed_wheat',10),
('farming:wheat_5','farming:wheat',8),
('farming:wheat_5','farming:seed_wheat',8),
('farming:wheat_6','farming:wheat',6),
('farming:wheat_6','farming:seed_wheat',6),
('farming:wheat_7','farming:wheat',4),
('farming:wheat_7','farming:seed_wheat',4),
('farming:wheat_8','farming:wheat',2),
('farming:wheat_8','farming:seed_wheat',2),
('farming:cotton_1','farming:cotton',16),
('farming:cotton_1','farming:seed_cotton',16),
('farming:cotton_2','farming:cotton',14),
('farming:cotton_2','farming:seed_cotton',14),
('farming:cotton_3','farming:cotton',12),
('farming:cotton_3','farming:seed_cotton',12),
('farming:cotton_4','farming:cotton',10),
('farming:cotton_4','farming:seed_cotton',10),
('farming:cotton_5','farming:cotton',8),
('farming:cotton_5','farming:seed_cotton',8),
('farming:cotton_6','farming:cotton',6),
('farming:cotton_6','farming:seed_cotton',6),
('farming:cotton_7','farming:cotton',4),
('farming:cotton_7','farming:seed_cotton',4),
('farming:cotton_8','farming:cotton',2),
('farming:cotton_8','farming:seed_cotton',2);

INSERT INTO itemdefs_nodeboxes (item_name,nodebox_type,collisionbox_type,selectionbox_type) VALUES
('default:sapling',0,0,1),
('default:junglesapling',0,0,1),
('default:pine_sapling',0,0,1),
('default:acacia_sapling',0,0,1),
('default:dry_shrub',0,0,1),
('default:junglegrass',0,0,1),
('default:grass_2',0,0,1),
('default:grass_3',0,0,1),
('default:grass_4',0,0,1),
('default:grass_5',0,0,1),
('default:dry_grass_2',0,0,1),
('default:dry_grass_3',0,0,1),
('default:dry_grass_4',0,0,1),
('default:dry_grass_5',0,0,1),
('default:ladder',0,0,2),
('default:fence_wood',0,0,1),
('default:rail',0,0,1),
('xpanes:pane_1',1,0,1),
('xpanes:pane_2',1,0,1),
('xpanes:pane_3',1,0,1),
('xpanes:pane_4',1,0,1),
('xpanes:pane_5',1,0,1),
('xpanes:pane_6',1,0,1),
('xpanes:pane_7',1,0,1),
('xpanes:pane_8',1,0,1),
('xpanes:pane_9',1,0,1),
('xpanes:pane_10',1,0,1),
('xpanes:pane_11',1,0,1),
('xpanes:pane_12',1,0,1),
('xpanes:pane_13',1,0,1),
('xpanes:pane_14',1,0,1),
('xpanes:pane_15',1,0,1),
('xpanes:bar_1',1,0,1),
('xpanes:bar_2',1,0,1),
('xpanes:bar_3',1,0,1),
('xpanes:bar_4',1,0,1),
('xpanes:bar_5',1,0,1),
('xpanes:bar_6',1,0,1),
('xpanes:bar_7',1,0,1),
('xpanes:bar_8',1,0,1),
('xpanes:bar_9',1,0,1),
('xpanes:bar_10',1,0,1),
('xpanes:bar_11',1,0,1),
('xpanes:bar_12',1,0,1),
('xpanes:bar_13',1,0,1),
('xpanes:bar_14',1,0,1),
('xpanes:bar_15',1,0,1),
('vessels:glass_bottle',0,0,1),
('vessels:drinking_glass',0,0,1),
('vessels:steel_bottle',0,0,1),
('flowers:rose',0,0,1),
('flowers:tulip',0,0,1),
('flowers:dandelion_yellow',0,0,1),
('flowers:geranium',0,0,1),
('flowers:viola',0,0,1),
('flowers:dandelion_white',0,0,1),
('flowers:mushroom_fertile_brown',0,0,1),
('flowers:mushroom_brown',0,0,1),
('flowers:mushroom_spores_brown',0,0,2),
('flowers:mushroom_fertile_red',0,0,1),
('flowers:mushroom_red',0,0,1),
('flowers:mushroom_spores_red',0,0,2),
('farming:wheat_1',0,0,1),
('farming:wheat_2',0,0,1),
('farming:wheat_3',0,0,1),
('farming:wheat_4',0,0,1),
('farming:wheat_5',0,0,1),
('farming:wheat_6',0,0,1),
('farming:wheat_7',0,0,1),
('farming:wheat_8',0,0,1),
('farming:cotton_1',0,0,1),
('farming:cotton_2',0,0,1),
('farming:cotton_3',0,0,1),
('farming:cotton_4',0,0,1),
('farming:cotton_5',0,0,1),
('farming:cotton_6',0,0,1),
('farming:cotton_7',0,0,1),
('farming:cotton_8',0,0,1);

INSERT INTO itemdefs_nodeboxes_components (item_name,nodebox_id,minedge_x,minedge_y,minedge_z,maxedge_x,maxedge_y,maxedge_z) VALUES
('default:sapling',3,-3,-5,-3,3,3.5,3),
('default:junglesapling',3,-3,-5,-3,3,3.5,3),
('default:pine_sapling',3,-3,-5,-3,3,3.5,3),
('default:acacia_sapling',3,-3,-5,-3,3,3.5,3),
('default:dry_shrub',3,-5,-5,-5,5,-3.125,5),
('default:junglegrass',3,-5,-5,-5,5,-3.125,5),
('default:grass_2',3,-5,-5,-5,5,-3.125,5),
('default:grass_3',3,-5,-5,-5,5,-3.125,5),
('default:grass_4',3,-5,-5,-5,5,-3.125,5),
('default:grass_5',3,-5,-5,-5,5,-3.125,5),
('default:dry_grass_2',3,-5,-5,-5,5,-3.125,5),
('default:dry_grass_3',3,-5,-5,-5,5,-3.125,5),
('default:dry_grass_4',3,-5,-5,-5,5,-3.125,5),
('default:dry_grass_5',3,-5,-5,-5,5,-3.125,5),
('default:fence_wood',3,-1.42857,-5,-1.42857,1.42857,5,1.42857),
('default:rail',3,-5,-5,-5,5,-4.375,5),
('xpanes:pane_1',1,0,-5,-0.3125,5,5,0.3125),
('xpanes:pane_1',3,0,-5,-0.6,5,5,0.6),
('xpanes:pane_2',1,-0.3125,-5,0,0.3125,5,5),
('xpanes:pane_2',3,-0.6,-5,0,0.6,5,5),
('xpanes:pane_3',1,0,-5,-0.3125,5,5,0.3125),
('xpanes:pane_3',1,-0.3125,-5,0,0.3125,5,5),
('xpanes:pane_3',3,0,-5,-0.6,5,5,0.6),
('xpanes:pane_3',3,-0.6,-5,0,0.6,5,5),
('xpanes:pane_4',1,-5,-5,-0.3125,0,5,0.3125),
('xpanes:pane_4',3,-5,-5,-0.6,0,5,0.6),
('xpanes:pane_5',1,-5,-5,-0.3125,5,5,0.3125),
('xpanes:pane_5',3,-5,-5,-0.6,5,5,0.6),
('xpanes:pane_6',1,-0.3125,-5,0,0.3125,5,5),
('xpanes:pane_6',1,-5,-5,-0.3125,0,5,0.3125),
('xpanes:pane_6',3,-0.6,-5,0,0.6,5,5),
('xpanes:pane_6',3,-5,-5,-0.6,0,5,0.6),
('xpanes:pane_7',1,-5,-5,-0.3125,5,5,0.3125),
('xpanes:pane_7',1,-0.3125,-5,0,0.3125,5,5),
('xpanes:pane_7',3,-5,-5,-0.6,5,5,0.6),
('xpanes:pane_7',3,-0.6,-5,0,0.6,5,5),
('xpanes:pane_8',1,-0.3125,-5,-5,0.3125,5,0),
('xpanes:pane_8',3,-0.6,-5,-5,0.6,5,0),
('xpanes:pane_9',1,0,-5,-0.3125,5,5,0.3125),
('xpanes:pane_9',1,-0.3125,-5,-5,0.3125,5,0),
('xpanes:pane_9',3,0,-5,-0.6,5,5,0.6),
('xpanes:pane_9',3,-0.6,-5,-5,0.6,5,0),
('xpanes:pane_10',1,-0.3125,-5,-5,0.3125,5,5),
('xpanes:pane_10',3,-0.6,-5,-5,0.6,5,5),
('xpanes:pane_11',1,-0.3125,-5,-5,0.3125,5,5),
('xpanes:pane_11',1,0,-5,-0.3125,5,5,0.3125),
('xpanes:pane_11',3,-0.6,-5,-5,0.6,5,5),
('xpanes:pane_11',3,0,-5,-0.6,5,5,0.6),
('xpanes:pane_12',1,-5,-5,-0.3125,0,5,0.3125),
('xpanes:pane_12',1,-0.3125,-5,-5,0.3125,5,0),
('xpanes:pane_12',3,-5,-5,-0.6,0,5,0.6),
('xpanes:pane_12',3,-0.6,-5,-5,0.6,5,0),
('xpanes:pane_13',1,-5,-5,-0.3125,5,5,0.3125),
('xpanes:pane_13',1,-0.3125,-5,-5,0.3125,5,0),
('xpanes:pane_13',3,-5,-5,-0.6,5,5,0.6),
('xpanes:pane_13',3,-0.6,-5,-5,0.6,5,0),
('xpanes:pane_14',1,-0.3125,-5,-5,0.3125,5,5),
('xpanes:pane_14',1,-5,-5,-0.3125,0,5,0.3125),
('xpanes:pane_14',3,-0.6,-5,-5,0.6,5,5),
('xpanes:pane_14',3,-5,-5,-0.6,0,5,0.6),
('xpanes:pane_15',1,-5,-5,-0.3125,5,5,0.3125),
('xpanes:pane_15',1,-0.3125,-5,-5,0.3125,5,5),
('xpanes:pane_15',3,-5,-5,-0.6,5,5,0.6),
('xpanes:pane_15',3,-0.6,-5,-5,0.6,5,5),
('xpanes:bar_1',1,0,-5,-0.3125,5,5,0.3125),
('xpanes:bar_1',3,0,-5,-0.6,5,5,0.6),
('xpanes:bar_2',1,-0.3125,-5,0,0.3125,5,5),
('xpanes:bar_2',3,-0.6,-5,0,0.6,5,5),
('xpanes:bar_3',1,0,-5,-0.3125,5,5,0.3125),
('xpanes:bar_3',1,-0.3125,-5,0,0.3125,5,5),
('xpanes:bar_3',3,0,-5,-0.6,5,5,0.6),
('xpanes:bar_3',3,-0.6,-5,0,0.6,5,5),
('xpanes:bar_4',1,-5,-5,-0.3125,0,5,0.3125),
('xpanes:bar_4',3,-5,-5,-0.6,0,5,0.6),
('xpanes:bar_5',1,-5,-5,-0.3125,5,5,0.3125),
('xpanes:bar_5',3,-5,-5,-0.6,5,5,0.6),
('xpanes:bar_6',1,-0.3125,-5,0,0.3125,5,5),
('xpanes:bar_6',1,-5,-5,-0.3125,0,5,0.3125),
('xpanes:bar_6',3,-0.6,-5,0,0.6,5,5),
('xpanes:bar_6',3,-5,-5,-0.6,0,5,0.6),
('xpanes:bar_7',1,-5,-5,-0.3125,5,5,0.3125),
('xpanes:bar_7',1,-0.3125,-5,0,0.3125,5,5),
('xpanes:bar_7',3,-5,-5,-0.6,5,5,0.6),
('xpanes:bar_7',3,-0.6,-5,0,0.6,5,5),
('xpanes:bar_8',1,-0.3125,-5,-5,0.3125,5,0),
('xpanes:bar_8',3,-0.6,-5,-5,0.6,5,0),
('xpanes:bar_9',1,0,-5,-0.3125,5,5,0.3125),
('xpanes:bar_9',1,-0.3125,-5,-5,0.3125,5,0),
('xpanes:bar_9',3,0,-5,-0.6,5,5,0.6),
('xpanes:bar_9',3,-0.6,-5,-5,0.6,5,0),
('xpanes:bar_10',1,-0.3125,-5,-5,0.3125,5,5),
('xpanes:bar_10',3,-0.6,-5,-5,0.6,5,5),
('xpanes:bar_11',1,-0.3125,-5,-5,0.3125,5,5),
('xpanes:bar_11',1,0,-5,-0.3125,5,5,0.3125),
('xpanes:bar_11',3,-0.6,-5,-5,0.6,5,5),
('xpanes:bar_11',3,0,-5,-0.6,5,5,0.6),
('xpanes:bar_12',1,-5,-5,-0.3125,0,5,0.3125),
('xpanes:bar_12',1,-0.3125,-5,-5,0.3125,5,0),
('xpanes:bar_12',3,-5,-5,-0.6,0,5,0.6),
('xpanes:bar_12',3,-0.6,-5,-5,0.6,5,0),
('xpanes:bar_13',1,-5,-5,-0.3125,5,5,0.3125),
('xpanes:bar_13',1,-0.3125,-5,-5,0.3125,5,0),
('xpanes:bar_13',3,-5,-5,-0.6,5,5,0.6),
('xpanes:bar_13',3,-0.6,-5,-5,0.6,5,0),
('xpanes:bar_14',1,-0.3125,-5,-5,0.3125,5,5),
('xpanes:bar_14',1,-5,-5,-0.3125,0,5,0.3125),
('xpanes:bar_14',3,-0.6,-5,-5,0.6,5,5),
('xpanes:bar_14',3,-5,-5,-0.6,0,5,0.6),
('xpanes:bar_15',1,-5,-5,-0.3125,5,5,0.3125),
('xpanes:bar_15',1,-0.3125,-5,-5,0.3125,5,5),
('xpanes:bar_15',3,-5,-5,-0.6,5,5,0.6),
('xpanes:bar_15',3,-0.6,-5,-5,0.6,5,5),
('vessels:glass_bottle',3,-2.5,-5,-2.5,2.5,4,2.5),
('vessels:drinking_glass',3,-2.5,-5,-2.5,2.5,4,2.5),
('vessels:steel_bottle',3,-2.5,-5,-2.5,2.5,4,2.5),
('flowers:rose',3,-1.5,-5,-1.5,1.5,3,1.5),
('flowers:tulip',3,-1.5,-5,-1.5,1.5,2,1.5),
('flowers:dandelion_yellow',3,-1.5,-5,-1.5,1.5,2,1.5),
('flowers:geranium',3,-1.5,-5,-1.5,1.5,2,1.5),
('flowers:viola',3,-5,-5,-5,5,-2,5),
('flowers:dandelion_white',3,-5,-5,-5,5,-2,5),
('flowers:mushroom_fertile_brown',3,-3,-5,-3,3,0,3),
('flowers:mushroom_brown',3,-3,-5,-3,3,0,3),
('flowers:mushroom_fertile_red',3,-3,-5,-3,3,0,3),
('flowers:mushroom_red',3,-3,-5,-3,3,0,3),
('farming:wheat_1',3,-5,-5,-5,5,-3.125,5),
('farming:wheat_2',3,-5,-5,-5,5,-3.125,5),
('farming:wheat_3',3,-5,-5,-5,5,-3.125,5),
('farming:wheat_4',3,-5,-5,-5,5,-3.125,5),
('farming:wheat_5',3,-5,-5,-5,5,-3.125,5),
('farming:wheat_6',3,-5,-5,-5,5,-3.125,5),
('farming:wheat_7',3,-5,-5,-5,5,-3.125,5),
('farming:wheat_8',3,-5,-5,-5,5,-3.125,5),
('farming:cotton_1',3,-5,-5,-5,5,-3.125,5),
('farming:cotton_2',3,-5,-5,-5,5,-3.125,5),
('farming:cotton_3',3,-5,-5,-5,5,-3.125,5),
('farming:cotton_4',3,-5,-5,-5,5,-3.125,5),
('farming:cotton_5',3,-5,-5,-5,5,-3.125,5),
('farming:cotton_6',3,-5,-5,-5,5,-3.125,5),
('farming:cotton_7',3,-5,-5,-5,5,-3.125,5),
('farming:cotton_8',3,-5,-5,-5,5,-3.125,5),
('default:ladder',31,-5,-5,-5,5,-4.375,5),
('default:ladder',32,-5,-5,-5,-4.375,5,5),
('default:ladder',33,-5,4.375,-5,5,5,5),
('flowers:mushroom_spores_brown',31,-5,-5,-5,5,-4.375,5),
('flowers:mushroom_spores_brown',32,-5,-5,-5,-4.375,5,5),
('flowers:mushroom_spores_brown',33,-5,4.375,-5,5,5,5),
('flowers:mushroom_spores_red',31,-5,-5,-5,5,-4.375,5),
('flowers:mushroom_spores_red',32,-5,-5,-5,-4.375,5,5),
('flowers:mushroom_spores_red',33,-5,4.375,-5,5,5,5);

INSERT INTO itemdefs_eat(name, eat_amount) VALUES
('flowers:mushroom_fertile_brown',2),
('flowers:mushroom_fertile_red',-6),
('flowers:mushroom_brown',2),
('flowers:mushroom_red',-6);

ALTER TABLE itemdefs_nodes ADD COLUMN droppable BOOLEAN NOT NULL DEFAULT 't';
UPDATE itemdefs_nodes SET droppable = 'f' WHERE item_name IN ('default:glass','default:obsidian_glass','xpanes:pane_1',
'xpanes:pane_2','xpanes:pane_3','xpanes:pane_4','xpanes:pane_5','xpanes:pane_6','xpanes:pane_7','xpanes:pane_8',
'xpanes:pane_9','xpanes:pane_10','xpanes:pane_11','xpanes:pane_12','xpanes:pane_13','xpanes:pane_14','xpanes:pane_15');

UPDATE dbversion SET version = 36  WHERE dbname = 'game';

-- DBv37
INSERT INTO creaturedefs (name,creaturetype,attacktype,collisionbox1,collisionbox2,collisionbox3,collisionbox4,collisionbox5,collisionbox6,
viewrange,canjump,damage_min,loot_table,min_hp,max_hp,armor,xp_min,xp_max) VALUES
('mobs:creeper',2,1,-0.4,-1,-0.4,0.4,0.8,0.4,16,'t',0,17,30,40,90,50,105);

INSERT INTO creaturedefs_animationinfos (name,speed_normal,stand_start,stand_end,walk_start,walk_end,run_start,run_end,speed_run,
punch_start,punch_end) VALUES
('mobs:creeper',15,0,24,25,47,48,62,15,48,62);

INSERT INTO creaturedefs_damages (name,damage_light,damage_water,damage_lava) VALUES
('mobs:creeper',0,2,15);

INSERT INTO creaturedefs_loot (id,item,chance,mindrops,maxdrops) VALUES
(17,'default:torch',10,3,5),
(17,'default:iron_lump',5,1,2),
(17,'default:coal_lump',3,1,3);

INSERT INTO creaturedefs_meshes (name,mesh,mesh_variation) VALUES
('mobs:creeper','mobs_tree_monster.b3d',1);

INSERT INTO creaturedefs_sounds (name,sound_random) VALUES
('mobs:creeper','mobs_treemonster');

INSERT INTO creaturedefs_textures (name,texture) VALUES
('mobs:creeper','mobs_creeper.png');

INSERT INTO creaturedefs_spawning_abms (name,interval,chance,min_light,max_light,max_count_per_area,min_height,max_height) VALUES
('mobs:creeper',30.0,20000,0,22,1,-31000,31000);

INSERT INTO creaturedefs_spawning_nodes (name,nodename) VALUES
('mobs:creeper','default:dirt_with_grass'),
('mobs:creeper','default:dirt'),
('mobs:creeper','default:stone'),
('mobs:creeper','default:cobblestone');

INSERT INTO craft_shapeless (craftoutput, recipe1, recipe2) VALUES
('tnt:gunpowder','default:coal_lump','default:gravel');

INSERT INTO craft_shaped (craftoutput,craftwidth,recipe1,recipe2,recipe3,recipe4,recipe5,recipe6,recipe7,recipe8,recipe9) VALUES
('tnt:tnt',3,'','group:wood','','group:wood','tnt:gunpowder','group:wood','','group:wood','');

UPDATE dbversion SET version = 37  WHERE dbname = 'game';

CREATE TABLE spelldefs (
    name TEXT NOT NULL,
    visual TEXT NOT NULL,
    visual_size_x NUMERIC(14,6) NOT NULL,
    visual_size_y NUMERIC(14,6) NOT NULL,
    texture TEXT NOT NULL,
    max_range NUMERIC(14,6) NOT NULL DEFAULT '15.0',
    timer NUMERIC(14,6) NOT NULL DEFAULT '2.0',
    velocity NUMERIC(14,6) NOT NULL,
    damages_player INT NOT NULL DEFAULT '0',
    damages_npc INT NOT NULL DEFAULT '0',
    damagegroup INT NOT NULL DEFAULT '0',
    damages_nodes_radius INT NOT NULL DEFAULT '0',
    PRIMARY KEY (name)
);

CREATE TABLE creaturedefs_spells (
    creature_name TEXT NOT NULL,
    spell_name TEXT NOT NULL,
    PRIMARY KEY (creature_name, spell_name)
);

INSERT INTO spelldefs (name,visual,visual_size_x,visual_size_y,texture,velocity,damages_player,damages_npc,damagegroup,
damages_nodes_radius,timer) VALUES
('spell:fireball','sprite',1,1,'mobs_fireball.png',8,1,1,0,1,2),
('spell:mese_arrow','sprite',0.5,0.5,'default_mese_crystal_fragment.png',8,2,2,0,0,2),
('spell:snowball','sprite',0.5,0.5,'default_snowball.png',8,6,3,0,0,0.75);

INSERT INTO creaturedefs_spells (creature_name, spell_name) VALUES
('mobs:dungeon_master','spell:fireball'),
('mobs:mese_monster','spell:mese_arrow'),
('mobs:yeti','spell:snowball');

INSERT INTO creaturedefs (name,creaturetype,attacktype,collisionbox1,collisionbox2,collisionbox3,collisionbox4,collisionbox5,collisionbox6,
viewrange,canjump,damage_min,loot_table,min_hp,max_hp,armor,xp_min,xp_max,visualsize_x,visualsize_y) VALUES
('mobs:yeti',2,3,-0.42,-1.2,-0.42,0.42,0.96,0.42,16,'t',0,18,25,30,90,50,105,1.2,1.2);

INSERT INTO creaturedefs_animationinfos (name,speed_normal,stand_start,stand_end,walk_start,walk_end,run_start,run_end,speed_run,
punch_start,punch_end) VALUES
('mobs:yeti',30,0,79,168,187,168,187,30,200,219);

INSERT INTO creaturedefs_damages (name,damage_light,damage_water,damage_lava) VALUES
('mobs:yeti',0,1,5);

INSERT INTO creaturedefs_loot (id,item,chance,mindrops,maxdrops) VALUES
(18,'default:ice',1,1,3);

INSERT INTO creaturedefs_meshes (name,mesh,mesh_variation) VALUES
('mobs:yeti','character.b3d',1);

INSERT INTO creaturedefs_sounds (name,sound_random,sound_attack,sound_death) VALUES
('mobs:yeti','mobs_dirtmonster','mobs_stonemonster_attack','mobs_zombie_death');

INSERT INTO creaturedefs_textures (name,texture) VALUES
('mobs:yeti','mobs_yeti.png');

INSERT INTO creaturedefs_spawning_abms (name,interval,chance,min_light,max_light,max_count_per_area,min_height,max_height) VALUES
('mobs:yeti',30.0,30000,0,20,1,-31000,31000);

INSERT INTO creaturedefs_spawning_nodes (name,nodename) VALUES
('mobs:yeti','default:dirt_with_snow'),
('mobs:yeti','default:snow'),
('mobs:yeti','default:snowblock');

UPDATE dbversion SET version = 38  WHERE dbname = 'game';

-- DBv39
CREATE TABLE IF NOT EXISTS achievement (
	id INT NOT NULL,
	name TEXT NOT NULL,
	image TEXT NOT NULL,
	description TEXT NOT NULL,
	achievement_type SMALLINT NOT NULL,
	achievement_target BIGINT NOT NULL,
	achievement_target_what TEXT NOT NULL,
	PRIMARY KEY (id)
);

INSERT INTO achievement (id, name, image, description, achievement_type, achievement_target, achievement_target_what) VALUES
(1, 'Light It Up', 'novicebuilder.png', 'Place 100 torches.', 1, 100, 'default:torch'),
(2, 'Light ALL The Things!', 'novicebuilder.png', 'Place 1,000 torches.', 1, 1000, 'default:torch'),
(3, 'Saint-Maclou', 'novicebuilder.png', 'Place 20 coal checkers.', 1, 20, 'moreblocks:coal_checker'),
(4, 'Castorama', 'novicebuilder.png', 'Place 20 iron checkers.', 1, 20, 'moreblocks:iron_checker'),
(5, 'Sam the Trapper', 'novicebuilder.png', 'Place 2 trap stones.', 1, 2, 'moreblocks:trap_stone'),
(6, 'Obsessed with Obsidian', 'miniminer.png', 'Mine 50 obsidian.', 0, 50, 'default:obsidian'),
(7, 'On The Way', 'novicebuilder.png', 'Place 100 rails.', 1, 100, 'default:rail'),
(8, 'Lumberjack', 'default_tree.png', 'Dig 100 tree blocks.', 0, 100, 'default:tree'),
(9, 'Semi-pro Lumberjack', 'default_tree.png', 'ig 1,000 tree blocks.', 0, 1000, 'default:tree'),
(10, 'Professional Lumberjack', 'default_tree.png', 'Dig 10,000 tree blocks.', 0, 10000, 'default:tree'),
(11, 'L33T Lumberjack', 'default_tree.png', 'Dig 100,000 tree blocks.', 0, 100000, 'default:tree'),
(12, 'Junglebaby', 'default_jungletree.png', 'Dig 100 jungle tree blocks.', 0, 100, 'default:jungletree'),
(13, 'Jungleman', 'default_jungletree.png', 'Dig 1,000 jungle tree blocks.', 0, 1000, 'default:jungletree'),
(14, 'First Mese Find', 'default_mese_block.png', 'Find some Mese.', 0, 1, 'default:stone_with_mese'),
(15, 'You''re a copper', 'miniminer.png', 'Dig 1,000 copper ores.', 0, 1000, 'default:stone_with_copper'),
(16, 'YOU''RE A WINNER!', 'miniminer.png', 'Dig 1 mossy cobblestone.', 0, 1, 'default:mossycobble'),
(17, 'Mini Miner', 'miniminer.png', 'Dig 100 stone blocks.', 0, 100, 'default:stone'),
(18, 'Hardened Miner', 'miniminer.png', 'Dig 1,000 stone blocks.', 0, 1000, 'default:stone'),
(19, 'Master Miner', 'miniminer.png', 'Dig 10,000 stone blocks.', 0, 10000, 'default:stone'),
(20, 'Marchand De Sable', 'miniminer.png', 'Dig 1,000 sand.', 0, 1000, 'default:sand'),
(21, 'Frequent Visitor', '', 'Connect to the server 50 times.', 2, 50, ''),
(22, 'Dying Spree', '', 'Die 5 times.', 3, 5, ''),
(23, 'Bot-like', '', 'Die 10 times.', 3, 10, ''),
(24, 'You Suck!', '', 'Die 100 times.', 3, 100, ''),
(25, 'Digger', 'miniminer.png', 'Dig 10 nodes.', 0, 10, ''),
(26, 'Crazy digger', 'miniminer.png', 'Dig 100 nodes.', 0, 100, ''),
(27, 'Furious digger', 'miniminer.png', 'Dig 1000 nodes.', 0, 1000, ''),
(28, 'Digger x10000', 'miniminer.png', 'Dig 10000 nodes.', 0, 10000, ''),
(29, 'Digger x100000', 'miniminer.png', 'Dig 100000 nodes.', 0, 100000, ''),
(30, 'Digger x1000000', 'miniminer.png', 'Dig 1000000 nodes.', 0, 1000000, ''),
(31, 'Expert digger', 'miniminer.png', 'Dig 10000000 nodes.', 0, 10000000, ''),
(32, 'Master digger', 'miniminer.png', 'Dig 100000000 nodes.', 0, 100000000, ''),
(33, 'Unstopable digger', 'miniminer.png', 'Dig 1000000000 nodes.', 0, 1000000000, ''),
(34, 'God digger', 'miniminer.png', 'Dig 10000000000 nodes.', 0, 10000000000, ''),
(35, 'Placer', 'novicebuilder.png', 'Place 10 nodes.', 1, 10, ''),
(36, 'Crazy placer', 'novicebuilder.png', 'Place 100 nodes.', 1, 100, ''),
(37, 'Furious placer', 'novicebuilder.png', 'Place 1000 nodes.', 1, 1000, ''),
(38, 'Placer x10000', 'novicebuilder.png', 'Place 10000 nodes.', 1, 10000, ''),
(39, 'Placer x100000', 'novicebuilder.png', 'Place 100000 nodes.', 1, 100000, ''),
(40, 'Placer x1000000', 'novicebuilder.png', 'Place 1000000 nodes.', 1, 1000000, ''),
(41, 'Expert placer', 'novicebuilder.png', 'Place 10000000 nodes.', 1, 10000000, ''),
(42, 'Master placer', 'novicebuilder.png', 'Place 100000000 nodes.', 1, 100000000, ''),
(43, 'Unstopable placer', 'novicebuilder.png', 'Place 1000000000 nodes.', 1, 1000000000, ''),
(44, 'God placer', 'novicebuilder.png', 'Place 10000000000 nodes.', 1, 10000000000, ''),
(45, 'First kill', 'minikiller.png', 'Killing the first player.', 4, 1, ''),
(46, 'Kill x5', 'minikiller.png', 'Killing 5 players.', 4, 5, ''),
(47, 'Kill x10', 'minikiller.png', 'Killing 10 players.', 4, 10, ''),
(48, 'Kill x20', 'minikiller.png', 'Killing 20 players.', 4, 20, ''),
(49, 'Kill x50', 'minikiller.png', 'Killing 50 players.', 4, 50, ''),
(50, 'Kill x100', 'minikiller.png', 'Killing 100 players.', 4, 100, ''),
(51, 'Kill x200', 'minikiller.png', 'Killing 200 players.', 4, 200, ''),
(52, 'Kill x500', 'minikiller.png', 'Killing 500 players.', 4, 500, ''),
(53, 'Kill x1000', 'minikiller.png', 'Killing 1000 players.', 4, 1000, ''),
(54, 'Kill x2000', 'minikiller.png', 'Killing 2000 players.', 4, 2000, ''),
(55, 'Kill x5000', 'minikiller.png', 'Killing 5000 players.', 4, 5000, ''),
(56, 'Kill x10000', 'minikiller.png', 'Killing 10000 players.', 4, 10000, ''),
(57, 'Kill x20000', 'minikiller.png', 'Killing 20000 players.', 4, 20000, ''),
(58, 'Kill x50000', 'minikiller.png', 'Killing 50000 players.', 4, 50000, ''),
(59, 'Kill x100000', 'minikiller.png', 'Killing 100000 players.', 4, 100000, ''),
(60, 'Kill first creeper', 'minikiller.png', 'Killing the first creeper.', 5, 1, 'mobs:creeper'),
(61, 'Kill x10 creepers', 'minikiller.png', 'Killing 5 creepers.', 5, 5, 'mobs:creeper'),
(62, 'Kill x20 creepers', 'minikiller.png', 'Killing 10 creepers.', 5, 10, 'mobs:creeper'),
(63, 'Kill x50 creepers', 'minikiller.png', 'Killing 50 creepers.', 5, 50, 'mobs:creeper'),
(64, 'Kill x100 creepers', 'minikiller.png', 'Killing 100 creepers.', 5, 100, 'mobs:creeper'),
(65, 'Kill x500 creepers', 'minikiller.png', 'Killing 500 creepers.', 5, 500, 'mobs:creeper'),
(66, 'Kill x1000 creepers', 'minikiller.png', 'Killing 1000 creepers.', 5, 1000, 'mobs:creeper'),
(67, 'Kill first dungeon master', 'minikiller.png', 'Killing the first dungeon master.', 5, 1, 'mobs:dungeon_master'),
(68, 'Kill x10 dungeon masters', 'minikiller.png', 'Killing 5 dungeon masters.', 5, 5, 'mobs:dungeon_master'),
(69, 'Kill x20 dungeon masters', 'minikiller.png', 'Killing 10 dungeon masters.', 5, 10, 'mobs:dungeon_master'),
(70, 'Kill x50 dungeon masters', 'minikiller.png', 'Killing 50 dungeon masters.', 5, 50, 'mobs:dungeon_master'),
(71, 'Kill x100 dungeon masters', 'minikiller.png', 'Killing 100 dungeon masters.', 5, 100, 'mobs:dungeon_master'),
(72, 'Kill x500 dungeon masters', 'minikiller.png', 'Killing 500 dungeon masters.', 5, 500, 'mobs:dungeon_master'),
(73, 'Kill x1000 dungeon masters', 'minikiller.png', 'Killing 1000 dungeon masters.', 5, 1000, 'mobs:dungeon_master'),
(74, 'Kill x10 creatures', 'minikiller.png', 'Killing 10 creatures.', 5, 10, ''),
(75, 'Kill x50 creatures', 'minikiller.png', 'Killing 50 creatures.', 5, 50, ''),
(76, 'Kill x100 creatures', 'minikiller.png', 'Killing 100 creatures.', 5, 100, ''),
(77, 'Kill x500 creatures', 'minikiller.png', 'Killing 500 creatures.', 5, 500, ''),
(78, 'Kill x1000 creatures', 'minikiller.png', 'Killing 1000 creatures.', 5, 1000, ''),
(79, 'Kill x5000 creatures', 'minikiller.png', 'Killing 5000 creatures.', 5, 5000, ''),
(80, 'Kill x10000 creatures', 'minikiller.png', 'Killing 10000 creatures.', 5, 10000, '');

CREATE TABLE IF NOT EXISTS user_awards (
	id_player INT NOT NULL,
	id_achievement INT NOT NULL,
	achievement_progress int NOT NULL DEFAULT 0,
	unlocked BOOLEAN NOT NULL DEFAULT 'f',
	PRIMARY KEY (id_player, id_achievement)
);

UPDATE dbversion SET version = 39  WHERE dbname = 'game';

-- DBv40
UPDATE itemdefs_nodes_tiles SET tile4 = 'default_glass.png', tile5 = 'xpanes_white.png', tile6 = 'xpanes_white.png' WHERE item_name LIKE 'xpanes:pane_%';

UPDATE itemdefs_nodes_tiles SET tile3 = 'xpanes_white.png', tile5 = 'default_glass.png', tile6 = 'default_glass.png' WHERE item_name = 'xpanes:pane_1';
UPDATE itemdefs_nodes_tiles SET tile3 = 'default_glass.png', tile6 = 'default_glass.png' WHERE item_name = 'xpanes:pane_2';
UPDATE itemdefs_nodes_tiles SET tile5 = 'default_glass.png', tile6 = 'default_glass.png' WHERE item_name = 'xpanes:pane_3';
UPDATE itemdefs_nodes_tiles SET tile3 = 'default_glass.png', tile4 = 'xpanes_white.png', tile5 = 'default_glass.png', tile6 = 'default_glass.png' WHERE item_name = 'xpanes:pane_4';
UPDATE itemdefs_nodes_tiles SET tile3 = 'xpanes_white.png', tile4 = 'xpanes_white.png', tile5 = 'default_glass.png', tile6 = 'default_glass.png' WHERE item_name = 'xpanes:pane_5';
UPDATE itemdefs_nodes_tiles SET tile5 = 'default_glass.png', tile6 = 'default_glass.png' WHERE
    item_name = 'xpanes:pane_6' OR item_name = 'xpanes:pane_7' OR item_name = 'xpanes:pane_9' OR item_name = 'xpanes:pane_11' OR
    item_name = 'xpanes:pane_12' OR item_name = 'xpanes:pane_13' OR item_name = 'xpanes:pane_14' OR item_name = 'xpanes:pane_15';
UPDATE itemdefs_nodes_tiles SET tile3 = 'default_glass.png', tile5 = 'default_glass.png' WHERE item_name = 'xpanes:pane_8';


UPDATE itemdefs_nodes_tiles SET tile4 = 'xpanes_bar.png', tile5 = 'xpanes_space.png', tile6 = 'xpanes_space.png' WHERE item_name LIKE 'xpanes:bar_%';

UPDATE itemdefs_nodes_tiles SET tile3 = 'xpanes_space.png', tile5 = 'xpanes_bar.png', tile6 = 'xpanes_bar.png' WHERE item_name = 'xpanes:bar_1';
UPDATE itemdefs_nodes_tiles SET tile3 = 'xpanes_bar.png', tile6 = 'xpanes_bar.png' WHERE item_name = 'xpanes:bar_2';
UPDATE itemdefs_nodes_tiles SET tile5 = 'xpanes_bar.png', tile6 = 'xpanes_bar.png' WHERE item_name = 'xpanes:bar_3';
UPDATE itemdefs_nodes_tiles SET tile3 = 'xpanes_bar.png', tile4 = 'xpanes_space.png', tile5 = 'xpanes_bar.png', tile6 = 'xpanes_bar.png' WHERE item_name = 'xpanes:bar_4';
UPDATE itemdefs_nodes_tiles SET tile3 = 'xpanes_space.png', tile4 = 'xpanes_space.png', tile5 = 'xpanes_bar.png', tile6 = 'xpanes_bar.png' WHERE item_name = 'xpanes:bar_5';
UPDATE itemdefs_nodes_tiles SET tile5 = 'xpanes_bar.png', tile6 = 'xpanes_bar.png' WHERE
    item_name = 'xpanes:bar_6' OR item_name = 'xpanes:bar_7' OR item_name = 'xpanes:bar_9' OR item_name = 'xpanes:bar_11' OR
    item_name = 'xpanes:bar_12' OR item_name = 'xpanes:bar_13' OR item_name = 'xpanes:bar_14' OR item_name = 'xpanes:bar_15';
UPDATE itemdefs_nodes_tiles SET tile3 = 'xpanes_bar.png', tile5 = 'xpanes_bar.png' WHERE item_name = 'xpanes:bar_8';

UPDATE dbversion SET version = 40  WHERE dbname = 'game';

-- DBv41
CREATE TABLE oredefs (
    ore_id INT NOT NULL,
    ore_name TEXT NOT NULL,
    ore_type INT NOT NULL DEFAULT 0,
    ore_flags INT NOT NULL DEFAULT 0,
    clust_scarcity INT NOT NULL DEFAULT 1,
    clust_num_ores INT NOT NULL DEFAULT 1,
    clust_size INT NOT NULL DEFAULT 0,
    noise_threshhold NUMERIC(14,6) NOT NULL DEFAULT 0,
    noise_params BOOLEAN NOT NULL DEFAULT 'f',
    y_min INT NOT NULL DEFAULT -31000,
    y_max INT NOT NULL DEFAULT 31000,
    PRIMARY KEY (ore_id)
);

CREATE TABLE oredefs_noise (
    ore_id INT NOT NULL,
    noise_offset NUMERIC(14,6) NOT NULL DEFAULT '0',
    noise_scale NUMERIC(14,6) NOT NULL DEFAULT '1',
    noise_spread_x NUMERIC(14,6) NOT NULL DEFAULT '250',
    noise_spread_y NUMERIC(14,6) NOT NULL DEFAULT '250',
    noise_spread_z NUMERIC(14,6) NOT NULL DEFAULT '250',
    noise_persist NUMERIC(14,6) NOT NULL DEFAULT '0.6',
    noise_lacunarity NUMERIC(14,6) NOT NULL DEFAULT '2.0',
    noise_seed INT NOT NULL DEFAULT '12345',
    noise_octaves INT NOT NULL DEFAULT '3',
    noise_flags INT NOT NULL DEFAULT '1',
    PRIMARY KEY (ore_id)
);

CREATE TABLE oredefs_pop_into (
    ore_id INT NOT NULL,
    into_name TEXT NOT NULL,
    PRIMARY KEY (ore_id, into_name)
);

INSERT INTO oredefs (ore_id, ore_name, ore_type, ore_flags, clust_scarcity, clust_num_ores, clust_size, noise_threshhold, noise_params, y_min, y_max) VALUES
(1,'default:clay',0,8,13824,1,7,0.000000,'t',-15,0),
(2,'default:sand',0,8,13824,1,7,0.000000,'t',-63,4),
(3,'default:dirt',0,8,13824,1,7,0.000000,'t',-63,31000),
(4,'default:gravel',0,8,13824,1,7,0.000000,'t',-31000,31000),
(5,'default:stone_with_coal',0,0,512,8,3,0.000000,'f',-31000,64),
(6,'default:stone_with_coal',0,0,13824,27,6,0.000000,'f',-31000,0),
(7,'default:stone_with_iron',0,0,1728,3,2,0.000000,'f',-15,2),
(8,'default:stone_with_iron',0,0,729,5,3,0.000000,'f',-63,-16),
(9,'default:stone_with_iron',0,0,343,5,3,0.000000,'f',-31000,-64),
(10,'default:stone_with_iron',0,0,13824,27,6,0.000000,'f',-31000,-64),
(11,'default:stone_with_mese',0,0,5832,3,2,0.000000,'f',-255,-64),
(12,'default:stone_with_mese',0,0,2744,5,3,0.000000,'f',-31000,-256),
(13,'default:mese',0,0,46656,3,2,0.000000,'f',-31000,-1024),
(14,'default:stone_with_gold',0,0,3375,3,2,0.000000,'f',-255,-64),
(15,'default:stone_with_gold',0,0,2197,5,3,0.000000,'f',-31000,-256),
(16,'default:stone_with_diamond',0,0,4913,4,3,0.000000,'f',-255,-128),
(17,'default:stone_with_diamond',0,0,3375,4,3,0.000000,'f',-31000,-256),
(18,'default:stone_with_copper',0,0,1728,4,3,0.000000,'f',-63,-16),
(19,'default:stone_with_copper',0,0,729,5,3,0.000000,'f',-31000,-64),
(20,'default:marble',0,8,1,1,3,0.400000,'t',-31000,-50),
(21,'default:granite',0,8,1,1,4,0.400000,'t',-31000,-150);

INSERT INTO oredefs_noise (ore_id, noise_offset, noise_scale, noise_spread_x, noise_spread_y, noise_spread_z, noise_persist,
noise_lacunarity, noise_seed, noise_octaves, noise_flags) VALUES
(1,0.350000,0.200000,5.000000,5.000000,5.000000,0.500000,2.000000,-316,1,1),
(2,0.350000,0.200000,5.000000,5.000000,5.000000,0.500000,2.000000,2316,1,1),
(3,0.350000,0.200000,5.000000,5.000000,5.000000,0.500000,2.000000,17676,1,1),
(4,0.350000,0.200000,5.000000,5.000000,5.000000,0.500000,2.000000,766,1,1),
(20,0.000000,15.000000,150.000000,150.000000,150.000000,0.700000,2.000000,23,3,1),
(21,0.000000,15.000000,130.000000,130.000000,130.000000,0.700000,2.000000,24,3,1);

INSERT INTO oredefs_pop_into (ore_id, into_name) VALUES
(1,'default:sand'),
(2,'default:stone'),
(3,'default:stone'),
(4,'default:stone'),
(5,'default:stone'),
(6,'default:stone'),
(7,'default:stone'),
(8,'default:stone'),
(9,'default:stone'),
(10,'default:stone'),
(11,'default:stone'),
(12,'default:stone'),
(13,'default:stone'),
(14,'default:stone'),
(15,'default:stone'),
(16,'default:stone'),
(17,'default:stone'),
(18,'default:stone'),
(19,'default:stone'),
(20,'default:stone'),
(21,'default:stone');

UPDATE dbversion SET version = 41  WHERE dbname = 'game';

-- DBv42
UPDATE creaturedefs_meshes SET mesh = 'mobs_chicken.b3d' WHERE name = 'mobs:chicken';
UPDATE creaturedefs SET collisionbox2 = -0.15  WHERE name = 'mobs:chicken';

UPDATE dbversion SET version = 42  WHERE dbname = 'game';

-- DBv43
INSERT INTO craft_shaped (craftoutput, craftwidth, recipe1, recipe2, recipe3, recipe4, recipe5, recipe6, recipe7, recipe8, recipe9) VALUES
('bow:bow_wood',3, '', 'default:stick', '','farming:string', '', 'default:stick','', 'default:stick', ''),
('bow:bow_long',3, 'farming:string', 'group:wood', '', 'farming:string', '', 'group:wood', 'farming:string', 'group:wood', ''),
('bow:bow_composite',3,'farming:string', 'group:wood', '', 'farming:string', '', 'default:steel_ingot', 'farming:string', 'group:wood', ''),
('bow:bow_steel',3, 'farming:string', 'default:steel_ingot', '', 'farming:string', '', 'default:steel_ingot', 'farming:string', 'default:steel_ingot', ''),
('bow:bow_royal',3,'farming:string', 'group:wood', 'default:diamond', 'farming:string', '', 'default:gold_ingot', 'farming:string', 'group:wood', 'default:diamond'),
('bow:crossbow',3,'group:wood', 'farming:string', '', 'default:steel_ingot', 'farming:string', 'group:wood', 'group:wood', 'farming:string', '');

INSERT INTO craft_shaped (craftoutput, craftwidth, recipe1, recipe2, recipe3) VALUES
('bow:arrow_stone 16',3,'default:stick', 'default:stick', 'group:stone'),
('bow:arrow_stone 16',3,'group:stone', 'default:stick', 'default:stick'),
('bow:arrow_steel 16',3,'default:stick', 'default:stick', 'default:steel_ingot'),
('bow:arrow_steel 16',3,'default:steel_ingot', 'default:stick', 'default:stick'),
('bow:arrow_diamond 16',3,'default:stick', 'default:stick', 'default:diamond'),
('bow:arrow_diamond 16',3,'default:diamond', 'default:stick', 'default:stick'),
('bow:arrow_obsidian 16',3,'default:stick', 'default:stick', 'default:obsidian'),
('bow:arrow_obsidian 16',3,'default:obsidian', 'default:stick', 'default:stick');

ALTER TABLE itemdefs ADD COLUMN type_extended INT NOT NULL DEFAULT 0;

INSERT INTO itemdefs (name, description, type, inventory_image, stack_max, usable, wield_scale_x, wield_scale_y, wield_scale_z, type_extended) VALUES
('bow:bow_wood','Wooden bow',3,'throwing_bow_wood.png',1,'t',1,1,0.5,1),
('bow:bow_long','Longbow',3,'throwing_longbow.png',1,'t',1,2.5,0.5,1),
('bow:bow_composite','Composite bow',3,'throwing_bow_composite.png',1,'t',1,1.4,0.5,1),
('bow:bow_steel','Steel bow',3,'throwing_bow_steel.png',1,'t',1,1.4,0.5,1),
('bow:bow_royal','Royal bow',3,'throwing_bow_royal.png',1,'t',1,1.5,0.5,1),
('bow:crossbow','Crossbow',3,'throwing_crossbow.png',1,'t',1,1.3,0.5,1);

INSERT INTO itemdefs (name,type,description,inventory_image,type_extended) VALUES
('bow:arrow_stone_box',1,'','',0),
('bow:arrow_steel_box',1,'','',0),
('bow:arrow_diamond_box',1,'','',0),
('bow:arrow_obsidian_box',1,'','',0),
('bow:arrow_stone',2,'Stone arrow','throwing_arrow_stone.png',2),
('bow:arrow_steel',2,'Steel arrow','throwing_arrow_steel.png',2),
('bow:arrow_diamond',2,'Diamond arrow','throwing_arrow_diamond.png',2),
('bow:arrow_obsidian',2,'Obsidian arrow','throwing_arrow_obsidian.png',2);

INSERT INTO itemdefs_nodes (item_name,drawtype) VALUES
('bow:arrow_stone_box',12),
('bow:arrow_steel_box',12),
('bow:arrow_diamond_box',12),
('bow:arrow_obsidian_box',12);

INSERT INTO itemdefs_nodeboxes (item_name,nodebox_type) VALUES
('bow:arrow_stone_box',1),
('bow:arrow_steel_box',1),
('bow:arrow_diamond_box',1),
('bow:arrow_obsidian_box',1);

INSERT INTO itemdefs_nodes_tiles (item_name,tile1,tile2,tile3,tile4,tile5,tile6) VALUES
('bow:arrow_stone_box','throwing_arrow_stone.png','throwing_arrow_stone.png','throwing_arrow_stone_back.png','throwing_arrow_stone_front.png','throwing_arrow_stone_2.png','throwing_arrow_stone.png'),
('bow:arrow_steel_box','throwing_arrow_steel.png','throwing_arrow_steel.png','throwing_arrow_steel_back.png','throwing_arrow_steel_front.png','throwing_arrow_steel_2.png','throwing_arrow_steel.png'),
('bow:arrow_diamond_box','throwing_arrow_diamond.png','throwing_arrow_diamond.png','throwing_arrow_diamond_back.png','throwing_arrow_diamond_front.png','throwing_arrow_diamond_2.png','throwing_arrow_diamond.png'),
('bow:arrow_obsidian_box','throwing_arrow_obsidian.png','throwing_arrow_obsidian.png','throwing_arrow_obsidian_back.png','throwing_arrow_obsidian_front.png','throwing_arrow_obsidian_2.png','throwing_arrow_obsidian.png');

INSERT INTO itemdefs_groups (item_name,group_name,group_value) VALUES
('bow:arrow_stone_box','not_in_creative_inventory',1),
('bow:arrow_steel_box','not_in_creative_inventory',1),
('bow:arrow_diamond_box','not_in_creative_inventory',1),
('bow:arrow_obsidian_box','not_in_creative_inventory',1);

INSERT INTO itemdefs_nodeboxes_components (item_name, nodebox_id, minedge_x,minedge_y,minedge_z,maxedge_x,maxedge_y,maxedge_z) VALUES
('bow:arrow_stone_box',1,-6.5/17, -1.5/17, -1.5/17, 6.5/17, 1.5/17, 1.5/17),
('bow:arrow_stone_box',1,-4.5/17, 2.5/17, 2.5/17, -3.5/17, -2.5/17, -2.5/17),
('bow:arrow_stone_box',1,-8.5/17, 0.5/17, 0.5/17, -6.5/17, -0.5/17, -0.5/17),
('bow:arrow_stone_box',1,6.5/17, 1.5/17, 1.5/17, 7.5/17, 2.5/17, 2.5/17),
('bow:arrow_stone_box',1,7.5/17, -2.5/17, 2.5/17, 6.5/17, -1.5/17, 1.5/17),
('bow:arrow_stone_box',1,7.5/17, 2.5/17, -2.5/17, 6.5/17, 1.5/17, -1.5/17),
('bow:arrow_stone_box',1,6.5/17, -1.5/17, -1.5/17, 7.5/17, -2.5/17, -2.5/17),
('bow:arrow_stone_box',1,7.5/17, 2.5/17, 2.5/17, 8.5/17, 3.5/17, 3.5/17),
('bow:arrow_stone_box',1,8.5/17, -3.5/17, 3.5/17, 7.5/17, -2.5/17, 2.5/17),
('bow:arrow_stone_box',1,8.5/17, 3.5/17, -3.5/17, 7.5/17, 2.5/17, -2.5/17),
('bow:arrow_stone_box',1,7.5/17, -2.5/17, -2.5/17, 8.5/17, -3.5/17, -3.5/17),

('bow:arrow_steel_box',1,-6.5/17, -1.5/17, -1.5/17, 6.5/17, 1.5/17, 1.5/17),
('bow:arrow_steel_box',1,-4.5/17, 2.5/17, 2.5/17, -3.5/17, -2.5/17, -2.5/17),
('bow:arrow_steel_box',1,-8.5/17, 0.5/17, 0.5/17, -6.5/17, -0.5/17, -0.5/17),
('bow:arrow_steel_box',1,6.5/17, 1.5/17, 1.5/17, 7.5/17, 2.5/17, 2.5/17),
('bow:arrow_steel_box',1,7.5/17, -2.5/17, 2.5/17, 6.5/17, -1.5/17, 1.5/17),
('bow:arrow_steel_box',1,7.5/17, 2.5/17, -2.5/17, 6.5/17, 1.5/17, -1.5/17),
('bow:arrow_steel_box',1,6.5/17, -1.5/17, -1.5/17, 7.5/17, -2.5/17, -2.5/17),
('bow:arrow_steel_box',1,7.5/17, 2.5/17, 2.5/17, 8.5/17, 3.5/17, 3.5/17),
('bow:arrow_steel_box',1,8.5/17, -3.5/17, 3.5/17, 7.5/17, -2.5/17, 2.5/17),
('bow:arrow_steel_box',1,8.5/17, 3.5/17, -3.5/17, 7.5/17, 2.5/17, -2.5/17),
('bow:arrow_steel_box',1,7.5/17, -2.5/17, -2.5/17, 8.5/17, -3.5/17, -3.5/17),

('bow:arrow_diamond_box',1,-6.5/17, -1.5/17, -1.5/17, 6.5/17, 1.5/17, 1.5/17),
('bow:arrow_diamond_box',1,-4.5/17, 2.5/17, 2.5/17, -3.5/17, -2.5/17, -2.5/17),
('bow:arrow_diamond_box',1,-8.5/17, 0.5/17, 0.5/17, -6.5/17, -0.5/17, -0.5/17),
('bow:arrow_diamond_box',1,6.5/17, 1.5/17, 1.5/17, 7.5/17, 2.5/17, 2.5/17),
('bow:arrow_diamond_box',1,7.5/17, -2.5/17, 2.5/17, 6.5/17, -1.5/17, 1.5/17),
('bow:arrow_diamond_box',1,7.5/17, 2.5/17, -2.5/17, 6.5/17, 1.5/17, -1.5/17),
('bow:arrow_diamond_box',1,6.5/17, -1.5/17, -1.5/17, 7.5/17, -2.5/17, -2.5/17),
('bow:arrow_diamond_box',1,7.5/17, 2.5/17, 2.5/17, 8.5/17, 3.5/17, 3.5/17),
('bow:arrow_diamond_box',1,8.5/17, -3.5/17, 3.5/17, 7.5/17, -2.5/17, 2.5/17),
('bow:arrow_diamond_box',1,8.5/17, 3.5/17, -3.5/17, 7.5/17, 2.5/17, -2.5/17),
('bow:arrow_diamond_box',1,7.5/17, -2.5/17, -2.5/17, 8.5/17, -3.5/17, -3.5/17),

('bow:arrow_obsidian_box',1,-6.5/17, -1.5/17, -1.5/17, 6.5/17, 1.5/17, 1.5/17),
('bow:arrow_obsidian_box',1,-4.5/17, 2.5/17, 2.5/17, -3.5/17, -2.5/17, -2.5/17),
('bow:arrow_obsidian_box',1,-8.5/17, 0.5/17, 0.5/17, -6.5/17, -0.5/17, -0.5/17),
('bow:arrow_obsidian_box',1,6.5/17, 1.5/17, 1.5/17, 7.5/17, 2.5/17, 2.5/17),
('bow:arrow_obsidian_box',1,7.5/17, -2.5/17, 2.5/17, 6.5/17, -1.5/17, 1.5/17),
('bow:arrow_obsidian_box',1,7.5/17, 2.5/17, -2.5/17, 6.5/17, 1.5/17, -1.5/17),
('bow:arrow_obsidian_box',1,6.5/17, -1.5/17, -1.5/17, 7.5/17, -2.5/17, -2.5/17),
('bow:arrow_obsidian_box',1,7.5/17, 2.5/17, 2.5/17, 8.5/17, 3.5/17, 3.5/17),
('bow:arrow_obsidian_box',1,8.5/17, -3.5/17, 3.5/17, 7.5/17, -2.5/17, 2.5/17),
('bow:arrow_obsidian_box',1,8.5/17, 3.5/17, -3.5/17, 7.5/17, 2.5/17, -2.5/17),
('bow:arrow_obsidian_box',1,7.5/17, -2.5/17, -2.5/17, 8.5/17, -3.5/17, -3.5/17);

ALTER TABLE spelldefs ADD COLUMN spell_target_type INT NOT NULL DEFAULT 2;

INSERT INTO spelldefs (name,visual,texture,max_range,timer,velocity, visual_size_x, visual_size_y, damages_player, damages_npc, spell_target_type) VALUES
('bow:arrow_stone','wielditem','bow:arrow_stone_box',200,2,15,4,4,1,1,1),
('bow:arrow_steel','wielditem','bow:arrow_steel_box',200,2,17,4,4,2,2,1),
('bow:arrow_diamond','wielditem','bow:arrow_diamond_box',200,2,22,4,4,3,3,1),
('bow:arrow_obsidian','wielditem','bow:arrow_obsidian_box',200,2,19,4,4,3,3,1);

UPDATE dbversion SET version=43  WHERE dbname = 'game';

-- DBv44
UPDATE dbversion SET version = 44  WHERE dbname = 'game';

-- DBv45
INSERT INTO craft_shapeless (craftoutput, recipe1, recipe2, recipe3, recipe4, recipe5, recipe6, recipe7, recipe8, recipe9) VALUES
('dye:white 4','group:flower,color_white','','','','','','','',''),
('dye:grey 4','group:flower,color_grey','','','','','','','',''),
('dye:dark_grey 4','group:flower,color_dark_grey','','','','','','','',''),
('dye:black 4','group:flower,color_black','','','','','','','',''),
('dye:violet 4','group:flower,color_violet','','','','','','','',''),
('dye:blue 4','group:flower,color_blue','','','','','','','',''),
('dye:cyan 4','group:flower,color_cyan','','','','','','','',''),
('dye:dark_green 4','group:flower,color_dark_green','','','','','','','',''),
('dye:green 4','group:flower,color_green','','','','','','','',''),
('dye:yellow 4','group:flower,color_yellow','','','','','','','',''),
('dye:brown 4','group:flower,color_brown','','','','','','','',''),
('dye:orange 4','group:flower,color_orange','','','','','','','',''),
('dye:red 4','group:flower,color_red','','','','','','','',''),
('dye:magenta 4','group:flower,color_magenta','','','','','','','',''),
('dye:pink 4','group:flower,color_pink','','','','','','','',''),
('dye:magenta 2','dye:magenta','dye:magenta','','','','','','',''),
('dye:violet 2','dye:blue','dye:magenta','','','','','','',''),
('dye:magenta 2','dye:blue','dye:red','','','','','','',''),
('dye:brown 2','dye:blue','dye:orange','','','','','','',''),
('dye:brown 2','dye:blue','dye:brown','','','','','','',''),
('dye:dark_green 2','dye:blue','dye:yellow','','','','','','',''),
('dye:cyan 2','dye:blue','dye:green','','','','','','',''),
('dye:cyan 2','dye:blue','dye:dark_green','','','','','','',''),
('dye:cyan 2','dye:blue','dye:cyan','','','','','','',''),
('dye:blue 2','dye:blue','dye:blue','','','','','','',''),
('dye:blue 2','dye:cyan','dye:magenta','','','','','','',''),
('dye:brown 2','dye:cyan','dye:red','','','','','','',''),
('dye:dark_green 2','dye:cyan','dye:orange','','','','','','',''),
('dye:dark_grey 2','dye:cyan','dye:brown','','','','','','',''),
('dye:green 2','dye:cyan','dye:yellow','','','','','','',''),
('dye:cyan 2','dye:cyan','dye:green','','','','','','',''),
('dye:dark_green 2','dye:cyan','dye:dark_green','','','','','','',''),
('dye:cyan 2','dye:cyan','dye:cyan','','','','','','',''),
('dye:pink 2','dye:grey','dye:magenta','','','','','','',''),
('dye:pink 2','dye:grey','dye:red','','','','','','',''),
('dye:orange 2','dye:grey','dye:orange','','','','','','',''),
('dye:orange 2','dye:grey','dye:brown','','','','','','',''),
('dye:yellow 2','dye:grey','dye:yellow','','','','','','',''),
('dye:green 2','dye:grey','dye:green','','','','','','',''),
('dye:green 2','dye:grey','dye:dark_green','','','','','','',''),
('dye:grey 2','dye:grey','dye:cyan','','','','','','',''),
('dye:cyan 2','dye:grey','dye:blue','','','','','','',''),
('dye:pink 2','dye:grey','dye:violet','','','','','','',''),
('dye:dark_grey 2','dye:grey','dye:black','','','','','','',''),
('dye:grey 2','dye:grey','dye:dark_grey','','','','','','',''),
('dye:grey 2','dye:grey','dye:grey','','','','','','',''),
('dye:magenta 2','dye:red','dye:magenta','','','','','','',''),
('dye:red 2','dye:red','dye:red','','','','','','',''),
('dye:red 2','dye:orange','dye:magenta','','','','','','',''),
('dye:orange 2','dye:orange','dye:red','','','','','','',''),
('dye:orange 2','dye:orange','dye:orange','','','','','','',''),
('dye:brown 2','dye:green','dye:magenta','','','','','','',''),
('dye:yellow 2','dye:green','dye:red','','','','','','',''),
('dye:yellow 2','dye:green','dye:orange','','','','','','',''),
('dye:dark_green 2','dye:green','dye:brown','','','','','','',''),
('dye:green 2','dye:green','dye:yellow','','','','','','',''),
('dye:green 2','dye:green','dye:green','','','','','','',''),
('dye:magenta 2','dye:violet','dye:magenta','','','','','','',''),
('dye:magenta 2','dye:violet','dye:red','','','','','','',''),
('dye:red 2','dye:violet','dye:orange','','','','','','',''),
('dye:brown 2','dye:violet','dye:brown','','','','','','',''),
('dye:red 2','dye:violet','dye:yellow','','','','','','',''),
('dye:cyan 2','dye:violet','dye:green','','','','','','',''),
('dye:brown 2','dye:violet','dye:dark_green','','','','','','',''),
('dye:blue 2','dye:violet','dye:cyan','','','','','','',''),
('dye:violet 2','dye:violet','dye:blue','','','','','','',''),
('dye:violet 2','dye:violet','dye:violet','','','','','','',''),
('dye:black 2','dye:black','dye:magenta','','','','','','',''),
('dye:black 2','dye:black','dye:red','','','','','','',''),
('dye:black 2','dye:black','dye:orange','','','','','','',''),
('dye:black 2','dye:black','dye:brown','','','','','','',''),
('dye:black 2','dye:black','dye:yellow','','','','','','',''),
('dye:black 2','dye:black','dye:green','','','','','','',''),
('dye:black 2','dye:black','dye:dark_green','','','','','','',''),
('dye:black 2','dye:black','dye:cyan','','','','','','',''),
('dye:black 2','dye:black','dye:blue','','','','','','',''),
('dye:black 2','dye:black','dye:violet','','','','','','',''),
('dye:black 2','dye:black','dye:black','','','','','','',''),
('dye:brown 2','dye:dark_grey','dye:magenta','','','','','','',''),
('dye:brown 2','dye:dark_grey','dye:red','','','','','','',''),
('dye:brown 2','dye:dark_grey','dye:orange','','','','','','',''),
('dye:brown 2','dye:dark_grey','dye:brown','','','','','','',''),
('dye:brown 2','dye:dark_grey','dye:yellow','','','','','','',''),
('dye:dark_green 2','dye:dark_grey','dye:green','','','','','','',''),
('dye:dark_green 2','dye:dark_grey','dye:dark_green','','','','','','',''),
('dye:blue 2','dye:dark_grey','dye:cyan','','','','','','',''),
('dye:blue 2','dye:dark_grey','dye:blue','','','','','','',''),
('dye:violet 2','dye:dark_grey','dye:violet','','','','','','',''),
('dye:black 2','dye:dark_grey','dye:black','','','','','','',''),
('dye:black 2','dye:dark_grey','dye:dark_grey','','','','','','',''),
('dye:brown 2','dye:brown','dye:magenta','','','','','','',''),
('dye:brown 2','dye:brown','dye:red','','','','','','',''),
('dye:orange 2','dye:brown','dye:orange','','','','','','',''),
('dye:brown 2','dye:brown','dye:brown','','','','','','',''),
('dye:red 2','dye:yellow','dye:magenta','','','','','','',''),
('dye:orange 2','dye:yellow','dye:red','','','','','','',''),
('dye:yellow 2','dye:yellow','dye:orange','','','','','','',''),
('dye:orange 2','dye:yellow','dye:brown','','','','','','',''),
('dye:yellow 2','dye:yellow','dye:yellow','','','','','','',''),
('dye:brown 2','dye:dark_green','dye:magenta','','','','','','',''),
('dye:brown 2','dye:dark_green','dye:red','','','','','','',''),
('dye:brown 2','dye:dark_green','dye:orange','','','','','','',''),
('dye:brown 2','dye:dark_green','dye:brown','','','','','','',''),
('dye:green 2','dye:dark_green','dye:yellow','','','','','','',''),
('dye:green 2','dye:dark_green','dye:green','','','','','','',''),
('dye:dark_green 2','dye:dark_green','dye:dark_green','','','','','','',''),
('dye:pink 2','dye:white','dye:magenta','','','','','','',''),
('dye:pink 2','dye:white','dye:red','','','','','','',''),
('dye:orange 2','dye:white','dye:orange','','','','','','',''),
('dye:orange 2','dye:white','dye:brown','','','','','','',''),
('dye:yellow 2','dye:white','dye:yellow','','','','','','',''),
('dye:green 2','dye:white','dye:green','','','','','','',''),
('dye:green 2','dye:white','dye:dark_green','','','','','','',''),
('dye:grey 2','dye:white','dye:cyan','','','','','','',''),
('dye:cyan 2','dye:white','dye:blue','','','','','','',''),
('dye:violet 2','dye:white','dye:violet','','','','','','',''),
('dye:grey 2','dye:white','dye:black','','','','','','',''),
('dye:grey 2','dye:white','dye:dark_grey','','','','','','',''),
('dye:white 2','dye:white','dye:grey','','','','','','',''),
('dye:white 2','dye:white','dye:white','','','','','','','');

INSERT INTO craft_shaped (craftoutput, craftwidth, recipe1, recipe2, recipe3, recipe4, recipe5, recipe6, recipe7, recipe8, recipe9) VALUES
('default:stick',1,'default:dry_shrub','','','','','','','',''),
('default:stick',1,'default:sapling','','','','','','','',''),
('default:stick',1,'default:junglesapling','','','','','','','',''),
('moreblocks:wood_tile 9',3,'default:wood','default:wood','default:wood','default:wood','default:wood','default:wood','default:wood','default:wood','default:wood'),
('moreblocks:wood_tile_flipped',1,'moreblocks:wood_tile','','','','','','','',''),
('moreblocks:wood_tile_center 9',3,'default:wood','default:wood','default:wood','default:wood','moreblocks:wood_tile','default:wood','default:wood','default:wood','default:wood'),
('moreblocks:wood_tile_full 4',2,'moreblocks:wood_tile','moreblocks:wood_tile','moreblocks:wood_tile','moreblocks:wood_tile','','','','',''),
('moreblocks:wood_tile_up',1,'default:stick','moreblocks:wood_tile_center','','','','','','',''),
('moreblocks:wood_tile_down',1,'moreblocks:wood_tile_center','default:stick','','','','','','',''),
('moreblocks:wood_tile_left',2,'default:stick','moreblocks:wood_tile_center','','','','','','',''),
('moreblocks:wood_tile_right',2,'moreblocks:wood_tile_center','default:stick','','','','','','',''),
('moreblocks:junglestick 4',1,'default:junglewood','','','','','','','',''),
('moreblocks:fence_jungle_wood 2',3,'moreblocks:jungle_stick','moreblocks:jungle_stick','moreblocks:jungle_stick','moreblocks:jungle_stick','moreblocks:jungle_stick','moreblocks:jungle_stick','','',''),
('moreblocks:circle_stone_bricks 8',3,'default:stone','default:stone','default:stone','default:stone','','default:stone','default:stone','default:stone','default:stone'),
('moreblocks:all_faces_tree 8',3,'default:tree','default:tree','default:tree','default:tree','','default:tree','default:tree','default:tree','default:tree'),
('moreblocks:all_faces_jungle_tree 8',3,'default:jungletree','default:jungletree','default:jungletree','default:jungletree','','default:jungletree','default:jungletree','default:jungletree','default:jungletree'),
('moreblocks:sweeper 4',1,'default:junglegrass','default:stick','','','','','','',''),
('moreblocks:stone_tile 4',2,'default:cobble','default:cobble','default:cobble','default:cobble','','','','',''),
('moreblocks:split_stone_tile',1,'moreblocks:stone_tile','','','','','','','',''),
('moreblocks:split_stone_tile_alt',1,'moreblocks:split_stone_tile','','','','','','','',''),
('moreblocks:coal_stone_bricks 4',2,'moreblocks:coal_stone','moreblocks:coal_stone','moreblocks:coal_stone','moreblocks:coal_stone','','','','',''),
('moreblocks:iron_stone_bricks 4',2,'moreblocks:iron_stone','moreblocks:iron_stone','moreblocks:iron_stone','moreblocks:iron_stone','','','','',''),
('moreblocks:plankstone 4',2,'default:stone','default:wood','default:wood','default:stone','','','','',''),
('moreblocks:plankstone 4',2,'default:wood','default:stone','default:stone','default:wood','','','','',''),
('moreblocks:coal_checker 4',2,'default:stone','default:coal_lump','default:coal_lump','default:stone','','','','',''),
('moreblocks:coal_checker 4',2,'default:coal_lump','default:stone','default:stone','default:coal_lump','','','','',''),
('moreblocks:iron_checker 4',2,'default:steel_ingot','default:stone','default:stone','default:steel_ingot','','','','',''),
('moreblocks:iron_checker 4',2,'default:stone','default:steel_ingot','default:steel_ingot','default:stone','','','','',''),
('moreblocks:cactus_checker 4',2,'default:cactus','default:stone','default:stone','default:cactus','','','','',''),
('moreblocks:cactuschecker 4',2,'default:stone','default:cactus','default:cactus','default:stone','','','','',''),
('moreblocks:rope 3',1,'default:junglegrass','default:junglegrass','default:junglegrass','','','','','',''),
('moreblocks:cobble_compressed',3,'default:cobble','default:cobble','default:cobble','default:cobble','default:cobble','default:cobble','default:cobble','default:cobble','default:cobble'),
('default:cobble 9',1,'moreblocks:cobble_compressed','','','','','','','','');

INSERT INTO craft_shapeless (craftoutput, recipe1, recipe2, recipe3, recipe4, recipe5, recipe6, recipe7, recipe8, recipe9) VALUES
('default:dirt_with_grass','default:junglegrass','default:dirt','','','','','','',''),
('default:dirt_with_grass','default:mese','default:dirt','','','','','','',''),
('default:mossycobble','default:junglegrass','default:cobble','','','','','','',''),
('moreblocks:grey_bricks 2','default:stone','default:brick','','','','','','',''),
('moreblocks:grey_bricks 2','default:stonebrick','default:brick','','','','','','',''),
('moreblocks:empty_bookshelf','moreblocks:sweeper','default:bookshelf','','','','','','',''),
('default:chest_locked','default:steel_ingot','default:chest','','','','','','',''),
('default:chest_locked','default:copper_ingot','default:chest','','','','','','',''),
('default:chest_locked','default:bronze_ingot','default:chest','','','','','','',''),
('default:chest_locked','default:gold_ingot','default:chest','','','','','','',''),
('moreblocks:iron_glass','default:steel_ingot','default:glass','','','','','','',''),
('moreblocks:coal_glass','default:coal_lump','default:glass','','','','','','',''),
('default:glass','default:steel_ingot','moreblocks:coal_glass','','','','','','',''),
('moreblocks:clean_glass','moreblocks:sweeper','default:glass','','','','','','',''),
('moreblocks:glow_glass','default:torch','default:glass','','','','','','',''),
('moreblocks:trap_glow_glass','default:mese_crystal_fragment','default:glass','default:torch','','','','','',''),
('moreblocks:trap_glow_glass','default:mese_crystal_fragment','moreblocks:glow_glass','','','','','','',''),
('moreblocks:super_glow_glass','default:torch','default:torch','default:glass','','','','','',''),
('moreblocks:super_glow_glass','default:torch','moreblocks:glow_glass','','','','','','',''),
('moreblocks:trap_super_glow_glass','default:mese_crystal_fragment','default:glass','default:torch','default:torch','','','','',''),
('moreblocks:trap_super_glow_glass','default:mese_crystal_fragment','moreblocks:super_glow_glass','','','','','','',''),
('moreblocks:coal_stone','default:coal_lump','default:stone','','','','','','',''),
('moreblocks:iron_stone','default:steel_ingot','default:stone','','','','','','',''),
('moreblocks:trap_stone','default:mese_crystal_fragment','default:stone','','','','','','',''),
('moreblocks:trap_glass','default:mese_crystal_fragment','default:glass','','','','','','',''),
('moreblocks:cactus_brick','default:cactus','default:brick','','','','','','','');

INSERT INTO craft_cooking (craftoutput, recipe, cooktime) VALUES ('moreblocks:tar','default:gravel',3.000000);

INSERT INTO craft_shaped (craftoutput, craftwidth, recipe1, recipe2, recipe3, recipe4, recipe5, recipe6, recipe7, recipe8, recipe9) VALUES
('3d_armor:helmet_wood',3,'group:wood','group:wood','group:wood','group:wood','','group:wood','','',''),
('3d_armor:chestplate_wood',3,'group:wood','','group:wood','group:wood','group:wood','group:wood','group:wood','group:wood','group:wood'),
('3d_armor:leggings_wood',3,'group:wood','group:wood','group:wood','group:wood','','group:wood','group:wood','','group:wood'),
('3d_armor:boots_wood',3,'group:wood','','group:wood','group:wood','','group:wood','','',''),
('3d_armor:helmet_diamond',3,'default:diamond','default:diamond','default:diamond','default:diamond','','default:diamond','','',''),
('3d_armor:chestplate_diamond',3,'default:diamond','','default:diamond','default:diamond','default:diamond','default:diamond','default:diamond','default:diamond','default:diamond'),
('3d_armor:leggings_diamond',3,'default:diamond','default:diamond','default:diamond','default:diamond','','default:diamond','default:diamond','','default:diamond'),
('3d_armor:boots_diamond',3,'default:diamond','','default:diamond','default:diamond','','default:diamond','','',''),
('3d_armor:helmet_cactus',3,'default:cactus','default:cactus','default:cactus','default:cactus','','default:cactus','','',''),
('3d_armor:chestplate_cactus',3,'default:cactus','','default:cactus','default:cactus','default:cactus','default:cactus','default:cactus','default:cactus','default:cactus'),
('3d_armor:leggings_cactus',3,'default:cactus','default:cactus','default:cactus','default:cactus','','default:cactus','default:cactus','','default:cactus'),
('3d_armor:boots_cactus',3,'default:cactus','','default:cactus','default:cactus','','default:cactus','','',''),
('3d_armor:helmet_gold',3,'default:gold_ingot','default:gold_ingot','default:gold_ingot','default:gold_ingot','','default:gold_ingot','','',''),
('3d_armor:chestplate_gold',3,'default:gold_ingot','','default:gold_ingot','default:gold_ingot','default:gold_ingot','default:gold_ingot','default:gold_ingot','default:gold_ingot','default:gold_ingot'),
('3d_armor:leggings_gold',3,'default:gold_ingot','default:gold_ingot','default:gold_ingot','default:gold_ingot','','default:gold_ingot','default:gold_ingot','','default:gold_ingot'),
('3d_armor:boots_gold',3,'default:gold_ingot','','default:gold_ingot','default:gold_ingot','','default:gold_ingot','','',''),
('3d_armor:helmet_steel',3,'default:steel_ingot','default:steel_ingot','default:steel_ingot','default:steel_ingot','','default:steel_ingot','','',''),
('3d_armor:chestplate_steel',3,'default:steel_ingot','','default:steel_ingot','default:steel_ingot','default:steel_ingot','default:steel_ingot','default:steel_ingot','default:steel_ingot','default:steel_ingot'),
('3d_armor:leggings_steel',3,'default:steel_ingot','default:steel_ingot','default:steel_ingot','default:steel_ingot','','default:steel_ingot','default:steel_ingot','','default:steel_ingot'),
('3d_armor:boots_steel',3,'default:steel_ingot','','default:steel_ingot','default:steel_ingot','','default:steel_ingot','','',''),
('3d_armor:helmet_bronze',3,'default:bronze_ingot','default:bronze_ingot','default:bronze_ingot','default:bronze_ingot','','default:bronze_ingot','','',''),
('3d_armor:chestplate_bronze',3,'default:bronze_ingot','','default:bronze_ingot','default:bronze_ingot','default:bronze_ingot','default:bronze_ingot','default:bronze_ingot','default:bronze_ingot','default:bronze_ingot'),
('3d_armor:leggings_bronze',3,'default:bronze_ingot','default:bronze_ingot','default:bronze_ingot','default:bronze_ingot','','default:bronze_ingot','default:bronze_ingot','','default:bronze_ingot'),
('3d_armor:boots_bronze',3,'default:bronze_ingot','','default:bronze_ingot','default:bronze_ingot','','default:bronze_ingot','','',''),
('shields:shield_wood',3,'group:wood','group:wood','group:wood','group:wood','group:wood','group:wood','','group:wood',''),
('shields:shield_diamond',3,'default:diamond','default:diamond','default:diamond','default:diamond','default:diamond','default:diamond','','default:diamond',''),
('shields:shield_cactus',3,'default:cactus','default:cactus','default:cactus','default:cactus','default:cactus','default:cactus','','default:cactus',''),
('shields:shield_gold',3,'default:gold_ingot','default:gold_ingot','default:gold_ingot','default:gold_ingot','default:gold_ingot','default:gold_ingot','','default:gold_ingot',''),
('shields:shield_steel',3,'default:steel_ingot','default:steel_ingot','default:steel_ingot','default:steel_ingot','default:steel_ingot','default:steel_ingot','','default:steel_ingot',''),
('shields:shield_bronze',3,'default:bronze_ingot','default:bronze_ingot','default:bronze_ingot','default:bronze_ingot','default:bronze_ingot','default:bronze_ingot','','default:bronze_ingot','');

INSERT INTO craft_shapeless (craftoutput, recipe1, recipe2, recipe3, recipe4, recipe5, recipe6, recipe7, recipe8, recipe9) VALUES
('moreblocks:stair_stone','moreblocks:panel_stone','moreblocks:slab_stone','','','','','','',''),
('moreblocks:stair_stone','moreblocks:panel_stone','moreblocks:panel_stone','moreblocks:panel_stone','','','','','',''),
('moreblocks:stair_stone_outer','moreblocks:micro_stone','moreblocks:slab_stone','','','','','','',''),
('moreblocks:stair_stone_half','moreblocks:micro_stone','moreblocks:micro_stone','moreblocks:micro_stone','','','','','',''),
('moreblocks:stair_stone_half','moreblocks:panel_stone','moreblocks:micro_stone','','','','','','',''),
('moreblocks:stair_stone_right_half','moreblocks:stair_stone_half','','','','','','','',''),
('moreblocks:stair_stone_half','moreblocks:stair_stone_right_half','','','','','','','',''),
('moreblocks:stair_stone','moreblocks:micro_stone','moreblocks:micro_stone','moreblocks:micro_stone','moreblocks:micro_stone','moreblocks:micro_stone','moreblocks:micro_stone','','',''),
('moreblocks:stair_stone_inner','moreblocks:micro_stone','moreblocks:micro_stone','moreblocks:micro_stone','moreblocks:micro_stone','moreblocks:micro_stone','moreblocks:micro_stone','moreblocks:micro_stone','',''),
('moreblocks:stair_stone_outer','moreblocks:micro_stone','moreblocks:micro_stone','moreblocks:micro_stone','moreblocks:micro_stone','moreblocks:micro_stone','','','',''),
('moreblocks:stair_stone','moreblocks:panel_stone','moreblocks:panel_stone','moreblocks:panel_stone','','','','','',''),
('moreblocks:slab_stone','moreblocks:micro_stone','moreblocks:micro_stone','moreblocks:micro_stone','moreblocks:micro_stone','','','','',''),
('default:stone','moreblocks:slab_stone','moreblocks:slab_stone','','','','','','',''),
('moreblocks:slab_stone 3','moreblocks:stair_stone','moreblocks:stair_stone','','','','','','',''),
('default:stone','moreblocks:slope_stone','moreblocks:slope_stone','','','','','','',''),
('default:stone','moreblocks:slope_stone_outer_cut','moreblocks:slope_stone_outer_cut','','','','','','',''),
('default:stone','moreblocks:slope_stone_half','moreblocks:slope_stone_half_raised','','','','','','',''),
('default:stone','moreblocks:slope_stone_half','moreblocks:slope_stone_half','moreblocks:slope_stone_half','moreblocks:slope_stone_half','','','','',''),
('moreblocks:slab_stone','moreblocks:slope_stone_half','moreblocks:slope_stone_half','','','','','','',''),
('moreblocks:slope_stone_half_raised','moreblocks:slope_stone_half','moreblocks:slope_stone_half','moreblocks:slope_stone_half','','','','','',''),
('moreblocks:slope_stone_half_raised','moreblocks:slab_stone','moreblocks:slope_stone_half','','','','','','',''),
('moreblocks:slope_stone_inner_half_raised','moreblocks:slab_stone','moreblocks:slope_stone_inner_half','','','','','','',''),
('moreblocks:slope_stone_outer_half_raised','moreblocks:slab_stone','moreblocks:slope_stone_outer_half','','','','','','',''),
('moreblocks:slope_stone_outer_cut_half_raised','moreblocks:slab_stone','moreblocks:slope_stone_outer_cut_half','','','','','','',''),
('moreblocks:slope_stone_outer_cut','moreblocks:slope_stone_outer','','','','','','','',''),
('moreblocks:slope_stone_outer_cut_half','moreblocks:slope_stone_outer_half','','','','','','','',''),
('moreblocks:slope_stone_outer_cut_half_raised','moreblocks:slope_stone_outer_half_raised','','','','','','','',''),
('moreblocks:panel_stone','moreblocks:micro_stone','moreblocks:micro_stone','','','','','','',''),
('default:stone','moreblocks:panel_stone','moreblocks:panel_stone','moreblocks:panel_stone','moreblocks:panel_stone','','','','',''),
('moreblocks:micro_stone 7','moreblocks:stair_stone_inner','','','','','','','',''),
('moreblocks:micro_stone 6','moreblocks:stair_stone','','','','','','','',''),
('moreblocks:micro_stone 5','moreblocks:stair_stone_outer','','','','','','','',''),
('moreblocks:micro_stone 4','moreblocks:slab_stone','','','','','','','',''),
('moreblocks:micro_stone 2','moreblocks:panel_stone','','','','','','','',''),
('default:stone','moreblocks:micro_stone','moreblocks:micro_stone','moreblocks:micro_stone','moreblocks:micro_stone','moreblocks:micro_stone','moreblocks:micro_stone','moreblocks:micro_stone','moreblocks:micro_stone',''),
('moreblocks:stair_cobble','moreblocks:panel_cobble','moreblocks:slab_cobble','','','','','','',''),
('moreblocks:stair_cobble','moreblocks:panel_cobble','moreblocks:panel_cobble','moreblocks:panel_cobble','','','','','',''),
('moreblocks:stair_cobble_outer','moreblocks:micro_cobble','moreblocks:slab_cobble','','','','','','',''),
('moreblocks:stair_cobble_half','moreblocks:micro_cobble','moreblocks:micro_cobble','moreblocks:micro_cobble','','','','','',''),
('moreblocks:stair_cobble_half','moreblocks:panel_cobble','moreblocks:micro_cobble','','','','','','',''),
('moreblocks:stair_cobble_right_half','moreblocks:stair_cobble_half','','','','','','','',''),
('moreblocks:stair_cobble_half','moreblocks:stair_cobble_right_half','','','','','','','',''),
('moreblocks:stair_cobble','moreblocks:micro_cobble','moreblocks:micro_cobble','moreblocks:micro_cobble','moreblocks:micro_cobble','moreblocks:micro_cobble','moreblocks:micro_cobble','','',''),
('moreblocks:stair_cobble_inner','moreblocks:micro_cobble','moreblocks:micro_cobble','moreblocks:micro_cobble','moreblocks:micro_cobble','moreblocks:micro_cobble','moreblocks:micro_cobble','moreblocks:micro_cobble','',''),
('moreblocks:stair_cobble_outer','moreblocks:micro_cobble','moreblocks:micro_cobble','moreblocks:micro_cobble','moreblocks:micro_cobble','moreblocks:micro_cobble','','','',''),
('moreblocks:stair_cobble','moreblocks:panel_cobble','moreblocks:panel_cobble','moreblocks:panel_cobble','','','','','',''),
('moreblocks:slab_cobble','moreblocks:micro_cobble','moreblocks:micro_cobble','moreblocks:micro_cobble','moreblocks:micro_cobble','','','','',''),
('default:cobble','moreblocks:slab_cobble','moreblocks:slab_cobble','','','','','','',''),
('moreblocks:slab_cobble 3','moreblocks:stair_cobble','moreblocks:stair_cobble','','','','','','',''),
('default:cobble','moreblocks:slope_cobble','moreblocks:slope_cobble','','','','','','',''),
('default:cobble','moreblocks:slope_cobble_outer_cut','moreblocks:slope_cobble_outer_cut','','','','','','',''),
('default:cobble','moreblocks:slope_cobble_half','moreblocks:slope_cobble_half_raised','','','','','','',''),
('default:cobble','moreblocks:slope_cobble_half','moreblocks:slope_cobble_half','moreblocks:slope_cobble_half','moreblocks:slope_cobble_half','','','','',''),
('moreblocks:slab_cobble','moreblocks:slope_cobble_half','moreblocks:slope_cobble_half','','','','','','',''),
('moreblocks:slope_cobble_half_raised','moreblocks:slope_cobble_half','moreblocks:slope_cobble_half','moreblocks:slope_cobble_half','','','','','',''),
('moreblocks:slope_cobble_half_raised','moreblocks:slab_cobble','moreblocks:slope_cobble_half','','','','','','',''),
('moreblocks:slope_cobble_inner_half_raised','moreblocks:slab_cobble','moreblocks:slope_cobble_inner_half','','','','','','',''),
('moreblocks:slope_cobble_outer_half_raised','moreblocks:slab_cobble','moreblocks:slope_cobble_outer_half','','','','','','',''),
('moreblocks:slope_cobble_outer_cut_half_raised','moreblocks:slab_cobble','moreblocks:slope_cobble_outer_cut_half','','','','','','',''),
('moreblocks:slope_cobble_outer_cut','moreblocks:slope_cobble_outer','','','','','','','',''),
('moreblocks:slope_cobble_outer_cut_half','moreblocks:slope_cobble_outer_half','','','','','','','',''),
('moreblocks:slope_cobble_outer_cut_half_raised','moreblocks:slope_cobble_outer_half_raised','','','','','','','',''),
('moreblocks:panel_cobble','moreblocks:micro_cobble','moreblocks:micro_cobble','','','','','','',''),
('default:cobble','moreblocks:panel_cobble','moreblocks:panel_cobble','moreblocks:panel_cobble','moreblocks:panel_cobble','','','','',''),
('moreblocks:micro_cobble 7','moreblocks:stair_cobble_inner','','','','','','','',''),
('moreblocks:micro_cobble 6','moreblocks:stair_cobble','','','','','','','',''),
('moreblocks:micro_cobble 5','moreblocks:stair_cobble_outer','','','','','','','',''),
('moreblocks:micro_cobble 4','moreblocks:slab_cobble','','','','','','','',''),
('moreblocks:micro_cobble 2','moreblocks:panel_cobble','','','','','','','',''),
('default:cobble','moreblocks:micro_cobble','moreblocks:micro_cobble','moreblocks:micro_cobble','moreblocks:micro_cobble','moreblocks:micro_cobble','moreblocks:micro_cobble','moreblocks:micro_cobble','moreblocks:micro_cobble',''),
('moreblocks:stair_mossycobble','moreblocks:panel_mossycobble','moreblocks:slab_mossycobble','','','','','','',''),
('moreblocks:stair_mossycobble','moreblocks:panel_mossycobble','moreblocks:panel_mossycobble','moreblocks:panel_mossycobble','','','','','',''),
('moreblocks:stair_mossycobble_outer','moreblocks:micro_mossycobble','moreblocks:slab_mossycobble','','','','','','',''),
('moreblocks:stair_mossycobble_half','moreblocks:micro_mossycobble','moreblocks:micro_mossycobble','moreblocks:micro_mossycobble','','','','','',''),
('moreblocks:stair_mossycobble_half','moreblocks:panel_mossycobble','moreblocks:micro_mossycobble','','','','','','',''),
('moreblocks:stair_mossycobble_right_half','moreblocks:stair_mossycobble_half','','','','','','','',''),
('moreblocks:stair_mossycobble_half','moreblocks:stair_mossycobble_right_half','','','','','','','',''),
('moreblocks:stair_mossycobble','moreblocks:micro_mossycobble','moreblocks:micro_mossycobble','moreblocks:micro_mossycobble','moreblocks:micro_mossycobble','moreblocks:micro_mossycobble','moreblocks:micro_mossycobble','','',''),
('moreblocks:stair_mossycobble_inner','moreblocks:micro_mossycobble','moreblocks:micro_mossycobble','moreblocks:micro_mossycobble','moreblocks:micro_mossycobble','moreblocks:micro_mossycobble','moreblocks:micro_mossycobble','moreblocks:micro_mossycobble','',''),
('moreblocks:stair_mossycobble_outer','moreblocks:micro_mossycobble','moreblocks:micro_mossycobble','moreblocks:micro_mossycobble','moreblocks:micro_mossycobble','moreblocks:micro_mossycobble','','','',''),
('moreblocks:stair_mossycobble','moreblocks:panel_mossycobble','moreblocks:panel_mossycobble','moreblocks:panel_mossycobble','','','','','',''),
('moreblocks:slab_mossycobble','moreblocks:micro_mossycobble','moreblocks:micro_mossycobble','moreblocks:micro_mossycobble','moreblocks:micro_mossycobble','','','','',''),
('default:mossycobble','moreblocks:slab_mossycobble','moreblocks:slab_mossycobble','','','','','','',''),
('moreblocks:slab_mossycobble 3','moreblocks:stair_mossycobble','moreblocks:stair_mossycobble','','','','','','',''),
('default:mossycobble','moreblocks:slope_mossycobble','moreblocks:slope_mossycobble','','','','','','',''),
('default:mossycobble','moreblocks:slope_mossycobble_outer_cut','moreblocks:slope_mossycobble_outer_cut','','','','','','',''),
('default:mossycobble','moreblocks:slope_mossycobble_half','moreblocks:slope_mossycobble_half_raised','','','','','','',''),
('default:mossycobble','moreblocks:slope_mossycobble_half','moreblocks:slope_mossycobble_half','moreblocks:slope_mossycobble_half','moreblocks:slope_mossycobble_half','','','','',''),
('moreblocks:slab_mossycobble','moreblocks:slope_mossycobble_half','moreblocks:slope_mossycobble_half','','','','','','',''),
('moreblocks:slope_mossycobble_half_raised','moreblocks:slope_mossycobble_half','moreblocks:slope_mossycobble_half','moreblocks:slope_mossycobble_half','','','','','',''),
('moreblocks:slope_mossycobble_half_raised','moreblocks:slab_mossycobble','moreblocks:slope_mossycobble_half','','','','','','',''),
('moreblocks:slope_mossycobble_inner_half_raised','moreblocks:slab_mossycobble','moreblocks:slope_mossycobble_inner_half','','','','','','',''),
('moreblocks:slope_mossycobble_outer_half_raised','moreblocks:slab_mossycobble','moreblocks:slope_mossycobble_outer_half','','','','','','',''),
('moreblocks:slope_mossycobble_outer_cut_half_raised','moreblocks:slab_mossycobble','moreblocks:slope_mossycobble_outer_cut_half','','','','','','',''),
('moreblocks:slope_mossycobble_outer_cut','moreblocks:slope_mossycobble_outer','','','','','','','',''),
('moreblocks:slope_mossycobble_outer_cut_half','moreblocks:slope_mossycobble_outer_half','','','','','','','',''),
('moreblocks:slope_mossycobble_outer_cut_half_raised','moreblocks:slope_mossycobble_outer_half_raised','','','','','','','',''),
('moreblocks:panel_mossycobble','moreblocks:micro_mossycobble','moreblocks:micro_mossycobble','','','','','','',''),
('default:mossycobble','moreblocks:panel_mossycobble','moreblocks:panel_mossycobble','moreblocks:panel_mossycobble','moreblocks:panel_mossycobble','','','','',''),
('moreblocks:micro_mossycobble 7','moreblocks:stair_mossycobble_inner','','','','','','','',''),
('moreblocks:micro_mossycobble 6','moreblocks:stair_mossycobble','','','','','','','',''),
('moreblocks:micro_mossycobble 5','moreblocks:stair_mossycobble_outer','','','','','','','',''),
('moreblocks:micro_mossycobble 4','moreblocks:slab_mossycobble','','','','','','','',''),
('moreblocks:micro_mossycobble 2','moreblocks:panel_mossycobble','','','','','','','',''),
('default:mossycobble','moreblocks:micro_mossycobble','moreblocks:micro_mossycobble','moreblocks:micro_mossycobble','moreblocks:micro_mossycobble','moreblocks:micro_mossycobble','moreblocks:micro_mossycobble','moreblocks:micro_mossycobble','moreblocks:micro_mossycobble',''),
('moreblocks:stair_brick','moreblocks:panel_brick','moreblocks:slab_brick','','','','','','',''),
('moreblocks:stair_brick','moreblocks:panel_brick','moreblocks:panel_brick','moreblocks:panel_brick','','','','','',''),
('moreblocks:stair_brick_outer','moreblocks:micro_brick','moreblocks:slab_brick','','','','','','',''),
('moreblocks:stair_brick_half','moreblocks:micro_brick','moreblocks:micro_brick','moreblocks:micro_brick','','','','','',''),
('moreblocks:stair_brick_half','moreblocks:panel_brick','moreblocks:micro_brick','','','','','','',''),
('moreblocks:stair_brick_right_half','moreblocks:stair_brick_half','','','','','','','',''),
('moreblocks:stair_brick_half','moreblocks:stair_brick_right_half','','','','','','','',''),
('moreblocks:stair_brick','moreblocks:micro_brick','moreblocks:micro_brick','moreblocks:micro_brick','moreblocks:micro_brick','moreblocks:micro_brick','moreblocks:micro_brick','','',''),
('moreblocks:stair_brick_inner','moreblocks:micro_brick','moreblocks:micro_brick','moreblocks:micro_brick','moreblocks:micro_brick','moreblocks:micro_brick','moreblocks:micro_brick','moreblocks:micro_brick','',''),
('moreblocks:stair_brick_outer','moreblocks:micro_brick','moreblocks:micro_brick','moreblocks:micro_brick','moreblocks:micro_brick','moreblocks:micro_brick','','','',''),
('moreblocks:stair_brick','moreblocks:panel_brick','moreblocks:panel_brick','moreblocks:panel_brick','','','','','',''),
('moreblocks:slab_brick','moreblocks:micro_brick','moreblocks:micro_brick','moreblocks:micro_brick','moreblocks:micro_brick','','','','',''),
('default:brick','moreblocks:slab_brick','moreblocks:slab_brick','','','','','','',''),
('moreblocks:slab_brick 3','moreblocks:stair_brick','moreblocks:stair_brick','','','','','','',''),
('default:brick','moreblocks:slope_brick','moreblocks:slope_brick','','','','','','',''),
('default:brick','moreblocks:slope_brick_outer_cut','moreblocks:slope_brick_outer_cut','','','','','','',''),
('default:brick','moreblocks:slope_brick_half','moreblocks:slope_brick_half_raised','','','','','','',''),
('default:brick','moreblocks:slope_brick_half','moreblocks:slope_brick_half','moreblocks:slope_brick_half','moreblocks:slope_brick_half','','','','',''),
('moreblocks:slab_brick','moreblocks:slope_brick_half','moreblocks:slope_brick_half','','','','','','',''),
('moreblocks:slope_brick_half_raised','moreblocks:slope_brick_half','moreblocks:slope_brick_half','moreblocks:slope_brick_half','','','','','',''),
('moreblocks:slope_brick_half_raised','moreblocks:slab_brick','moreblocks:slope_brick_half','','','','','','',''),
('moreblocks:slope_brick_inner_half_raised','moreblocks:slab_brick','moreblocks:slope_brick_inner_half','','','','','','',''),
('moreblocks:slope_brick_outer_half_raised','moreblocks:slab_brick','moreblocks:slope_brick_outer_half','','','','','','',''),
('moreblocks:slope_brick_outer_cut_half_raised','moreblocks:slab_brick','moreblocks:slope_brick_outer_cut_half','','','','','','',''),
('moreblocks:slope_brick_outer_cut','moreblocks:slope_brick_outer','','','','','','','',''),
('moreblocks:slope_brick_outer_cut_half','moreblocks:slope_brick_outer_half','','','','','','','',''),
('moreblocks:slope_brick_outer_cut_half_raised','moreblocks:slope_brick_outer_half_raised','','','','','','','',''),
('moreblocks:panel_brick','moreblocks:micro_brick','moreblocks:micro_brick','','','','','','',''),
('default:brick','moreblocks:panel_brick','moreblocks:panel_brick','moreblocks:panel_brick','moreblocks:panel_brick','','','','',''),
('moreblocks:micro_brick 7','moreblocks:stair_brick_inner','','','','','','','',''),
('moreblocks:micro_brick 6','moreblocks:stair_brick','','','','','','','',''),
('moreblocks:micro_brick 5','moreblocks:stair_brick_outer','','','','','','','',''),
('moreblocks:micro_brick 4','moreblocks:slab_brick','','','','','','','',''),
('moreblocks:micro_brick 2','moreblocks:panel_brick','','','','','','','',''),
('default:brick','moreblocks:micro_brick','moreblocks:micro_brick','moreblocks:micro_brick','moreblocks:micro_brick','moreblocks:micro_brick','moreblocks:micro_brick','moreblocks:micro_brick','moreblocks:micro_brick',''),
('moreblocks:stair_sandstone','moreblocks:panel_sandstone','moreblocks:slab_sandstone','','','','','','',''),
('moreblocks:stair_sandstone','moreblocks:panel_sandstone','moreblocks:panel_sandstone','moreblocks:panel_sandstone','','','','','',''),
('moreblocks:stair_sandstone_outer','moreblocks:micro_sandstone','moreblocks:slab_sandstone','','','','','','',''),
('moreblocks:stair_sandstone_half','moreblocks:micro_sandstone','moreblocks:micro_sandstone','moreblocks:micro_sandstone','','','','','',''),
('moreblocks:stair_sandstone_half','moreblocks:panel_sandstone','moreblocks:micro_sandstone','','','','','','',''),
('moreblocks:stair_sandstone_right_half','moreblocks:stair_sandstone_half','','','','','','','',''),
('moreblocks:stair_sandstone_half','moreblocks:stair_sandstone_right_half','','','','','','','',''),
('moreblocks:stair_sandstone','moreblocks:micro_sandstone','moreblocks:micro_sandstone','moreblocks:micro_sandstone','moreblocks:micro_sandstone','moreblocks:micro_sandstone','moreblocks:micro_sandstone','','',''),
('moreblocks:stair_sandstone_inner','moreblocks:micro_sandstone','moreblocks:micro_sandstone','moreblocks:micro_sandstone','moreblocks:micro_sandstone','moreblocks:micro_sandstone','moreblocks:micro_sandstone','moreblocks:micro_sandstone','',''),
('moreblocks:stair_sandstone_outer','moreblocks:micro_sandstone','moreblocks:micro_sandstone','moreblocks:micro_sandstone','moreblocks:micro_sandstone','moreblocks:micro_sandstone','','','',''),
('moreblocks:stair_sandstone','moreblocks:panel_sandstone','moreblocks:panel_sandstone','moreblocks:panel_sandstone','','','','','',''),
('moreblocks:slab_sandstone','moreblocks:micro_sandstone','moreblocks:micro_sandstone','moreblocks:micro_sandstone','moreblocks:micro_sandstone','','','','',''),
('default:sandstone','moreblocks:slab_sandstone','moreblocks:slab_sandstone','','','','','','',''),
('moreblocks:slab_sandstone 3','moreblocks:stair_sandstone','moreblocks:stair_sandstone','','','','','','',''),
('default:sandstone','moreblocks:slope_sandstone','moreblocks:slope_sandstone','','','','','','',''),
('default:sandstone','moreblocks:slope_sandstone_outer_cut','moreblocks:slope_sandstone_outer_cut','','','','','','',''),
('default:sandstone','moreblocks:slope_sandstone_half','moreblocks:slope_sandstone_half_raised','','','','','','',''),
('default:sandstone','moreblocks:slope_sandstone_half','moreblocks:slope_sandstone_half','moreblocks:slope_sandstone_half','moreblocks:slope_sandstone_half','','','','',''),
('moreblocks:slab_sandstone','moreblocks:slope_sandstone_half','moreblocks:slope_sandstone_half','','','','','','',''),
('moreblocks:slope_sandstone_half_raised','moreblocks:slope_sandstone_half','moreblocks:slope_sandstone_half','moreblocks:slope_sandstone_half','','','','','',''),
('moreblocks:slope_sandstone_half_raised','moreblocks:slab_sandstone','moreblocks:slope_sandstone_half','','','','','','',''),
('moreblocks:slope_sandstone_inner_half_raised','moreblocks:slab_sandstone','moreblocks:slope_sandstone_inner_half','','','','','','',''),
('moreblocks:slope_sandstone_outer_half_raised','moreblocks:slab_sandstone','moreblocks:slope_sandstone_outer_half','','','','','','',''),
('moreblocks:slope_sandstone_outer_cut_half_raised','moreblocks:slab_sandstone','moreblocks:slope_sandstone_outer_cut_half','','','','','','',''),
('moreblocks:slope_sandstone_outer_cut','moreblocks:slope_sandstone_outer','','','','','','','',''),
('moreblocks:slope_sandstone_outer_cut_half','moreblocks:slope_sandstone_outer_half','','','','','','','',''),
('moreblocks:slope_sandstone_outer_cut_half_raised','moreblocks:slope_sandstone_outer_half_raised','','','','','','','',''),
('moreblocks:panel_sandstone','moreblocks:micro_sandstone','moreblocks:micro_sandstone','','','','','','',''),
('default:sandstone','moreblocks:panel_sandstone','moreblocks:panel_sandstone','moreblocks:panel_sandstone','moreblocks:panel_sandstone','','','','',''),
('moreblocks:micro_sandstone 7','moreblocks:stair_sandstone_inner','','','','','','','',''),
('moreblocks:micro_sandstone 6','moreblocks:stair_sandstone','','','','','','','',''),
('moreblocks:micro_sandstone 5','moreblocks:stair_sandstone_outer','','','','','','','',''),
('moreblocks:micro_sandstone 4','moreblocks:slab_sandstone','','','','','','','',''),
('moreblocks:micro_sandstone 2','moreblocks:panel_sandstone','','','','','','','',''),
('default:sandstone','moreblocks:micro_sandstone','moreblocks:micro_sandstone','moreblocks:micro_sandstone','moreblocks:micro_sandstone','moreblocks:micro_sandstone','moreblocks:micro_sandstone','moreblocks:micro_sandstone','moreblocks:micro_sandstone',''),
('moreblocks:stair_steelblock','moreblocks:panel_steelblock','moreblocks:slab_steelblock','','','','','','',''),
('moreblocks:stair_steelblock','moreblocks:panel_steelblock','moreblocks:panel_steelblock','moreblocks:panel_steelblock','','','','','',''),
('moreblocks:stair_steelblock_outer','moreblocks:micro_steelblock','moreblocks:slab_steelblock','','','','','','',''),
('moreblocks:stair_steelblock_half','moreblocks:micro_steelblock','moreblocks:micro_steelblock','moreblocks:micro_steelblock','','','','','',''),
('moreblocks:stair_steelblock_half','moreblocks:panel_steelblock','moreblocks:micro_steelblock','','','','','','',''),
('moreblocks:stair_steelblock_right_half','moreblocks:stair_steelblock_half','','','','','','','',''),
('moreblocks:stair_steelblock_half','moreblocks:stair_steelblock_right_half','','','','','','','',''),
('moreblocks:stair_steelblock','moreblocks:micro_steelblock','moreblocks:micro_steelblock','moreblocks:micro_steelblock','moreblocks:micro_steelblock','moreblocks:micro_steelblock','moreblocks:micro_steelblock','','',''),
('moreblocks:stair_steelblock_inner','moreblocks:micro_steelblock','moreblocks:micro_steelblock','moreblocks:micro_steelblock','moreblocks:micro_steelblock','moreblocks:micro_steelblock','moreblocks:micro_steelblock','moreblocks:micro_steelblock','',''),
('moreblocks:stair_steelblock_outer','moreblocks:micro_steelblock','moreblocks:micro_steelblock','moreblocks:micro_steelblock','moreblocks:micro_steelblock','moreblocks:micro_steelblock','','','',''),
('moreblocks:stair_steelblock','moreblocks:panel_steelblock','moreblocks:panel_steelblock','moreblocks:panel_steelblock','','','','','',''),
('moreblocks:slab_steelblock','moreblocks:micro_steelblock','moreblocks:micro_steelblock','moreblocks:micro_steelblock','moreblocks:micro_steelblock','','','','',''),
('default:steelblock','moreblocks:slab_steelblock','moreblocks:slab_steelblock','','','','','','',''),
('moreblocks:slab_steelblock 3','moreblocks:stair_steelblock','moreblocks:stair_steelblock','','','','','','',''),
('default:steelblock','moreblocks:slope_steelblock','moreblocks:slope_steelblock','','','','','','',''),
('default:steelblock','moreblocks:slope_steelblock_outer_cut','moreblocks:slope_steelblock_outer_cut','','','','','','',''),
('default:steelblock','moreblocks:slope_steelblock_half','moreblocks:slope_steelblock_half_raised','','','','','','',''),
('default:steelblock','moreblocks:slope_steelblock_half','moreblocks:slope_steelblock_half','moreblocks:slope_steelblock_half','moreblocks:slope_steelblock_half','','','','',''),
('moreblocks:slab_steelblock','moreblocks:slope_steelblock_half','moreblocks:slope_steelblock_half','','','','','','',''),
('moreblocks:slope_steelblock_half_raised','moreblocks:slope_steelblock_half','moreblocks:slope_steelblock_half','moreblocks:slope_steelblock_half','','','','','',''),
('moreblocks:slope_steelblock_half_raised','moreblocks:slab_steelblock','moreblocks:slope_steelblock_half','','','','','','',''),
('moreblocks:slope_steelblock_inner_half_raised','moreblocks:slab_steelblock','moreblocks:slope_steelblock_inner_half','','','','','','',''),
('moreblocks:slope_steelblock_outer_half_raised','moreblocks:slab_steelblock','moreblocks:slope_steelblock_outer_half','','','','','','',''),
('moreblocks:slope_steelblock_outer_cut_half_raised','moreblocks:slab_steelblock','moreblocks:slope_steelblock_outer_cut_half','','','','','','',''),
('moreblocks:slope_steelblock_outer_cut','moreblocks:slope_steelblock_outer','','','','','','','',''),
('moreblocks:slope_steelblock_outer_cut_half','moreblocks:slope_steelblock_outer_half','','','','','','','',''),
('moreblocks:slope_steelblock_outer_cut_half_raised','moreblocks:slope_steelblock_outer_half_raised','','','','','','','',''),
('moreblocks:panel_steelblock','moreblocks:micro_steelblock','moreblocks:micro_steelblock','','','','','','',''),
('default:steelblock','moreblocks:panel_steelblock','moreblocks:panel_steelblock','moreblocks:panel_steelblock','moreblocks:panel_steelblock','','','','',''),
('moreblocks:micro_steelblock 7','moreblocks:stair_steelblock_inner','','','','','','','',''),
('moreblocks:micro_steelblock 6','moreblocks:stair_steelblock','','','','','','','',''),
('moreblocks:micro_steelblock 5','moreblocks:stair_steelblock_outer','','','','','','','',''),
('moreblocks:micro_steelblock 4','moreblocks:slab_steelblock','','','','','','','',''),
('moreblocks:micro_steelblock 2','moreblocks:panel_steelblock','','','','','','','',''),
('default:steelblock','moreblocks:micro_steelblock','moreblocks:micro_steelblock','moreblocks:micro_steelblock','moreblocks:micro_steelblock','moreblocks:micro_steelblock','moreblocks:micro_steelblock','moreblocks:micro_steelblock','moreblocks:micro_steelblock',''),
('moreblocks:stair_goldblock','moreblocks:panel_goldblock','moreblocks:slab_goldblock','','','','','','',''),
('moreblocks:stair_goldblock','moreblocks:panel_goldblock','moreblocks:panel_goldblock','moreblocks:panel_goldblock','','','','','',''),
('moreblocks:stair_goldblock_outer','moreblocks:micro_goldblock','moreblocks:slab_goldblock','','','','','','',''),
('moreblocks:stair_goldblock_half','moreblocks:micro_goldblock','moreblocks:micro_goldblock','moreblocks:micro_goldblock','','','','','',''),
('moreblocks:stair_goldblock_half','moreblocks:panel_goldblock','moreblocks:micro_goldblock','','','','','','',''),
('moreblocks:stair_goldblock_right_half','moreblocks:stair_goldblock_half','','','','','','','',''),
('moreblocks:stair_goldblock_half','moreblocks:stair_goldblock_right_half','','','','','','','',''),
('moreblocks:stair_goldblock','moreblocks:micro_goldblock','moreblocks:micro_goldblock','moreblocks:micro_goldblock','moreblocks:micro_goldblock','moreblocks:micro_goldblock','moreblocks:micro_goldblock','','',''),
('moreblocks:stair_goldblock_inner','moreblocks:micro_goldblock','moreblocks:micro_goldblock','moreblocks:micro_goldblock','moreblocks:micro_goldblock','moreblocks:micro_goldblock','moreblocks:micro_goldblock','moreblocks:micro_goldblock','',''),
('moreblocks:stair_goldblock_outer','moreblocks:micro_goldblock','moreblocks:micro_goldblock','moreblocks:micro_goldblock','moreblocks:micro_goldblock','moreblocks:micro_goldblock','','','',''),
('moreblocks:stair_goldblock','moreblocks:panel_goldblock','moreblocks:panel_goldblock','moreblocks:panel_goldblock','','','','','',''),
('moreblocks:slab_goldblock','moreblocks:micro_goldblock','moreblocks:micro_goldblock','moreblocks:micro_goldblock','moreblocks:micro_goldblock','','','','',''),
('default:goldblock','moreblocks:slab_goldblock','moreblocks:slab_goldblock','','','','','','',''),
('moreblocks:slab_goldblock 3','moreblocks:stair_goldblock','moreblocks:stair_goldblock','','','','','','',''),
('default:goldblock','moreblocks:slope_goldblock','moreblocks:slope_goldblock','','','','','','',''),
('default:goldblock','moreblocks:slope_goldblock_outer_cut','moreblocks:slope_goldblock_outer_cut','','','','','','',''),
('default:goldblock','moreblocks:slope_goldblock_half','moreblocks:slope_goldblock_half_raised','','','','','','',''),
('default:goldblock','moreblocks:slope_goldblock_half','moreblocks:slope_goldblock_half','moreblocks:slope_goldblock_half','moreblocks:slope_goldblock_half','','','','',''),
('moreblocks:slab_goldblock','moreblocks:slope_goldblock_half','moreblocks:slope_goldblock_half','','','','','','',''),
('moreblocks:slope_goldblock_half_raised','moreblocks:slope_goldblock_half','moreblocks:slope_goldblock_half','moreblocks:slope_goldblock_half','','','','','',''),
('moreblocks:slope_goldblock_half_raised','moreblocks:slab_goldblock','moreblocks:slope_goldblock_half','','','','','','',''),
('moreblocks:slope_goldblock_inner_half_raised','moreblocks:slab_goldblock','moreblocks:slope_goldblock_inner_half','','','','','','',''),
('moreblocks:slope_goldblock_outer_half_raised','moreblocks:slab_goldblock','moreblocks:slope_goldblock_outer_half','','','','','','',''),
('moreblocks:slope_goldblock_outer_cut_half_raised','moreblocks:slab_goldblock','moreblocks:slope_goldblock_outer_cut_half','','','','','','',''),
('moreblocks:slope_goldblock_outer_cut','moreblocks:slope_goldblock_outer','','','','','','','',''),
('moreblocks:slope_goldblock_outer_cut_half','moreblocks:slope_goldblock_outer_half','','','','','','','',''),
('moreblocks:slope_goldblock_outer_cut_half_raised','moreblocks:slope_goldblock_outer_half_raised','','','','','','','',''),
('moreblocks:panel_goldblock','moreblocks:micro_goldblock','moreblocks:micro_goldblock','','','','','','',''),
('default:goldblock','moreblocks:panel_goldblock','moreblocks:panel_goldblock','moreblocks:panel_goldblock','moreblocks:panel_goldblock','','','','',''),
('moreblocks:micro_goldblock 7','moreblocks:stair_goldblock_inner','','','','','','','',''),
('moreblocks:micro_goldblock 6','moreblocks:stair_goldblock','','','','','','','',''),
('moreblocks:micro_goldblock 5','moreblocks:stair_goldblock_outer','','','','','','','',''),
('moreblocks:micro_goldblock 4','moreblocks:slab_goldblock','','','','','','','',''),
('moreblocks:micro_goldblock 2','moreblocks:panel_goldblock','','','','','','','',''),
('default:goldblock','moreblocks:micro_goldblock','moreblocks:micro_goldblock','moreblocks:micro_goldblock','moreblocks:micro_goldblock','moreblocks:micro_goldblock','moreblocks:micro_goldblock','moreblocks:micro_goldblock','moreblocks:micro_goldblock',''),
('moreblocks:stair_copperblock','moreblocks:panel_copperblock','moreblocks:slab_copperblock','','','','','','',''),
('moreblocks:stair_copperblock','moreblocks:panel_copperblock','moreblocks:panel_copperblock','moreblocks:panel_copperblock','','','','','',''),
('moreblocks:stair_copperblock_outer','moreblocks:micro_copperblock','moreblocks:slab_copperblock','','','','','','',''),
('moreblocks:stair_copperblock_half','moreblocks:micro_copperblock','moreblocks:micro_copperblock','moreblocks:micro_copperblock','','','','','',''),
('moreblocks:stair_copperblock_half','moreblocks:panel_copperblock','moreblocks:micro_copperblock','','','','','','',''),
('moreblocks:stair_copperblock_right_half','moreblocks:stair_copperblock_half','','','','','','','',''),
('moreblocks:stair_copperblock_half','moreblocks:stair_copperblock_right_half','','','','','','','',''),
('moreblocks:stair_copperblock','moreblocks:micro_copperblock','moreblocks:micro_copperblock','moreblocks:micro_copperblock','moreblocks:micro_copperblock','moreblocks:micro_copperblock','moreblocks:micro_copperblock','','',''),
('moreblocks:stair_copperblock_inner','moreblocks:micro_copperblock','moreblocks:micro_copperblock','moreblocks:micro_copperblock','moreblocks:micro_copperblock','moreblocks:micro_copperblock','moreblocks:micro_copperblock','moreblocks:micro_copperblock','',''),
('moreblocks:stair_copperblock_outer','moreblocks:micro_copperblock','moreblocks:micro_copperblock','moreblocks:micro_copperblock','moreblocks:micro_copperblock','moreblocks:micro_copperblock','','','',''),
('moreblocks:stair_copperblock','moreblocks:panel_copperblock','moreblocks:panel_copperblock','moreblocks:panel_copperblock','','','','','',''),
('moreblocks:slab_copperblock','moreblocks:micro_copperblock','moreblocks:micro_copperblock','moreblocks:micro_copperblock','moreblocks:micro_copperblock','','','','',''),
('default:copperblock','moreblocks:slab_copperblock','moreblocks:slab_copperblock','','','','','','',''),
('moreblocks:slab_copperblock 3','moreblocks:stair_copperblock','moreblocks:stair_copperblock','','','','','','',''),
('default:copperblock','moreblocks:slope_copperblock','moreblocks:slope_copperblock','','','','','','',''),
('default:copperblock','moreblocks:slope_copperblock_outer_cut','moreblocks:slope_copperblock_outer_cut','','','','','','',''),
('default:copperblock','moreblocks:slope_copperblock_half','moreblocks:slope_copperblock_half_raised','','','','','','',''),
('default:copperblock','moreblocks:slope_copperblock_half','moreblocks:slope_copperblock_half','moreblocks:slope_copperblock_half','moreblocks:slope_copperblock_half','','','','',''),
('moreblocks:slab_copperblock','moreblocks:slope_copperblock_half','moreblocks:slope_copperblock_half','','','','','','',''),
('moreblocks:slope_copperblock_half_raised','moreblocks:slope_copperblock_half','moreblocks:slope_copperblock_half','moreblocks:slope_copperblock_half','','','','','',''),
('moreblocks:slope_copperblock_half_raised','moreblocks:slab_copperblock','moreblocks:slope_copperblock_half','','','','','','',''),
('moreblocks:slope_copperblock_inner_half_raised','moreblocks:slab_copperblock','moreblocks:slope_copperblock_inner_half','','','','','','',''),
('moreblocks:slope_copperblock_outer_half_raised','moreblocks:slab_copperblock','moreblocks:slope_copperblock_outer_half','','','','','','',''),
('moreblocks:slope_copperblock_outer_cut_half_raised','moreblocks:slab_copperblock','moreblocks:slope_copperblock_outer_cut_half','','','','','','',''),
('moreblocks:slope_copperblock_outer_cut','moreblocks:slope_copperblock_outer','','','','','','','',''),
('moreblocks:slope_copperblock_outer_cut_half','moreblocks:slope_copperblock_outer_half','','','','','','','',''),
('moreblocks:slope_copperblock_outer_cut_half_raised','moreblocks:slope_copperblock_outer_half_raised','','','','','','','',''),
('moreblocks:panel_copperblock','moreblocks:micro_copperblock','moreblocks:micro_copperblock','','','','','','',''),
('default:copperblock','moreblocks:panel_copperblock','moreblocks:panel_copperblock','moreblocks:panel_copperblock','moreblocks:panel_copperblock','','','','',''),
('moreblocks:micro_copperblock 7','moreblocks:stair_copperblock_inner','','','','','','','',''),
('moreblocks:micro_copperblock 6','moreblocks:stair_copperblock','','','','','','','',''),
('moreblocks:micro_copperblock 5','moreblocks:stair_copperblock_outer','','','','','','','',''),
('moreblocks:micro_copperblock 4','moreblocks:slab_copperblock','','','','','','','',''),
('moreblocks:micro_copperblock 2','moreblocks:panel_copperblock','','','','','','','',''),
('default:copperblock','moreblocks:micro_copperblock','moreblocks:micro_copperblock','moreblocks:micro_copperblock','moreblocks:micro_copperblock','moreblocks:micro_copperblock','moreblocks:micro_copperblock','moreblocks:micro_copperblock','moreblocks:micro_copperblock',''),
('moreblocks:stair_bronzeblock','moreblocks:panel_bronzeblock','moreblocks:slab_bronzeblock','','','','','','',''),
('moreblocks:stair_bronzeblock','moreblocks:panel_bronzeblock','moreblocks:panel_bronzeblock','moreblocks:panel_bronzeblock','','','','','',''),
('moreblocks:stair_bronzeblock_outer','moreblocks:micro_bronzeblock','moreblocks:slab_bronzeblock','','','','','','',''),
('moreblocks:stair_bronzeblock_half','moreblocks:micro_bronzeblock','moreblocks:micro_bronzeblock','moreblocks:micro_bronzeblock','','','','','',''),
('moreblocks:stair_bronzeblock_half','moreblocks:panel_bronzeblock','moreblocks:micro_bronzeblock','','','','','','',''),
('moreblocks:stair_bronzeblock_right_half','moreblocks:stair_bronzeblock_half','','','','','','','',''),
('moreblocks:stair_bronzeblock_half','moreblocks:stair_bronzeblock_right_half','','','','','','','',''),
('moreblocks:stair_bronzeblock','moreblocks:micro_bronzeblock','moreblocks:micro_bronzeblock','moreblocks:micro_bronzeblock','moreblocks:micro_bronzeblock','moreblocks:micro_bronzeblock','moreblocks:micro_bronzeblock','','',''),
('moreblocks:stair_bronzeblock_inner','moreblocks:micro_bronzeblock','moreblocks:micro_bronzeblock','moreblocks:micro_bronzeblock','moreblocks:micro_bronzeblock','moreblocks:micro_bronzeblock','moreblocks:micro_bronzeblock','moreblocks:micro_bronzeblock','',''),
('moreblocks:stair_bronzeblock_outer','moreblocks:micro_bronzeblock','moreblocks:micro_bronzeblock','moreblocks:micro_bronzeblock','moreblocks:micro_bronzeblock','moreblocks:micro_bronzeblock','','','',''),
('moreblocks:stair_bronzeblock','moreblocks:panel_bronzeblock','moreblocks:panel_bronzeblock','moreblocks:panel_bronzeblock','','','','','',''),
('moreblocks:slab_bronzeblock','moreblocks:micro_bronzeblock','moreblocks:micro_bronzeblock','moreblocks:micro_bronzeblock','moreblocks:micro_bronzeblock','','','','',''),
('default:bronzeblock','moreblocks:slab_bronzeblock','moreblocks:slab_bronzeblock','','','','','','',''),
('moreblocks:slab_bronzeblock 3','moreblocks:stair_bronzeblock','moreblocks:stair_bronzeblock','','','','','','',''),
('default:bronzeblock','moreblocks:slope_bronzeblock','moreblocks:slope_bronzeblock','','','','','','',''),
('default:bronzeblock','moreblocks:slope_bronzeblock_outer_cut','moreblocks:slope_bronzeblock_outer_cut','','','','','','',''),
('default:bronzeblock','moreblocks:slope_bronzeblock_half','moreblocks:slope_bronzeblock_half_raised','','','','','','',''),
('default:bronzeblock','moreblocks:slope_bronzeblock_half','moreblocks:slope_bronzeblock_half','moreblocks:slope_bronzeblock_half','moreblocks:slope_bronzeblock_half','','','','',''),
('moreblocks:slab_bronzeblock','moreblocks:slope_bronzeblock_half','moreblocks:slope_bronzeblock_half','','','','','','',''),
('moreblocks:slope_bronzeblock_half_raised','moreblocks:slope_bronzeblock_half','moreblocks:slope_bronzeblock_half','moreblocks:slope_bronzeblock_half','','','','','',''),
('moreblocks:slope_bronzeblock_half_raised','moreblocks:slab_bronzeblock','moreblocks:slope_bronzeblock_half','','','','','','',''),
('moreblocks:slope_bronzeblock_inner_half_raised','moreblocks:slab_bronzeblock','moreblocks:slope_bronzeblock_inner_half','','','','','','',''),
('moreblocks:slope_bronzeblock_outer_half_raised','moreblocks:slab_bronzeblock','moreblocks:slope_bronzeblock_outer_half','','','','','','',''),
('moreblocks:slope_bronzeblock_outer_cut_half_raised','moreblocks:slab_bronzeblock','moreblocks:slope_bronzeblock_outer_cut_half','','','','','','',''),
('moreblocks:slope_bronzeblock_outer_cut','moreblocks:slope_bronzeblock_outer','','','','','','','',''),
('moreblocks:slope_bronzeblock_outer_cut_half','moreblocks:slope_bronzeblock_outer_half','','','','','','','',''),
('moreblocks:slope_bronzeblock_outer_cut_half_raised','moreblocks:slope_bronzeblock_outer_half_raised','','','','','','','',''),
('moreblocks:panel_bronzeblock','moreblocks:micro_bronzeblock','moreblocks:micro_bronzeblock','','','','','','',''),
('default:bronzeblock','moreblocks:panel_bronzeblock','moreblocks:panel_bronzeblock','moreblocks:panel_bronzeblock','moreblocks:panel_bronzeblock','','','','',''),
('moreblocks:micro_bronzeblock 7','moreblocks:stair_bronzeblock_inner','','','','','','','',''),
('moreblocks:micro_bronzeblock 6','moreblocks:stair_bronzeblock','','','','','','','',''),
('moreblocks:micro_bronzeblock 5','moreblocks:stair_bronzeblock_outer','','','','','','','',''),
('moreblocks:micro_bronzeblock 4','moreblocks:slab_bronzeblock','','','','','','','',''),
('moreblocks:micro_bronzeblock 2','moreblocks:panel_bronzeblock','','','','','','','',''),
('default:bronzeblock','moreblocks:micro_bronzeblock','moreblocks:micro_bronzeblock','moreblocks:micro_bronzeblock','moreblocks:micro_bronzeblock','moreblocks:micro_bronzeblock','moreblocks:micro_bronzeblock','moreblocks:micro_bronzeblock','moreblocks:micro_bronzeblock',''),
('moreblocks:stair_diamondblock','moreblocks:panel_diamondblock','moreblocks:slab_diamondblock','','','','','','',''),
('moreblocks:stair_diamondblock','moreblocks:panel_diamondblock','moreblocks:panel_diamondblock','moreblocks:panel_diamondblock','','','','','',''),
('moreblocks:stair_diamondblock_outer','moreblocks:micro_diamondblock','moreblocks:slab_diamondblock','','','','','','',''),
('moreblocks:stair_diamondblock_half','moreblocks:micro_diamondblock','moreblocks:micro_diamondblock','moreblocks:micro_diamondblock','','','','','',''),
('moreblocks:stair_diamondblock_half','moreblocks:panel_diamondblock','moreblocks:micro_diamondblock','','','','','','',''),
('moreblocks:stair_diamondblock_right_half','moreblocks:stair_diamondblock_half','','','','','','','',''),
('moreblocks:stair_diamondblock_half','moreblocks:stair_diamondblock_right_half','','','','','','','',''),
('moreblocks:stair_diamondblock','moreblocks:micro_diamondblock','moreblocks:micro_diamondblock','moreblocks:micro_diamondblock','moreblocks:micro_diamondblock','moreblocks:micro_diamondblock','moreblocks:micro_diamondblock','','',''),
('moreblocks:stair_diamondblock_inner','moreblocks:micro_diamondblock','moreblocks:micro_diamondblock','moreblocks:micro_diamondblock','moreblocks:micro_diamondblock','moreblocks:micro_diamondblock','moreblocks:micro_diamondblock','moreblocks:micro_diamondblock','',''),
('moreblocks:stair_diamondblock_outer','moreblocks:micro_diamondblock','moreblocks:micro_diamondblock','moreblocks:micro_diamondblock','moreblocks:micro_diamondblock','moreblocks:micro_diamondblock','','','',''),
('moreblocks:stair_diamondblock','moreblocks:panel_diamondblock','moreblocks:panel_diamondblock','moreblocks:panel_diamondblock','','','','','',''),
('moreblocks:slab_diamondblock','moreblocks:micro_diamondblock','moreblocks:micro_diamondblock','moreblocks:micro_diamondblock','moreblocks:micro_diamondblock','','','','',''),
('default:diamondblock','moreblocks:slab_diamondblock','moreblocks:slab_diamondblock','','','','','','',''),
('moreblocks:slab_diamondblock 3','moreblocks:stair_diamondblock','moreblocks:stair_diamondblock','','','','','','',''),
('default:diamondblock','moreblocks:slope_diamondblock','moreblocks:slope_diamondblock','','','','','','',''),
('default:diamondblock','moreblocks:slope_diamondblock_outer_cut','moreblocks:slope_diamondblock_outer_cut','','','','','','',''),
('default:diamondblock','moreblocks:slope_diamondblock_half','moreblocks:slope_diamondblock_half_raised','','','','','','',''),
('default:diamondblock','moreblocks:slope_diamondblock_half','moreblocks:slope_diamondblock_half','moreblocks:slope_diamondblock_half','moreblocks:slope_diamondblock_half','','','','',''),
('moreblocks:slab_diamondblock','moreblocks:slope_diamondblock_half','moreblocks:slope_diamondblock_half','','','','','','',''),
('moreblocks:slope_diamondblock_half_raised','moreblocks:slope_diamondblock_half','moreblocks:slope_diamondblock_half','moreblocks:slope_diamondblock_half','','','','','',''),
('moreblocks:slope_diamondblock_half_raised','moreblocks:slab_diamondblock','moreblocks:slope_diamondblock_half','','','','','','',''),
('moreblocks:slope_diamondblock_inner_half_raised','moreblocks:slab_diamondblock','moreblocks:slope_diamondblock_inner_half','','','','','','',''),
('moreblocks:slope_diamondblock_outer_half_raised','moreblocks:slab_diamondblock','moreblocks:slope_diamondblock_outer_half','','','','','','',''),
('moreblocks:slope_diamondblock_outer_cut_half_raised','moreblocks:slab_diamondblock','moreblocks:slope_diamondblock_outer_cut_half','','','','','','',''),
('moreblocks:slope_diamondblock_outer_cut','moreblocks:slope_diamondblock_outer','','','','','','','',''),
('moreblocks:slope_diamondblock_outer_cut_half','moreblocks:slope_diamondblock_outer_half','','','','','','','',''),
('moreblocks:slope_diamondblock_outer_cut_half_raised','moreblocks:slope_diamondblock_outer_half_raised','','','','','','','',''),
('moreblocks:panel_diamondblock','moreblocks:micro_diamondblock','moreblocks:micro_diamondblock','','','','','','',''),
('default:diamondblock','moreblocks:panel_diamondblock','moreblocks:panel_diamondblock','moreblocks:panel_diamondblock','moreblocks:panel_diamondblock','','','','',''),
('moreblocks:micro_diamondblock 7','moreblocks:stair_diamondblock_inner','','','','','','','',''),
('moreblocks:micro_diamondblock 6','moreblocks:stair_diamondblock','','','','','','','',''),
('moreblocks:micro_diamondblock 5','moreblocks:stair_diamondblock_outer','','','','','','','',''),
('moreblocks:micro_diamondblock 4','moreblocks:slab_diamondblock','','','','','','','',''),
('moreblocks:micro_diamondblock 2','moreblocks:panel_diamondblock','','','','','','','',''),
('default:diamondblock','moreblocks:micro_diamondblock','moreblocks:micro_diamondblock','moreblocks:micro_diamondblock','moreblocks:micro_diamondblock','moreblocks:micro_diamondblock','moreblocks:micro_diamondblock','moreblocks:micro_diamondblock','moreblocks:micro_diamondblock',''),
('moreblocks:stair_desert_stone','moreblocks:panel_desert_stone','moreblocks:slab_desert_stone','','','','','','',''),
('moreblocks:stair_desert_stone','moreblocks:panel_desert_stone','moreblocks:panel_desert_stone','moreblocks:panel_desert_stone','','','','','',''),
('moreblocks:stair_desert_stone_outer','moreblocks:micro_desert_stone','moreblocks:slab_desert_stone','','','','','','',''),
('moreblocks:stair_desert_stone_half','moreblocks:micro_desert_stone','moreblocks:micro_desert_stone','moreblocks:micro_desert_stone','','','','','',''),
('moreblocks:stair_desert_stone_half','moreblocks:panel_desert_stone','moreblocks:micro_desert_stone','','','','','','',''),
('moreblocks:stair_desert_stone_right_half','moreblocks:stair_desert_stone_half','','','','','','','',''),
('moreblocks:stair_desert_stone_half','moreblocks:stair_desert_stone_right_half','','','','','','','',''),
('moreblocks:stair_desert_stone','moreblocks:micro_desert_stone','moreblocks:micro_desert_stone','moreblocks:micro_desert_stone','moreblocks:micro_desert_stone','moreblocks:micro_desert_stone','moreblocks:micro_desert_stone','','',''),
('moreblocks:stair_desert_stone_inner','moreblocks:micro_desert_stone','moreblocks:micro_desert_stone','moreblocks:micro_desert_stone','moreblocks:micro_desert_stone','moreblocks:micro_desert_stone','moreblocks:micro_desert_stone','moreblocks:micro_desert_stone','',''),
('moreblocks:stair_desert_stone_outer','moreblocks:micro_desert_stone','moreblocks:micro_desert_stone','moreblocks:micro_desert_stone','moreblocks:micro_desert_stone','moreblocks:micro_desert_stone','','','',''),
('moreblocks:stair_desert_stone','moreblocks:panel_desert_stone','moreblocks:panel_desert_stone','moreblocks:panel_desert_stone','','','','','',''),
('moreblocks:slab_desert_stone','moreblocks:micro_desert_stone','moreblocks:micro_desert_stone','moreblocks:micro_desert_stone','moreblocks:micro_desert_stone','','','','',''),
('default:desert_stone','moreblocks:slab_desert_stone','moreblocks:slab_desert_stone','','','','','','',''),
('moreblocks:slab_desert_stone 3','moreblocks:stair_desert_stone','moreblocks:stair_desert_stone','','','','','','',''),
('default:desert_stone','moreblocks:slope_desert_stone','moreblocks:slope_desert_stone','','','','','','',''),
('default:desert_stone','moreblocks:slope_desert_stone_outer_cut','moreblocks:slope_desert_stone_outer_cut','','','','','','',''),
('default:desert_stone','moreblocks:slope_desert_stone_half','moreblocks:slope_desert_stone_half_raised','','','','','','',''),
('default:desert_stone','moreblocks:slope_desert_stone_half','moreblocks:slope_desert_stone_half','moreblocks:slope_desert_stone_half','moreblocks:slope_desert_stone_half','','','','',''),
('moreblocks:slab_desert_stone','moreblocks:slope_desert_stone_half','moreblocks:slope_desert_stone_half','','','','','','',''),
('moreblocks:slope_desert_stone_half_raised','moreblocks:slope_desert_stone_half','moreblocks:slope_desert_stone_half','moreblocks:slope_desert_stone_half','','','','','',''),
('moreblocks:slope_desert_stone_half_raised','moreblocks:slab_desert_stone','moreblocks:slope_desert_stone_half','','','','','','',''),
('moreblocks:slope_desert_stone_inner_half_raised','moreblocks:slab_desert_stone','moreblocks:slope_desert_stone_inner_half','','','','','','',''),
('moreblocks:slope_desert_stone_outer_half_raised','moreblocks:slab_desert_stone','moreblocks:slope_desert_stone_outer_half','','','','','','',''),
('moreblocks:slope_desert_stone_outer_cut_half_raised','moreblocks:slab_desert_stone','moreblocks:slope_desert_stone_outer_cut_half','','','','','','',''),
('moreblocks:slope_desert_stone_outer_cut','moreblocks:slope_desert_stone_outer','','','','','','','',''),
('moreblocks:slope_desert_stone_outer_cut_half','moreblocks:slope_desert_stone_outer_half','','','','','','','',''),
('moreblocks:slope_desert_stone_outer_cut_half_raised','moreblocks:slope_desert_stone_outer_half_raised','','','','','','','',''),
('moreblocks:panel_desert_stone','moreblocks:micro_desert_stone','moreblocks:micro_desert_stone','','','','','','',''),
('default:desert_stone','moreblocks:panel_desert_stone','moreblocks:panel_desert_stone','moreblocks:panel_desert_stone','moreblocks:panel_desert_stone','','','','',''),
('moreblocks:micro_desert_stone 7','moreblocks:stair_desert_stone_inner','','','','','','','',''),
('moreblocks:micro_desert_stone 6','moreblocks:stair_desert_stone','','','','','','','',''),
('moreblocks:micro_desert_stone 5','moreblocks:stair_desert_stone_outer','','','','','','','',''),
('moreblocks:micro_desert_stone 4','moreblocks:slab_desert_stone','','','','','','','',''),
('moreblocks:micro_desert_stone 2','moreblocks:panel_desert_stone','','','','','','','',''),
('default:desert_stone','moreblocks:micro_desert_stone','moreblocks:micro_desert_stone','moreblocks:micro_desert_stone','moreblocks:micro_desert_stone','moreblocks:micro_desert_stone','moreblocks:micro_desert_stone','moreblocks:micro_desert_stone','moreblocks:micro_desert_stone',''),
('moreblocks:stair_desert_cobble','moreblocks:panel_desert_cobble','moreblocks:slab_desert_cobble','','','','','','',''),
('moreblocks:stair_desert_cobble','moreblocks:panel_desert_cobble','moreblocks:panel_desert_cobble','moreblocks:panel_desert_cobble','','','','','',''),
('moreblocks:stair_desert_cobble_outer','moreblocks:micro_desert_cobble','moreblocks:slab_desert_cobble','','','','','','',''),
('moreblocks:stair_desert_cobble_half','moreblocks:micro_desert_cobble','moreblocks:micro_desert_cobble','moreblocks:micro_desert_cobble','','','','','',''),
('moreblocks:stair_desert_cobble_half','moreblocks:panel_desert_cobble','moreblocks:micro_desert_cobble','','','','','','',''),
('moreblocks:stair_desert_cobble_right_half','moreblocks:stair_desert_cobble_half','','','','','','','',''),
('moreblocks:stair_desert_cobble_half','moreblocks:stair_desert_cobble_right_half','','','','','','','',''),
('moreblocks:stair_desert_cobble','moreblocks:micro_desert_cobble','moreblocks:micro_desert_cobble','moreblocks:micro_desert_cobble','moreblocks:micro_desert_cobble','moreblocks:micro_desert_cobble','moreblocks:micro_desert_cobble','','',''),
('moreblocks:stair_desert_cobble_inner','moreblocks:micro_desert_cobble','moreblocks:micro_desert_cobble','moreblocks:micro_desert_cobble','moreblocks:micro_desert_cobble','moreblocks:micro_desert_cobble','moreblocks:micro_desert_cobble','moreblocks:micro_desert_cobble','',''),
('moreblocks:stair_desert_cobble_outer','moreblocks:micro_desert_cobble','moreblocks:micro_desert_cobble','moreblocks:micro_desert_cobble','moreblocks:micro_desert_cobble','moreblocks:micro_desert_cobble','','','',''),
('moreblocks:stair_desert_cobble','moreblocks:panel_desert_cobble','moreblocks:panel_desert_cobble','moreblocks:panel_desert_cobble','','','','','',''),
('moreblocks:slab_desert_cobble','moreblocks:micro_desert_cobble','moreblocks:micro_desert_cobble','moreblocks:micro_desert_cobble','moreblocks:micro_desert_cobble','','','','',''),
('default:desert_cobble','moreblocks:slab_desert_cobble','moreblocks:slab_desert_cobble','','','','','','',''),
('moreblocks:slab_desert_cobble 3','moreblocks:stair_desert_cobble','moreblocks:stair_desert_cobble','','','','','','',''),
('default:desert_cobble','moreblocks:slope_desert_cobble','moreblocks:slope_desert_cobble','','','','','','',''),
('default:desert_cobble','moreblocks:slope_desert_cobble_outer_cut','moreblocks:slope_desert_cobble_outer_cut','','','','','','',''),
('default:desert_cobble','moreblocks:slope_desert_cobble_half','moreblocks:slope_desert_cobble_half_raised','','','','','','',''),
('default:desert_cobble','moreblocks:slope_desert_cobble_half','moreblocks:slope_desert_cobble_half','moreblocks:slope_desert_cobble_half','moreblocks:slope_desert_cobble_half','','','','',''),
('moreblocks:slab_desert_cobble','moreblocks:slope_desert_cobble_half','moreblocks:slope_desert_cobble_half','','','','','','',''),
('moreblocks:slope_desert_cobble_half_raised','moreblocks:slope_desert_cobble_half','moreblocks:slope_desert_cobble_half','moreblocks:slope_desert_cobble_half','','','','','',''),
('moreblocks:slope_desert_cobble_half_raised','moreblocks:slab_desert_cobble','moreblocks:slope_desert_cobble_half','','','','','','',''),
('moreblocks:slope_desert_cobble_inner_half_raised','moreblocks:slab_desert_cobble','moreblocks:slope_desert_cobble_inner_half','','','','','','',''),
('moreblocks:slope_desert_cobble_outer_half_raised','moreblocks:slab_desert_cobble','moreblocks:slope_desert_cobble_outer_half','','','','','','',''),
('moreblocks:slope_desert_cobble_outer_cut_half_raised','moreblocks:slab_desert_cobble','moreblocks:slope_desert_cobble_outer_cut_half','','','','','','',''),
('moreblocks:slope_desert_cobble_outer_cut','moreblocks:slope_desert_cobble_outer','','','','','','','',''),
('moreblocks:slope_desert_cobble_outer_cut_half','moreblocks:slope_desert_cobble_outer_half','','','','','','','',''),
('moreblocks:slope_desert_cobble_outer_cut_half_raised','moreblocks:slope_desert_cobble_outer_half_raised','','','','','','','',''),
('moreblocks:panel_desert_cobble','moreblocks:micro_desert_cobble','moreblocks:micro_desert_cobble','','','','','','',''),
('default:desert_cobble','moreblocks:panel_desert_cobble','moreblocks:panel_desert_cobble','moreblocks:panel_desert_cobble','moreblocks:panel_desert_cobble','','','','',''),
('moreblocks:micro_desert_cobble 7','moreblocks:stair_desert_cobble_inner','','','','','','','',''),
('moreblocks:micro_desert_cobble 6','moreblocks:stair_desert_cobble','','','','','','','',''),
('moreblocks:micro_desert_cobble 5','moreblocks:stair_desert_cobble_outer','','','','','','','',''),
('moreblocks:micro_desert_cobble 4','moreblocks:slab_desert_cobble','','','','','','','',''),
('moreblocks:micro_desert_cobble 2','moreblocks:panel_desert_cobble','','','','','','','',''),
('default:desert_cobble','moreblocks:micro_desert_cobble','moreblocks:micro_desert_cobble','moreblocks:micro_desert_cobble','moreblocks:micro_desert_cobble','moreblocks:micro_desert_cobble','moreblocks:micro_desert_cobble','moreblocks:micro_desert_cobble','moreblocks:micro_desert_cobble',''),
('moreblocks:stair_glass','moreblocks:panel_glass','moreblocks:slab_glass','','','','','','',''),
('moreblocks:stair_glass','moreblocks:panel_glass','moreblocks:panel_glass','moreblocks:panel_glass','','','','','',''),
('moreblocks:stair_glass_outer','moreblocks:micro_glass','moreblocks:slab_glass','','','','','','',''),
('moreblocks:stair_glass_half','moreblocks:micro_glass','moreblocks:micro_glass','moreblocks:micro_glass','','','','','',''),
('moreblocks:stair_glass_half','moreblocks:panel_glass','moreblocks:micro_glass','','','','','','',''),
('moreblocks:stair_glass_right_half','moreblocks:stair_glass_half','','','','','','','',''),
('moreblocks:stair_glass_half','moreblocks:stair_glass_right_half','','','','','','','',''),
('moreblocks:stair_glass','moreblocks:micro_glass','moreblocks:micro_glass','moreblocks:micro_glass','moreblocks:micro_glass','moreblocks:micro_glass','moreblocks:micro_glass','','',''),
('moreblocks:stair_glass_inner','moreblocks:micro_glass','moreblocks:micro_glass','moreblocks:micro_glass','moreblocks:micro_glass','moreblocks:micro_glass','moreblocks:micro_glass','moreblocks:micro_glass','',''),
('moreblocks:stair_glass_outer','moreblocks:micro_glass','moreblocks:micro_glass','moreblocks:micro_glass','moreblocks:micro_glass','moreblocks:micro_glass','','','',''),
('moreblocks:stair_glass','moreblocks:panel_glass','moreblocks:panel_glass','moreblocks:panel_glass','','','','','',''),
('moreblocks:slab_glass','moreblocks:micro_glass','moreblocks:micro_glass','moreblocks:micro_glass','moreblocks:micro_glass','','','','',''),
('default:glass','moreblocks:slab_glass','moreblocks:slab_glass','','','','','','',''),
('moreblocks:slab_glass 3','moreblocks:stair_glass','moreblocks:stair_glass','','','','','','',''),
('default:glass','moreblocks:slope_glass','moreblocks:slope_glass','','','','','','',''),
('default:glass','moreblocks:slope_glass_outer_cut','moreblocks:slope_glass_outer_cut','','','','','','',''),
('default:glass','moreblocks:slope_glass_half','moreblocks:slope_glass_half_raised','','','','','','',''),
('default:glass','moreblocks:slope_glass_half','moreblocks:slope_glass_half','moreblocks:slope_glass_half','moreblocks:slope_glass_half','','','','',''),
('moreblocks:slab_glass','moreblocks:slope_glass_half','moreblocks:slope_glass_half','','','','','','',''),
('moreblocks:slope_glass_half_raised','moreblocks:slope_glass_half','moreblocks:slope_glass_half','moreblocks:slope_glass_half','','','','','',''),
('moreblocks:slope_glass_half_raised','moreblocks:slab_glass','moreblocks:slope_glass_half','','','','','','',''),
('moreblocks:slope_glass_inner_half_raised','moreblocks:slab_glass','moreblocks:slope_glass_inner_half','','','','','','',''),
('moreblocks:slope_glass_outer_half_raised','moreblocks:slab_glass','moreblocks:slope_glass_outer_half','','','','','','',''),
('moreblocks:slope_glass_outer_cut_half_raised','moreblocks:slab_glass','moreblocks:slope_glass_outer_cut_half','','','','','','',''),
('moreblocks:slope_glass_outer_cut','moreblocks:slope_glass_outer','','','','','','','',''),
('moreblocks:slope_glass_outer_cut_half','moreblocks:slope_glass_outer_half','','','','','','','',''),
('moreblocks:slope_glass_outer_cut_half_raised','moreblocks:slope_glass_outer_half_raised','','','','','','','',''),
('moreblocks:panel_glass','moreblocks:micro_glass','moreblocks:micro_glass','','','','','','',''),
('default:glass','moreblocks:panel_glass','moreblocks:panel_glass','moreblocks:panel_glass','moreblocks:panel_glass','','','','',''),
('moreblocks:micro_glass 7','moreblocks:stair_glass_inner','','','','','','','',''),
('moreblocks:micro_glass 6','moreblocks:stair_glass','','','','','','','',''),
('moreblocks:micro_glass 5','moreblocks:stair_glass_outer','','','','','','','',''),
('moreblocks:micro_glass 4','moreblocks:slab_glass','','','','','','','',''),
('moreblocks:micro_glass 2','moreblocks:panel_glass','','','','','','','',''),
('default:glass','moreblocks:micro_glass','moreblocks:micro_glass','moreblocks:micro_glass','moreblocks:micro_glass','moreblocks:micro_glass','moreblocks:micro_glass','moreblocks:micro_glass','moreblocks:micro_glass',''),
('moreblocks:stair_tree','moreblocks:panel_tree','moreblocks:slab_tree','','','','','','',''),
('moreblocks:stair_tree','moreblocks:panel_tree','moreblocks:panel_tree','moreblocks:panel_tree','','','','','',''),
('moreblocks:stair_tree_outer','moreblocks:micro_tree','moreblocks:slab_tree','','','','','','',''),
('moreblocks:stair_tree_half','moreblocks:micro_tree','moreblocks:micro_tree','moreblocks:micro_tree','','','','','',''),
('moreblocks:stair_tree_half','moreblocks:panel_tree','moreblocks:micro_tree','','','','','','',''),
('moreblocks:stair_tree_right_half','moreblocks:stair_tree_half','','','','','','','',''),
('moreblocks:stair_tree_half','moreblocks:stair_tree_right_half','','','','','','','',''),
('moreblocks:stair_tree','moreblocks:micro_tree','moreblocks:micro_tree','moreblocks:micro_tree','moreblocks:micro_tree','moreblocks:micro_tree','moreblocks:micro_tree','','',''),
('moreblocks:stair_tree_inner','moreblocks:micro_tree','moreblocks:micro_tree','moreblocks:micro_tree','moreblocks:micro_tree','moreblocks:micro_tree','moreblocks:micro_tree','moreblocks:micro_tree','',''),
('moreblocks:stair_tree_outer','moreblocks:micro_tree','moreblocks:micro_tree','moreblocks:micro_tree','moreblocks:micro_tree','moreblocks:micro_tree','','','',''),
('moreblocks:stair_tree','moreblocks:panel_tree','moreblocks:panel_tree','moreblocks:panel_tree','','','','','',''),
('moreblocks:slab_tree','moreblocks:micro_tree','moreblocks:micro_tree','moreblocks:micro_tree','moreblocks:micro_tree','','','','',''),
('default:tree','moreblocks:slab_tree','moreblocks:slab_tree','','','','','','',''),
('moreblocks:slab_tree 3','moreblocks:stair_tree','moreblocks:stair_tree','','','','','','',''),
('default:tree','moreblocks:slope_tree','moreblocks:slope_tree','','','','','','',''),
('default:tree','moreblocks:slope_tree_outer_cut','moreblocks:slope_tree_outer_cut','','','','','','',''),
('default:tree','moreblocks:slope_tree_half','moreblocks:slope_tree_half_raised','','','','','','',''),
('default:tree','moreblocks:slope_tree_half','moreblocks:slope_tree_half','moreblocks:slope_tree_half','moreblocks:slope_tree_half','','','','',''),
('moreblocks:slab_tree','moreblocks:slope_tree_half','moreblocks:slope_tree_half','','','','','','',''),
('moreblocks:slope_tree_half_raised','moreblocks:slope_tree_half','moreblocks:slope_tree_half','moreblocks:slope_tree_half','','','','','',''),
('moreblocks:slope_tree_half_raised','moreblocks:slab_tree','moreblocks:slope_tree_half','','','','','','',''),
('moreblocks:slope_tree_inner_half_raised','moreblocks:slab_tree','moreblocks:slope_tree_inner_half','','','','','','',''),
('moreblocks:slope_tree_outer_half_raised','moreblocks:slab_tree','moreblocks:slope_tree_outer_half','','','','','','',''),
('moreblocks:slope_tree_outer_cut_half_raised','moreblocks:slab_tree','moreblocks:slope_tree_outer_cut_half','','','','','','',''),
('moreblocks:slope_tree_outer_cut','moreblocks:slope_tree_outer','','','','','','','',''),
('moreblocks:slope_tree_outer_cut_half','moreblocks:slope_tree_outer_half','','','','','','','',''),
('moreblocks:slope_tree_outer_cut_half_raised','moreblocks:slope_tree_outer_half_raised','','','','','','','',''),
('moreblocks:panel_tree','moreblocks:micro_tree','moreblocks:micro_tree','','','','','','',''),
('default:tree','moreblocks:panel_tree','moreblocks:panel_tree','moreblocks:panel_tree','moreblocks:panel_tree','','','','',''),
('moreblocks:micro_tree 7','moreblocks:stair_tree_inner','','','','','','','',''),
('moreblocks:micro_tree 6','moreblocks:stair_tree','','','','','','','',''),
('moreblocks:micro_tree 5','moreblocks:stair_tree_outer','','','','','','','',''),
('moreblocks:micro_tree 4','moreblocks:slab_tree','','','','','','','',''),
('moreblocks:micro_tree 2','moreblocks:panel_tree','','','','','','','',''),
('default:tree','moreblocks:micro_tree','moreblocks:micro_tree','moreblocks:micro_tree','moreblocks:micro_tree','moreblocks:micro_tree','moreblocks:micro_tree','moreblocks:micro_tree','moreblocks:micro_tree',''),
('moreblocks:stair_wood','moreblocks:panel_wood','moreblocks:slab_wood','','','','','','',''),
('moreblocks:stair_wood','moreblocks:panel_wood','moreblocks:panel_wood','moreblocks:panel_wood','','','','','',''),
('moreblocks:stair_wood_outer','moreblocks:micro_wood','moreblocks:slab_wood','','','','','','',''),
('moreblocks:stair_wood_half','moreblocks:micro_wood','moreblocks:micro_wood','moreblocks:micro_wood','','','','','',''),
('moreblocks:stair_wood_half','moreblocks:panel_wood','moreblocks:micro_wood','','','','','','',''),
('moreblocks:stair_wood_right_half','moreblocks:stair_wood_half','','','','','','','',''),
('moreblocks:stair_wood_half','moreblocks:stair_wood_right_half','','','','','','','',''),
('moreblocks:stair_wood','moreblocks:micro_wood','moreblocks:micro_wood','moreblocks:micro_wood','moreblocks:micro_wood','moreblocks:micro_wood','moreblocks:micro_wood','','',''),
('moreblocks:stair_wood_inner','moreblocks:micro_wood','moreblocks:micro_wood','moreblocks:micro_wood','moreblocks:micro_wood','moreblocks:micro_wood','moreblocks:micro_wood','moreblocks:micro_wood','',''),
('moreblocks:stair_wood_outer','moreblocks:micro_wood','moreblocks:micro_wood','moreblocks:micro_wood','moreblocks:micro_wood','moreblocks:micro_wood','','','',''),
('moreblocks:stair_wood','moreblocks:panel_wood','moreblocks:panel_wood','moreblocks:panel_wood','','','','','',''),
('moreblocks:slab_wood','moreblocks:micro_wood','moreblocks:micro_wood','moreblocks:micro_wood','moreblocks:micro_wood','','','','',''),
('default:wood','moreblocks:slab_wood','moreblocks:slab_wood','','','','','','',''),
('moreblocks:slab_wood 3','moreblocks:stair_wood','moreblocks:stair_wood','','','','','','',''),
('default:wood','moreblocks:slope_wood','moreblocks:slope_wood','','','','','','',''),
('default:wood','moreblocks:slope_wood_outer_cut','moreblocks:slope_wood_outer_cut','','','','','','',''),
('default:wood','moreblocks:slope_wood_half','moreblocks:slope_wood_half_raised','','','','','','',''),
('default:wood','moreblocks:slope_wood_half','moreblocks:slope_wood_half','moreblocks:slope_wood_half','moreblocks:slope_wood_half','','','','',''),
('moreblocks:slab_wood','moreblocks:slope_wood_half','moreblocks:slope_wood_half','','','','','','',''),
('moreblocks:slope_wood_half_raised','moreblocks:slope_wood_half','moreblocks:slope_wood_half','moreblocks:slope_wood_half','','','','','',''),
('moreblocks:slope_wood_half_raised','moreblocks:slab_wood','moreblocks:slope_wood_half','','','','','','',''),
('moreblocks:slope_wood_inner_half_raised','moreblocks:slab_wood','moreblocks:slope_wood_inner_half','','','','','','',''),
('moreblocks:slope_wood_outer_half_raised','moreblocks:slab_wood','moreblocks:slope_wood_outer_half','','','','','','',''),
('moreblocks:slope_wood_outer_cut_half_raised','moreblocks:slab_wood','moreblocks:slope_wood_outer_cut_half','','','','','','',''),
('moreblocks:slope_wood_outer_cut','moreblocks:slope_wood_outer','','','','','','','',''),
('moreblocks:slope_wood_outer_cut_half','moreblocks:slope_wood_outer_half','','','','','','','',''),
('moreblocks:slope_wood_outer_cut_half_raised','moreblocks:slope_wood_outer_half_raised','','','','','','','',''),
('moreblocks:panel_wood','moreblocks:micro_wood','moreblocks:micro_wood','','','','','','',''),
('default:wood','moreblocks:panel_wood','moreblocks:panel_wood','moreblocks:panel_wood','moreblocks:panel_wood','','','','',''),
('moreblocks:micro_wood 7','moreblocks:stair_wood_inner','','','','','','','',''),
('moreblocks:micro_wood 6','moreblocks:stair_wood','','','','','','','',''),
('moreblocks:micro_wood 5','moreblocks:stair_wood_outer','','','','','','','',''),
('moreblocks:micro_wood 4','moreblocks:slab_wood','','','','','','','',''),
('moreblocks:micro_wood 2','moreblocks:panel_wood','','','','','','','',''),
('default:wood','moreblocks:micro_wood','moreblocks:micro_wood','moreblocks:micro_wood','moreblocks:micro_wood','moreblocks:micro_wood','moreblocks:micro_wood','moreblocks:micro_wood','moreblocks:micro_wood',''),
('moreblocks:stair_jungletree','moreblocks:panel_jungletree','moreblocks:slab_jungletree','','','','','','',''),
('moreblocks:stair_jungletree','moreblocks:panel_jungletree','moreblocks:panel_jungletree','moreblocks:panel_jungletree','','','','','',''),
('moreblocks:stair_jungletree_outer','moreblocks:micro_jungletree','moreblocks:slab_jungletree','','','','','','',''),
('moreblocks:stair_jungletree_half','moreblocks:micro_jungletree','moreblocks:micro_jungletree','moreblocks:micro_jungletree','','','','','',''),
('moreblocks:stair_jungletree_half','moreblocks:panel_jungletree','moreblocks:micro_jungletree','','','','','','',''),
('moreblocks:stair_jungletree_right_half','moreblocks:stair_jungletree_half','','','','','','','',''),
('moreblocks:stair_jungletree_half','moreblocks:stair_jungletree_right_half','','','','','','','',''),
('moreblocks:stair_jungletree','moreblocks:micro_jungletree','moreblocks:micro_jungletree','moreblocks:micro_jungletree','moreblocks:micro_jungletree','moreblocks:micro_jungletree','moreblocks:micro_jungletree','','',''),
('moreblocks:stair_jungletree_inner','moreblocks:micro_jungletree','moreblocks:micro_jungletree','moreblocks:micro_jungletree','moreblocks:micro_jungletree','moreblocks:micro_jungletree','moreblocks:micro_jungletree','moreblocks:micro_jungletree','',''),
('moreblocks:stair_jungletree_outer','moreblocks:micro_jungletree','moreblocks:micro_jungletree','moreblocks:micro_jungletree','moreblocks:micro_jungletree','moreblocks:micro_jungletree','','','',''),
('moreblocks:stair_jungletree','moreblocks:panel_jungletree','moreblocks:panel_jungletree','moreblocks:panel_jungletree','','','','','',''),
('moreblocks:slab_jungletree','moreblocks:micro_jungletree','moreblocks:micro_jungletree','moreblocks:micro_jungletree','moreblocks:micro_jungletree','','','','',''),
('default:jungletree','moreblocks:slab_jungletree','moreblocks:slab_jungletree','','','','','','',''),
('moreblocks:slab_jungletree 3','moreblocks:stair_jungletree','moreblocks:stair_jungletree','','','','','','',''),
('default:jungletree','moreblocks:slope_jungletree','moreblocks:slope_jungletree','','','','','','',''),
('default:jungletree','moreblocks:slope_jungletree_outer_cut','moreblocks:slope_jungletree_outer_cut','','','','','','',''),
('default:jungletree','moreblocks:slope_jungletree_half','moreblocks:slope_jungletree_half_raised','','','','','','',''),
('default:jungletree','moreblocks:slope_jungletree_half','moreblocks:slope_jungletree_half','moreblocks:slope_jungletree_half','moreblocks:slope_jungletree_half','','','','',''),
('moreblocks:slab_jungletree','moreblocks:slope_jungletree_half','moreblocks:slope_jungletree_half','','','','','','',''),
('moreblocks:slope_jungletree_half_raised','moreblocks:slope_jungletree_half','moreblocks:slope_jungletree_half','moreblocks:slope_jungletree_half','','','','','',''),
('moreblocks:slope_jungletree_half_raised','moreblocks:slab_jungletree','moreblocks:slope_jungletree_half','','','','','','',''),
('moreblocks:slope_jungletree_inner_half_raised','moreblocks:slab_jungletree','moreblocks:slope_jungletree_inner_half','','','','','','',''),
('moreblocks:slope_jungletree_outer_half_raised','moreblocks:slab_jungletree','moreblocks:slope_jungletree_outer_half','','','','','','',''),
('moreblocks:slope_jungletree_outer_cut_half_raised','moreblocks:slab_jungletree','moreblocks:slope_jungletree_outer_cut_half','','','','','','',''),
('moreblocks:slope_jungletree_outer_cut','moreblocks:slope_jungletree_outer','','','','','','','',''),
('moreblocks:slope_jungletree_outer_cut_half','moreblocks:slope_jungletree_outer_half','','','','','','','',''),
('moreblocks:slope_jungletree_outer_cut_half_raised','moreblocks:slope_jungletree_outer_half_raised','','','','','','','',''),
('moreblocks:panel_jungletree','moreblocks:micro_jungletree','moreblocks:micro_jungletree','','','','','','',''),
('default:jungletree','moreblocks:panel_jungletree','moreblocks:panel_jungletree','moreblocks:panel_jungletree','moreblocks:panel_jungletree','','','','',''),
('moreblocks:micro_jungletree 7','moreblocks:stair_jungletree_inner','','','','','','','',''),
('moreblocks:micro_jungletree 6','moreblocks:stair_jungletree','','','','','','','',''),
('moreblocks:micro_jungletree 5','moreblocks:stair_jungletree_outer','','','','','','','',''),
('moreblocks:micro_jungletree 4','moreblocks:slab_jungletree','','','','','','','',''),
('moreblocks:micro_jungletree 2','moreblocks:panel_jungletree','','','','','','','',''),
('default:jungletree','moreblocks:micro_jungletree','moreblocks:micro_jungletree','moreblocks:micro_jungletree','moreblocks:micro_jungletree','moreblocks:micro_jungletree','moreblocks:micro_jungletree','moreblocks:micro_jungletree','moreblocks:micro_jungletree',''),
('moreblocks:stair_junglewood','moreblocks:panel_junglewood','moreblocks:slab_junglewood','','','','','','',''),
('moreblocks:stair_junglewood','moreblocks:panel_junglewood','moreblocks:panel_junglewood','moreblocks:panel_junglewood','','','','','',''),
('moreblocks:stair_junglewood_outer','moreblocks:micro_junglewood','moreblocks:slab_junglewood','','','','','','',''),
('moreblocks:stair_junglewood_half','moreblocks:micro_junglewood','moreblocks:micro_junglewood','moreblocks:micro_junglewood','','','','','',''),
('moreblocks:stair_junglewood_half','moreblocks:panel_junglewood','moreblocks:micro_junglewood','','','','','','',''),
('moreblocks:stair_junglewood_right_half','moreblocks:stair_junglewood_half','','','','','','','',''),
('moreblocks:stair_junglewood_half','moreblocks:stair_junglewood_right_half','','','','','','','',''),
('moreblocks:stair_junglewood','moreblocks:micro_junglewood','moreblocks:micro_junglewood','moreblocks:micro_junglewood','moreblocks:micro_junglewood','moreblocks:micro_junglewood','moreblocks:micro_junglewood','','',''),
('moreblocks:stair_junglewood_inner','moreblocks:micro_junglewood','moreblocks:micro_junglewood','moreblocks:micro_junglewood','moreblocks:micro_junglewood','moreblocks:micro_junglewood','moreblocks:micro_junglewood','moreblocks:micro_junglewood','',''),
('moreblocks:stair_junglewood_outer','moreblocks:micro_junglewood','moreblocks:micro_junglewood','moreblocks:micro_junglewood','moreblocks:micro_junglewood','moreblocks:micro_junglewood','','','',''),
('moreblocks:stair_junglewood','moreblocks:panel_junglewood','moreblocks:panel_junglewood','moreblocks:panel_junglewood','','','','','',''),
('moreblocks:slab_junglewood','moreblocks:micro_junglewood','moreblocks:micro_junglewood','moreblocks:micro_junglewood','moreblocks:micro_junglewood','','','','',''),
('default:junglewood','moreblocks:slab_junglewood','moreblocks:slab_junglewood','','','','','','',''),
('moreblocks:slab_junglewood 3','moreblocks:stair_junglewood','moreblocks:stair_junglewood','','','','','','',''),
('default:junglewood','moreblocks:slope_junglewood','moreblocks:slope_junglewood','','','','','','',''),
('default:junglewood','moreblocks:slope_junglewood_outer_cut','moreblocks:slope_junglewood_outer_cut','','','','','','',''),
('default:junglewood','moreblocks:slope_junglewood_half','moreblocks:slope_junglewood_half_raised','','','','','','',''),
('default:junglewood','moreblocks:slope_junglewood_half','moreblocks:slope_junglewood_half','moreblocks:slope_junglewood_half','moreblocks:slope_junglewood_half','','','','',''),
('moreblocks:slab_junglewood','moreblocks:slope_junglewood_half','moreblocks:slope_junglewood_half','','','','','','',''),
('moreblocks:slope_junglewood_half_raised','moreblocks:slope_junglewood_half','moreblocks:slope_junglewood_half','moreblocks:slope_junglewood_half','','','','','',''),
('moreblocks:slope_junglewood_half_raised','moreblocks:slab_junglewood','moreblocks:slope_junglewood_half','','','','','','',''),
('moreblocks:slope_junglewood_inner_half_raised','moreblocks:slab_junglewood','moreblocks:slope_junglewood_inner_half','','','','','','',''),
('moreblocks:slope_junglewood_outer_half_raised','moreblocks:slab_junglewood','moreblocks:slope_junglewood_outer_half','','','','','','',''),
('moreblocks:slope_junglewood_outer_cut_half_raised','moreblocks:slab_junglewood','moreblocks:slope_junglewood_outer_cut_half','','','','','','',''),
('moreblocks:slope_junglewood_outer_cut','moreblocks:slope_junglewood_outer','','','','','','','',''),
('moreblocks:slope_junglewood_outer_cut_half','moreblocks:slope_junglewood_outer_half','','','','','','','',''),
('moreblocks:slope_junglewood_outer_cut_half_raised','moreblocks:slope_junglewood_outer_half_raised','','','','','','','',''),
('moreblocks:panel_junglewood','moreblocks:micro_junglewood','moreblocks:micro_junglewood','','','','','','',''),
('default:junglewood','moreblocks:panel_junglewood','moreblocks:panel_junglewood','moreblocks:panel_junglewood','moreblocks:panel_junglewood','','','','',''),
('moreblocks:micro_junglewood 7','moreblocks:stair_junglewood_inner','','','','','','','',''),
('moreblocks:micro_junglewood 6','moreblocks:stair_junglewood','','','','','','','',''),
('moreblocks:micro_junglewood 5','moreblocks:stair_junglewood_outer','','','','','','','',''),
('moreblocks:micro_junglewood 4','moreblocks:slab_junglewood','','','','','','','',''),
('moreblocks:micro_junglewood 2','moreblocks:panel_junglewood','','','','','','','',''),
('default:junglewood','moreblocks:micro_junglewood','moreblocks:micro_junglewood','moreblocks:micro_junglewood','moreblocks:micro_junglewood','moreblocks:micro_junglewood','moreblocks:micro_junglewood','moreblocks:micro_junglewood','moreblocks:micro_junglewood',''),
('moreblocks:stair_pinetree','moreblocks:panel_pinetree','moreblocks:slab_pinetree','','','','','','',''),
('moreblocks:stair_pinetree','moreblocks:panel_pinetree','moreblocks:panel_pinetree','moreblocks:panel_pinetree','','','','','',''),
('moreblocks:stair_pinetree_outer','moreblocks:micro_pinetree','moreblocks:slab_pinetree','','','','','','',''),
('moreblocks:stair_pinetree_half','moreblocks:micro_pinetree','moreblocks:micro_pinetree','moreblocks:micro_pinetree','','','','','',''),
('moreblocks:stair_pinetree_half','moreblocks:panel_pinetree','moreblocks:micro_pinetree','','','','','','',''),
('moreblocks:stair_pinetree_right_half','moreblocks:stair_pinetree_half','','','','','','','',''),
('moreblocks:stair_pinetree_half','moreblocks:stair_pinetree_right_half','','','','','','','',''),
('moreblocks:stair_pinetree','moreblocks:micro_pinetree','moreblocks:micro_pinetree','moreblocks:micro_pinetree','moreblocks:micro_pinetree','moreblocks:micro_pinetree','moreblocks:micro_pinetree','','',''),
('moreblocks:stair_pinetree_inner','moreblocks:micro_pinetree','moreblocks:micro_pinetree','moreblocks:micro_pinetree','moreblocks:micro_pinetree','moreblocks:micro_pinetree','moreblocks:micro_pinetree','moreblocks:micro_pinetree','',''),
('moreblocks:stair_pinetree_outer','moreblocks:micro_pinetree','moreblocks:micro_pinetree','moreblocks:micro_pinetree','moreblocks:micro_pinetree','moreblocks:micro_pinetree','','','',''),
('moreblocks:stair_pinetree','moreblocks:panel_pinetree','moreblocks:panel_pinetree','moreblocks:panel_pinetree','','','','','',''),
('moreblocks:slab_pinetree','moreblocks:micro_pinetree','moreblocks:micro_pinetree','moreblocks:micro_pinetree','moreblocks:micro_pinetree','','','','',''),
('default:pinetree','moreblocks:slab_pinetree','moreblocks:slab_pinetree','','','','','','',''),
('moreblocks:slab_pinetree 3','moreblocks:stair_pinetree','moreblocks:stair_pinetree','','','','','','',''),
('default:pinetree','moreblocks:slope_pinetree','moreblocks:slope_pinetree','','','','','','',''),
('default:pinetree','moreblocks:slope_pinetree_outer_cut','moreblocks:slope_pinetree_outer_cut','','','','','','',''),
('default:pinetree','moreblocks:slope_pinetree_half','moreblocks:slope_pinetree_half_raised','','','','','','',''),
('default:pinetree','moreblocks:slope_pinetree_half','moreblocks:slope_pinetree_half','moreblocks:slope_pinetree_half','moreblocks:slope_pinetree_half','','','','',''),
('moreblocks:slab_pinetree','moreblocks:slope_pinetree_half','moreblocks:slope_pinetree_half','','','','','','',''),
('moreblocks:slope_pinetree_half_raised','moreblocks:slope_pinetree_half','moreblocks:slope_pinetree_half','moreblocks:slope_pinetree_half','','','','','',''),
('moreblocks:slope_pinetree_half_raised','moreblocks:slab_pinetree','moreblocks:slope_pinetree_half','','','','','','',''),
('moreblocks:slope_pinetree_inner_half_raised','moreblocks:slab_pinetree','moreblocks:slope_pinetree_inner_half','','','','','','',''),
('moreblocks:slope_pinetree_outer_half_raised','moreblocks:slab_pinetree','moreblocks:slope_pinetree_outer_half','','','','','','',''),
('moreblocks:slope_pinetree_outer_cut_half_raised','moreblocks:slab_pinetree','moreblocks:slope_pinetree_outer_cut_half','','','','','','',''),
('moreblocks:slope_pinetree_outer_cut','moreblocks:slope_pinetree_outer','','','','','','','',''),
('moreblocks:slope_pinetree_outer_cut_half','moreblocks:slope_pinetree_outer_half','','','','','','','',''),
('moreblocks:slope_pinetree_outer_cut_half_raised','moreblocks:slope_pinetree_outer_half_raised','','','','','','','',''),
('moreblocks:panel_pinetree','moreblocks:micro_pinetree','moreblocks:micro_pinetree','','','','','','',''),
('default:pinetree','moreblocks:panel_pinetree','moreblocks:panel_pinetree','moreblocks:panel_pinetree','moreblocks:panel_pinetree','','','','',''),
('moreblocks:micro_pinetree 7','moreblocks:stair_pinetree_inner','','','','','','','',''),
('moreblocks:micro_pinetree 6','moreblocks:stair_pinetree','','','','','','','',''),
('moreblocks:micro_pinetree 5','moreblocks:stair_pinetree_outer','','','','','','','',''),
('moreblocks:micro_pinetree 4','moreblocks:slab_pinetree','','','','','','','',''),
('moreblocks:micro_pinetree 2','moreblocks:panel_pinetree','','','','','','','',''),
('default:pinetree','moreblocks:micro_pinetree','moreblocks:micro_pinetree','moreblocks:micro_pinetree','moreblocks:micro_pinetree','moreblocks:micro_pinetree','moreblocks:micro_pinetree','moreblocks:micro_pinetree','moreblocks:micro_pinetree',''),
('moreblocks:stair_pinewood','moreblocks:panel_pinewood','moreblocks:slab_pinewood','','','','','','',''),
('moreblocks:stair_pinewood','moreblocks:panel_pinewood','moreblocks:panel_pinewood','moreblocks:panel_pinewood','','','','','',''),
('moreblocks:stair_pinewood_outer','moreblocks:micro_pinewood','moreblocks:slab_pinewood','','','','','','',''),
('moreblocks:stair_pinewood_half','moreblocks:micro_pinewood','moreblocks:micro_pinewood','moreblocks:micro_pinewood','','','','','',''),
('moreblocks:stair_pinewood_half','moreblocks:panel_pinewood','moreblocks:micro_pinewood','','','','','','',''),
('moreblocks:stair_pinewood_right_half','moreblocks:stair_pinewood_half','','','','','','','',''),
('moreblocks:stair_pinewood_half','moreblocks:stair_pinewood_right_half','','','','','','','',''),
('moreblocks:stair_pinewood','moreblocks:micro_pinewood','moreblocks:micro_pinewood','moreblocks:micro_pinewood','moreblocks:micro_pinewood','moreblocks:micro_pinewood','moreblocks:micro_pinewood','','',''),
('moreblocks:stair_pinewood_inner','moreblocks:micro_pinewood','moreblocks:micro_pinewood','moreblocks:micro_pinewood','moreblocks:micro_pinewood','moreblocks:micro_pinewood','moreblocks:micro_pinewood','moreblocks:micro_pinewood','',''),
('moreblocks:stair_pinewood_outer','moreblocks:micro_pinewood','moreblocks:micro_pinewood','moreblocks:micro_pinewood','moreblocks:micro_pinewood','moreblocks:micro_pinewood','','','',''),
('moreblocks:stair_pinewood','moreblocks:panel_pinewood','moreblocks:panel_pinewood','moreblocks:panel_pinewood','','','','','',''),
('moreblocks:slab_pinewood','moreblocks:micro_pinewood','moreblocks:micro_pinewood','moreblocks:micro_pinewood','moreblocks:micro_pinewood','','','','',''),
('default:pinewood','moreblocks:slab_pinewood','moreblocks:slab_pinewood','','','','','','',''),
('moreblocks:slab_pinewood 3','moreblocks:stair_pinewood','moreblocks:stair_pinewood','','','','','','',''),
('default:pinewood','moreblocks:slope_pinewood','moreblocks:slope_pinewood','','','','','','',''),
('default:pinewood','moreblocks:slope_pinewood_outer_cut','moreblocks:slope_pinewood_outer_cut','','','','','','',''),
('default:pinewood','moreblocks:slope_pinewood_half','moreblocks:slope_pinewood_half_raised','','','','','','',''),
('default:pinewood','moreblocks:slope_pinewood_half','moreblocks:slope_pinewood_half','moreblocks:slope_pinewood_half','moreblocks:slope_pinewood_half','','','','',''),
('moreblocks:slab_pinewood','moreblocks:slope_pinewood_half','moreblocks:slope_pinewood_half','','','','','','',''),
('moreblocks:slope_pinewood_half_raised','moreblocks:slope_pinewood_half','moreblocks:slope_pinewood_half','moreblocks:slope_pinewood_half','','','','','',''),
('moreblocks:slope_pinewood_half_raised','moreblocks:slab_pinewood','moreblocks:slope_pinewood_half','','','','','','',''),
('moreblocks:slope_pinewood_inner_half_raised','moreblocks:slab_pinewood','moreblocks:slope_pinewood_inner_half','','','','','','',''),
('moreblocks:slope_pinewood_outer_half_raised','moreblocks:slab_pinewood','moreblocks:slope_pinewood_outer_half','','','','','','',''),
('moreblocks:slope_pinewood_outer_cut_half_raised','moreblocks:slab_pinewood','moreblocks:slope_pinewood_outer_cut_half','','','','','','',''),
('moreblocks:slope_pinewood_outer_cut','moreblocks:slope_pinewood_outer','','','','','','','',''),
('moreblocks:slope_pinewood_outer_cut_half','moreblocks:slope_pinewood_outer_half','','','','','','','',''),
('moreblocks:slope_pinewood_outer_cut_half_raised','moreblocks:slope_pinewood_outer_half_raised','','','','','','','',''),
('moreblocks:panel_pinewood','moreblocks:micro_pinewood','moreblocks:micro_pinewood','','','','','','',''),
('default:pinewood','moreblocks:panel_pinewood','moreblocks:panel_pinewood','moreblocks:panel_pinewood','moreblocks:panel_pinewood','','','','',''),
('moreblocks:micro_pinewood 7','moreblocks:stair_pinewood_inner','','','','','','','',''),
('moreblocks:micro_pinewood 6','moreblocks:stair_pinewood','','','','','','','',''),
('moreblocks:micro_pinewood 5','moreblocks:stair_pinewood_outer','','','','','','','',''),
('moreblocks:micro_pinewood 4','moreblocks:slab_pinewood','','','','','','','',''),
('moreblocks:micro_pinewood 2','moreblocks:panel_pinewood','','','','','','','',''),
('default:pinewood','moreblocks:micro_pinewood','moreblocks:micro_pinewood','moreblocks:micro_pinewood','moreblocks:micro_pinewood','moreblocks:micro_pinewood','moreblocks:micro_pinewood','moreblocks:micro_pinewood','moreblocks:micro_pinewood',''),
('moreblocks:stair_obsidian','moreblocks:panel_obsidian','moreblocks:slab_obsidian','','','','','','',''),
('moreblocks:stair_obsidian','moreblocks:panel_obsidian','moreblocks:panel_obsidian','moreblocks:panel_obsidian','','','','','',''),
('moreblocks:stair_obsidian_outer','moreblocks:micro_obsidian','moreblocks:slab_obsidian','','','','','','',''),
('moreblocks:stair_obsidian_half','moreblocks:micro_obsidian','moreblocks:micro_obsidian','moreblocks:micro_obsidian','','','','','',''),
('moreblocks:stair_obsidian_half','moreblocks:panel_obsidian','moreblocks:micro_obsidian','','','','','','',''),
('moreblocks:stair_obsidian_right_half','moreblocks:stair_obsidian_half','','','','','','','',''),
('moreblocks:stair_obsidian_half','moreblocks:stair_obsidian_right_half','','','','','','','',''),
('moreblocks:stair_obsidian','moreblocks:micro_obsidian','moreblocks:micro_obsidian','moreblocks:micro_obsidian','moreblocks:micro_obsidian','moreblocks:micro_obsidian','moreblocks:micro_obsidian','','',''),
('moreblocks:stair_obsidian_inner','moreblocks:micro_obsidian','moreblocks:micro_obsidian','moreblocks:micro_obsidian','moreblocks:micro_obsidian','moreblocks:micro_obsidian','moreblocks:micro_obsidian','moreblocks:micro_obsidian','',''),
('moreblocks:stair_obsidian_outer','moreblocks:micro_obsidian','moreblocks:micro_obsidian','moreblocks:micro_obsidian','moreblocks:micro_obsidian','moreblocks:micro_obsidian','','','',''),
('moreblocks:stair_obsidian','moreblocks:panel_obsidian','moreblocks:panel_obsidian','moreblocks:panel_obsidian','','','','','',''),
('moreblocks:slab_obsidian','moreblocks:micro_obsidian','moreblocks:micro_obsidian','moreblocks:micro_obsidian','moreblocks:micro_obsidian','','','','',''),
('default:obsidian','moreblocks:slab_obsidian','moreblocks:slab_obsidian','','','','','','',''),
('moreblocks:slab_obsidian 3','moreblocks:stair_obsidian','moreblocks:stair_obsidian','','','','','','',''),
('default:obsidian','moreblocks:slope_obsidian','moreblocks:slope_obsidian','','','','','','',''),
('default:obsidian','moreblocks:slope_obsidian_outer_cut','moreblocks:slope_obsidian_outer_cut','','','','','','',''),
('default:obsidian','moreblocks:slope_obsidian_half','moreblocks:slope_obsidian_half_raised','','','','','','',''),
('default:obsidian','moreblocks:slope_obsidian_half','moreblocks:slope_obsidian_half','moreblocks:slope_obsidian_half','moreblocks:slope_obsidian_half','','','','',''),
('moreblocks:slab_obsidian','moreblocks:slope_obsidian_half','moreblocks:slope_obsidian_half','','','','','','',''),
('moreblocks:slope_obsidian_half_raised','moreblocks:slope_obsidian_half','moreblocks:slope_obsidian_half','moreblocks:slope_obsidian_half','','','','','',''),
('moreblocks:slope_obsidian_half_raised','moreblocks:slab_obsidian','moreblocks:slope_obsidian_half','','','','','','',''),
('moreblocks:slope_obsidian_inner_half_raised','moreblocks:slab_obsidian','moreblocks:slope_obsidian_inner_half','','','','','','',''),
('moreblocks:slope_obsidian_outer_half_raised','moreblocks:slab_obsidian','moreblocks:slope_obsidian_outer_half','','','','','','',''),
('moreblocks:slope_obsidian_outer_cut_half_raised','moreblocks:slab_obsidian','moreblocks:slope_obsidian_outer_cut_half','','','','','','',''),
('moreblocks:slope_obsidian_outer_cut','moreblocks:slope_obsidian_outer','','','','','','','',''),
('moreblocks:slope_obsidian_outer_cut_half','moreblocks:slope_obsidian_outer_half','','','','','','','',''),
('moreblocks:slope_obsidian_outer_cut_half_raised','moreblocks:slope_obsidian_outer_half_raised','','','','','','','',''),
('moreblocks:panel_obsidian','moreblocks:micro_obsidian','moreblocks:micro_obsidian','','','','','','',''),
('default:obsidian','moreblocks:panel_obsidian','moreblocks:panel_obsidian','moreblocks:panel_obsidian','moreblocks:panel_obsidian','','','','',''),
('moreblocks:micro_obsidian 7','moreblocks:stair_obsidian_inner','','','','','','','',''),
('moreblocks:micro_obsidian 6','moreblocks:stair_obsidian','','','','','','','',''),
('moreblocks:micro_obsidian 5','moreblocks:stair_obsidian_outer','','','','','','','',''),
('moreblocks:micro_obsidian 4','moreblocks:slab_obsidian','','','','','','','',''),
('moreblocks:micro_obsidian 2','moreblocks:panel_obsidian','','','','','','','',''),
('default:obsidian','moreblocks:micro_obsidian','moreblocks:micro_obsidian','moreblocks:micro_obsidian','moreblocks:micro_obsidian','moreblocks:micro_obsidian','moreblocks:micro_obsidian','moreblocks:micro_obsidian','moreblocks:micro_obsidian',''),
('moreblocks:stair_obsidian_glass','moreblocks:panel_obsidian_glass','moreblocks:slab_obsidian_glass','','','','','','',''),
('moreblocks:stair_obsidian_glass','moreblocks:panel_obsidian_glass','moreblocks:panel_obsidian_glass','moreblocks:panel_obsidian_glass','','','','','',''),
('moreblocks:stair_obsidian_glass_outer','moreblocks:micro_obsidian_glass','moreblocks:slab_obsidian_glass','','','','','','',''),
('moreblocks:stair_obsidian_glass_half','moreblocks:micro_obsidian_glass','moreblocks:micro_obsidian_glass','moreblocks:micro_obsidian_glass','','','','','',''),
('moreblocks:stair_obsidian_glass_half','moreblocks:panel_obsidian_glass','moreblocks:micro_obsidian_glass','','','','','','',''),
('moreblocks:stair_obsidian_glass_right_half','moreblocks:stair_obsidian_glass_half','','','','','','','',''),
('moreblocks:stair_obsidian_glass_half','moreblocks:stair_obsidian_glass_right_half','','','','','','','',''),
('moreblocks:stair_obsidian_glass','moreblocks:micro_obsidian_glass','moreblocks:micro_obsidian_glass','moreblocks:micro_obsidian_glass','moreblocks:micro_obsidian_glass','moreblocks:micro_obsidian_glass','moreblocks:micro_obsidian_glass','','',''),
('moreblocks:stair_obsidian_glass_inner','moreblocks:micro_obsidian_glass','moreblocks:micro_obsidian_glass','moreblocks:micro_obsidian_glass','moreblocks:micro_obsidian_glass','moreblocks:micro_obsidian_glass','moreblocks:micro_obsidian_glass','moreblocks:micro_obsidian_glass','',''),
('moreblocks:stair_obsidian_glass_outer','moreblocks:micro_obsidian_glass','moreblocks:micro_obsidian_glass','moreblocks:micro_obsidian_glass','moreblocks:micro_obsidian_glass','moreblocks:micro_obsidian_glass','','','',''),
('moreblocks:stair_obsidian_glass','moreblocks:panel_obsidian_glass','moreblocks:panel_obsidian_glass','moreblocks:panel_obsidian_glass','','','','','',''),
('moreblocks:slab_obsidian_glass','moreblocks:micro_obsidian_glass','moreblocks:micro_obsidian_glass','moreblocks:micro_obsidian_glass','moreblocks:micro_obsidian_glass','','','','',''),
('default:obsidian_glass','moreblocks:slab_obsidian_glass','moreblocks:slab_obsidian_glass','','','','','','',''),
('moreblocks:slab_obsidian_glass 3','moreblocks:stair_obsidian_glass','moreblocks:stair_obsidian_glass','','','','','','',''),
('default:obsidian_glass','moreblocks:slope_obsidian_glass','moreblocks:slope_obsidian_glass','','','','','','',''),
('default:obsidian_glass','moreblocks:slope_obsidian_glass_outer_cut','moreblocks:slope_obsidian_glass_outer_cut','','','','','','',''),
('default:obsidian_glass','moreblocks:slope_obsidian_glass_half','moreblocks:slope_obsidian_glass_half_raised','','','','','','',''),
('default:obsidian_glass','moreblocks:slope_obsidian_glass_half','moreblocks:slope_obsidian_glass_half','moreblocks:slope_obsidian_glass_half','moreblocks:slope_obsidian_glass_half','','','','',''),
('moreblocks:slab_obsidian_glass','moreblocks:slope_obsidian_glass_half','moreblocks:slope_obsidian_glass_half','','','','','','',''),
('moreblocks:slope_obsidian_glass_half_raised','moreblocks:slope_obsidian_glass_half','moreblocks:slope_obsidian_glass_half','moreblocks:slope_obsidian_glass_half','','','','','',''),
('moreblocks:slope_obsidian_glass_half_raised','moreblocks:slab_obsidian_glass','moreblocks:slope_obsidian_glass_half','','','','','','',''),
('moreblocks:slope_obsidian_glass_inner_half_raised','moreblocks:slab_obsidian_glass','moreblocks:slope_obsidian_glass_inner_half','','','','','','',''),
('moreblocks:slope_obsidian_glass_outer_half_raised','moreblocks:slab_obsidian_glass','moreblocks:slope_obsidian_glass_outer_half','','','','','','',''),
('moreblocks:slope_obsidian_glass_outer_cut_half_raised','moreblocks:slab_obsidian_glass','moreblocks:slope_obsidian_glass_outer_cut_half','','','','','','',''),
('moreblocks:slope_obsidian_glass_outer_cut','moreblocks:slope_obsidian_glass_outer','','','','','','','',''),
('moreblocks:slope_obsidian_glass_outer_cut_half','moreblocks:slope_obsidian_glass_outer_half','','','','','','','',''),
('moreblocks:slope_obsidian_glass_outer_cut_half_raised','moreblocks:slope_obsidian_glass_outer_half_raised','','','','','','','',''),
('moreblocks:panel_obsidian_glass','moreblocks:micro_obsidian_glass','moreblocks:micro_obsidian_glass','','','','','','',''),
('default:obsidian_glass','moreblocks:panel_obsidian_glass','moreblocks:panel_obsidian_glass','moreblocks:panel_obsidian_glass','moreblocks:panel_obsidian_glass','','','','',''),
('moreblocks:micro_obsidian_glass 7','moreblocks:stair_obsidian_glass_inner','','','','','','','',''),
('moreblocks:micro_obsidian_glass 6','moreblocks:stair_obsidian_glass','','','','','','','',''),
('moreblocks:micro_obsidian_glass 5','moreblocks:stair_obsidian_glass_outer','','','','','','','',''),
('moreblocks:micro_obsidian_glass 4','moreblocks:slab_obsidian_glass','','','','','','','',''),
('moreblocks:micro_obsidian_glass 2','moreblocks:panel_obsidian_glass','','','','','','','',''),
('default:obsidian_glass','moreblocks:micro_obsidian_glass','moreblocks:micro_obsidian_glass','moreblocks:micro_obsidian_glass','moreblocks:micro_obsidian_glass','moreblocks:micro_obsidian_glass','moreblocks:micro_obsidian_glass','moreblocks:micro_obsidian_glass','moreblocks:micro_obsidian_glass',''),
('moreblocks:stair_stonebrick','moreblocks:panel_stonebrick','moreblocks:slab_stonebrick','','','','','','',''),
('moreblocks:stair_stonebrick','moreblocks:panel_stonebrick','moreblocks:panel_stonebrick','moreblocks:panel_stonebrick','','','','','',''),
('moreblocks:stair_stonebrick_outer','moreblocks:micro_stonebrick','moreblocks:slab_stonebrick','','','','','','',''),
('moreblocks:stair_stonebrick_half','moreblocks:micro_stonebrick','moreblocks:micro_stonebrick','moreblocks:micro_stonebrick','','','','','',''),
('moreblocks:stair_stonebrick_half','moreblocks:panel_stonebrick','moreblocks:micro_stonebrick','','','','','','',''),
('moreblocks:stair_stonebrick_right_half','moreblocks:stair_stonebrick_half','','','','','','','',''),
('moreblocks:stair_stonebrick_half','moreblocks:stair_stonebrick_right_half','','','','','','','',''),
('moreblocks:stair_stonebrick','moreblocks:micro_stonebrick','moreblocks:micro_stonebrick','moreblocks:micro_stonebrick','moreblocks:micro_stonebrick','moreblocks:micro_stonebrick','moreblocks:micro_stonebrick','','',''),
('moreblocks:stair_stonebrick_inner','moreblocks:micro_stonebrick','moreblocks:micro_stonebrick','moreblocks:micro_stonebrick','moreblocks:micro_stonebrick','moreblocks:micro_stonebrick','moreblocks:micro_stonebrick','moreblocks:micro_stonebrick','',''),
('moreblocks:stair_stonebrick_outer','moreblocks:micro_stonebrick','moreblocks:micro_stonebrick','moreblocks:micro_stonebrick','moreblocks:micro_stonebrick','moreblocks:micro_stonebrick','','','',''),
('moreblocks:stair_stonebrick','moreblocks:panel_stonebrick','moreblocks:panel_stonebrick','moreblocks:panel_stonebrick','','','','','',''),
('moreblocks:slab_stonebrick','moreblocks:micro_stonebrick','moreblocks:micro_stonebrick','moreblocks:micro_stonebrick','moreblocks:micro_stonebrick','','','','',''),
('default:stonebrick','moreblocks:slab_stonebrick','moreblocks:slab_stonebrick','','','','','','',''),
('moreblocks:slab_stonebrick 3','moreblocks:stair_stonebrick','moreblocks:stair_stonebrick','','','','','','',''),
('default:stonebrick','moreblocks:slope_stonebrick','moreblocks:slope_stonebrick','','','','','','',''),
('default:stonebrick','moreblocks:slope_stonebrick_outer_cut','moreblocks:slope_stonebrick_outer_cut','','','','','','',''),
('default:stonebrick','moreblocks:slope_stonebrick_half','moreblocks:slope_stonebrick_half_raised','','','','','','',''),
('default:stonebrick','moreblocks:slope_stonebrick_half','moreblocks:slope_stonebrick_half','moreblocks:slope_stonebrick_half','moreblocks:slope_stonebrick_half','','','','',''),
('moreblocks:slab_stonebrick','moreblocks:slope_stonebrick_half','moreblocks:slope_stonebrick_half','','','','','','',''),
('moreblocks:slope_stonebrick_half_raised','moreblocks:slope_stonebrick_half','moreblocks:slope_stonebrick_half','moreblocks:slope_stonebrick_half','','','','','',''),
('moreblocks:slope_stonebrick_half_raised','moreblocks:slab_stonebrick','moreblocks:slope_stonebrick_half','','','','','','',''),
('moreblocks:slope_stonebrick_inner_half_raised','moreblocks:slab_stonebrick','moreblocks:slope_stonebrick_inner_half','','','','','','',''),
('moreblocks:slope_stonebrick_outer_half_raised','moreblocks:slab_stonebrick','moreblocks:slope_stonebrick_outer_half','','','','','','',''),
('moreblocks:slope_stonebrick_outer_cut_half_raised','moreblocks:slab_stonebrick','moreblocks:slope_stonebrick_outer_cut_half','','','','','','',''),
('moreblocks:slope_stonebrick_outer_cut','moreblocks:slope_stonebrick_outer','','','','','','','',''),
('moreblocks:slope_stonebrick_outer_cut_half','moreblocks:slope_stonebrick_outer_half','','','','','','','',''),
('moreblocks:slope_stonebrick_outer_cut_half_raised','moreblocks:slope_stonebrick_outer_half_raised','','','','','','','',''),
('moreblocks:panel_stonebrick','moreblocks:micro_stonebrick','moreblocks:micro_stonebrick','','','','','','',''),
('default:stonebrick','moreblocks:panel_stonebrick','moreblocks:panel_stonebrick','moreblocks:panel_stonebrick','moreblocks:panel_stonebrick','','','','',''),
('moreblocks:micro_stonebrick 7','moreblocks:stair_stonebrick_inner','','','','','','','',''),
('moreblocks:micro_stonebrick 6','moreblocks:stair_stonebrick','','','','','','','',''),
('moreblocks:micro_stonebrick 5','moreblocks:stair_stonebrick_outer','','','','','','','',''),
('moreblocks:micro_stonebrick 4','moreblocks:slab_stonebrick','','','','','','','',''),
('moreblocks:micro_stonebrick 2','moreblocks:panel_stonebrick','','','','','','','',''),
('default:stonebrick','moreblocks:micro_stonebrick','moreblocks:micro_stonebrick','moreblocks:micro_stonebrick','moreblocks:micro_stonebrick','moreblocks:micro_stonebrick','moreblocks:micro_stonebrick','moreblocks:micro_stonebrick','moreblocks:micro_stonebrick',''),
('moreblocks:stair_desert_stonebrick','moreblocks:panel_desert_stonebrick','moreblocks:slab_desert_stonebrick','','','','','','',''),
('moreblocks:stair_desert_stonebrick','moreblocks:panel_desert_stonebrick','moreblocks:panel_desert_stonebrick','moreblocks:panel_desert_stonebrick','','','','','',''),
('moreblocks:stair_desert_stonebrick_outer','moreblocks:micro_desert_stonebrick','moreblocks:slab_desert_stonebrick','','','','','','',''),
('moreblocks:stair_desert_stonebrick_half','moreblocks:micro_desert_stonebrick','moreblocks:micro_desert_stonebrick','moreblocks:micro_desert_stonebrick','','','','','',''),
('moreblocks:stair_desert_stonebrick_half','moreblocks:panel_desert_stonebrick','moreblocks:micro_desert_stonebrick','','','','','','',''),
('moreblocks:stair_desert_stonebrick_right_half','moreblocks:stair_desert_stonebrick_half','','','','','','','',''),
('moreblocks:stair_desert_stonebrick_half','moreblocks:stair_desert_stonebrick_right_half','','','','','','','',''),
('moreblocks:stair_desert_stonebrick','moreblocks:micro_desert_stonebrick','moreblocks:micro_desert_stonebrick','moreblocks:micro_desert_stonebrick','moreblocks:micro_desert_stonebrick','moreblocks:micro_desert_stonebrick','moreblocks:micro_desert_stonebrick','','',''),
('moreblocks:stair_desert_stonebrick_inner','moreblocks:micro_desert_stonebrick','moreblocks:micro_desert_stonebrick','moreblocks:micro_desert_stonebrick','moreblocks:micro_desert_stonebrick','moreblocks:micro_desert_stonebrick','moreblocks:micro_desert_stonebrick','moreblocks:micro_desert_stonebrick','',''),
('moreblocks:stair_desert_stonebrick_outer','moreblocks:micro_desert_stonebrick','moreblocks:micro_desert_stonebrick','moreblocks:micro_desert_stonebrick','moreblocks:micro_desert_stonebrick','moreblocks:micro_desert_stonebrick','','','',''),
('moreblocks:stair_desert_stonebrick','moreblocks:panel_desert_stonebrick','moreblocks:panel_desert_stonebrick','moreblocks:panel_desert_stonebrick','','','','','',''),
('moreblocks:slab_desert_stonebrick','moreblocks:micro_desert_stonebrick','moreblocks:micro_desert_stonebrick','moreblocks:micro_desert_stonebrick','moreblocks:micro_desert_stonebrick','','','','',''),
('default:desert_stonebrick','moreblocks:slab_desert_stonebrick','moreblocks:slab_desert_stonebrick','','','','','','',''),
('moreblocks:slab_desert_stonebrick 3','moreblocks:stair_desert_stonebrick','moreblocks:stair_desert_stonebrick','','','','','','',''),
('default:desert_stonebrick','moreblocks:slope_desert_stonebrick','moreblocks:slope_desert_stonebrick','','','','','','',''),
('default:desert_stonebrick','moreblocks:slope_desert_stonebrick_outer_cut','moreblocks:slope_desert_stonebrick_outer_cut','','','','','','',''),
('default:desert_stonebrick','moreblocks:slope_desert_stonebrick_half','moreblocks:slope_desert_stonebrick_half_raised','','','','','','',''),
('default:desert_stonebrick','moreblocks:slope_desert_stonebrick_half','moreblocks:slope_desert_stonebrick_half','moreblocks:slope_desert_stonebrick_half','moreblocks:slope_desert_stonebrick_half','','','','',''),
('moreblocks:slab_desert_stonebrick','moreblocks:slope_desert_stonebrick_half','moreblocks:slope_desert_stonebrick_half','','','','','','',''),
('moreblocks:slope_desert_stonebrick_half_raised','moreblocks:slope_desert_stonebrick_half','moreblocks:slope_desert_stonebrick_half','moreblocks:slope_desert_stonebrick_half','','','','','',''),
('moreblocks:slope_desert_stonebrick_half_raised','moreblocks:slab_desert_stonebrick','moreblocks:slope_desert_stonebrick_half','','','','','','',''),
('moreblocks:slope_desert_stonebrick_inner_half_raised','moreblocks:slab_desert_stonebrick','moreblocks:slope_desert_stonebrick_inner_half','','','','','','',''),
('moreblocks:slope_desert_stonebrick_outer_half_raised','moreblocks:slab_desert_stonebrick','moreblocks:slope_desert_stonebrick_outer_half','','','','','','',''),
('moreblocks:slope_desert_stonebrick_outer_cut_half_raised','moreblocks:slab_desert_stonebrick','moreblocks:slope_desert_stonebrick_outer_cut_half','','','','','','',''),
('moreblocks:slope_desert_stonebrick_outer_cut','moreblocks:slope_desert_stonebrick_outer','','','','','','','',''),
('moreblocks:slope_desert_stonebrick_outer_cut_half','moreblocks:slope_desert_stonebrick_outer_half','','','','','','','',''),
('moreblocks:slope_desert_stonebrick_outer_cut_half_raised','moreblocks:slope_desert_stonebrick_outer_half_raised','','','','','','','',''),
('moreblocks:panel_desert_stonebrick','moreblocks:micro_desert_stonebrick','moreblocks:micro_desert_stonebrick','','','','','','',''),
('default:desert_stonebrick','moreblocks:panel_desert_stonebrick','moreblocks:panel_desert_stonebrick','moreblocks:panel_desert_stonebrick','moreblocks:panel_desert_stonebrick','','','','',''),
('moreblocks:micro_desert_stonebrick 7','moreblocks:stair_desert_stonebrick_inner','','','','','','','',''),
('moreblocks:micro_desert_stonebrick 6','moreblocks:stair_desert_stonebrick','','','','','','','',''),
('moreblocks:micro_desert_stonebrick 5','moreblocks:stair_desert_stonebrick_outer','','','','','','','',''),
('moreblocks:micro_desert_stonebrick 4','moreblocks:slab_desert_stonebrick','','','','','','','',''),
('moreblocks:micro_desert_stonebrick 2','moreblocks:panel_desert_stonebrick','','','','','','','',''),
('default:desert_stonebrick','moreblocks:micro_desert_stonebrick','moreblocks:micro_desert_stonebrick','moreblocks:micro_desert_stonebrick','moreblocks:micro_desert_stonebrick','moreblocks:micro_desert_stonebrick','moreblocks:micro_desert_stonebrick','moreblocks:micro_desert_stonebrick','moreblocks:micro_desert_stonebrick',''),
('moreblocks:stair_sandstonebrick','moreblocks:panel_sandstonebrick','moreblocks:slab_sandstonebrick','','','','','','',''),
('moreblocks:stair_sandstonebrick','moreblocks:panel_sandstonebrick','moreblocks:panel_sandstonebrick','moreblocks:panel_sandstonebrick','','','','','',''),
('moreblocks:stair_sandstonebrick_outer','moreblocks:micro_sandstonebrick','moreblocks:slab_sandstonebrick','','','','','','',''),
('moreblocks:stair_sandstonebrick_half','moreblocks:micro_sandstonebrick','moreblocks:micro_sandstonebrick','moreblocks:micro_sandstonebrick','','','','','',''),
('moreblocks:stair_sandstonebrick_half','moreblocks:panel_sandstonebrick','moreblocks:micro_sandstonebrick','','','','','','',''),
('moreblocks:stair_sandstonebrick_right_half','moreblocks:stair_sandstonebrick_half','','','','','','','',''),
('moreblocks:stair_sandstonebrick_half','moreblocks:stair_sandstonebrick_right_half','','','','','','','',''),
('moreblocks:stair_sandstonebrick','moreblocks:micro_sandstonebrick','moreblocks:micro_sandstonebrick','moreblocks:micro_sandstonebrick','moreblocks:micro_sandstonebrick','moreblocks:micro_sandstonebrick','moreblocks:micro_sandstonebrick','','',''),
('moreblocks:stair_sandstonebrick_inner','moreblocks:micro_sandstonebrick','moreblocks:micro_sandstonebrick','moreblocks:micro_sandstonebrick','moreblocks:micro_sandstonebrick','moreblocks:micro_sandstonebrick','moreblocks:micro_sandstonebrick','moreblocks:micro_sandstonebrick','',''),
('moreblocks:stair_sandstonebrick_outer','moreblocks:micro_sandstonebrick','moreblocks:micro_sandstonebrick','moreblocks:micro_sandstonebrick','moreblocks:micro_sandstonebrick','moreblocks:micro_sandstonebrick','','','',''),
('moreblocks:stair_sandstonebrick','moreblocks:panel_sandstonebrick','moreblocks:panel_sandstonebrick','moreblocks:panel_sandstonebrick','','','','','',''),
('moreblocks:slab_sandstonebrick','moreblocks:micro_sandstonebrick','moreblocks:micro_sandstonebrick','moreblocks:micro_sandstonebrick','moreblocks:micro_sandstonebrick','','','','',''),
('default:sandstonebrick','moreblocks:slab_sandstonebrick','moreblocks:slab_sandstonebrick','','','','','','',''),
('moreblocks:slab_sandstonebrick 3','moreblocks:stair_sandstonebrick','moreblocks:stair_sandstonebrick','','','','','','',''),
('default:sandstonebrick','moreblocks:slope_sandstonebrick','moreblocks:slope_sandstonebrick','','','','','','',''),
('default:sandstonebrick','moreblocks:slope_sandstonebrick_outer_cut','moreblocks:slope_sandstonebrick_outer_cut','','','','','','',''),
('default:sandstonebrick','moreblocks:slope_sandstonebrick_half','moreblocks:slope_sandstonebrick_half_raised','','','','','','',''),
('default:sandstonebrick','moreblocks:slope_sandstonebrick_half','moreblocks:slope_sandstonebrick_half','moreblocks:slope_sandstonebrick_half','moreblocks:slope_sandstonebrick_half','','','','',''),
('moreblocks:slab_sandstonebrick','moreblocks:slope_sandstonebrick_half','moreblocks:slope_sandstonebrick_half','','','','','','',''),
('moreblocks:slope_sandstonebrick_half_raised','moreblocks:slope_sandstonebrick_half','moreblocks:slope_sandstonebrick_half','moreblocks:slope_sandstonebrick_half','','','','','',''),
('moreblocks:slope_sandstonebrick_half_raised','moreblocks:slab_sandstonebrick','moreblocks:slope_sandstonebrick_half','','','','','','',''),
('moreblocks:slope_sandstonebrick_inner_half_raised','moreblocks:slab_sandstonebrick','moreblocks:slope_sandstonebrick_inner_half','','','','','','',''),
('moreblocks:slope_sandstonebrick_outer_half_raised','moreblocks:slab_sandstonebrick','moreblocks:slope_sandstonebrick_outer_half','','','','','','',''),
('moreblocks:slope_sandstonebrick_outer_cut_half_raised','moreblocks:slab_sandstonebrick','moreblocks:slope_sandstonebrick_outer_cut_half','','','','','','',''),
('moreblocks:slope_sandstonebrick_outer_cut','moreblocks:slope_sandstonebrick_outer','','','','','','','',''),
('moreblocks:slope_sandstonebrick_outer_cut_half','moreblocks:slope_sandstonebrick_outer_half','','','','','','','',''),
('moreblocks:slope_sandstonebrick_outer_cut_half_raised','moreblocks:slope_sandstonebrick_outer_half_raised','','','','','','','',''),
('moreblocks:panel_sandstonebrick','moreblocks:micro_sandstonebrick','moreblocks:micro_sandstonebrick','','','','','','',''),
('default:sandstonebrick','moreblocks:panel_sandstonebrick','moreblocks:panel_sandstonebrick','moreblocks:panel_sandstonebrick','moreblocks:panel_sandstonebrick','','','','',''),
('moreblocks:micro_sandstonebrick 7','moreblocks:stair_sandstonebrick_inner','','','','','','','',''),
('moreblocks:micro_sandstonebrick 6','moreblocks:stair_sandstonebrick','','','','','','','',''),
('moreblocks:micro_sandstonebrick 5','moreblocks:stair_sandstonebrick_outer','','','','','','','',''),
('moreblocks:micro_sandstonebrick 4','moreblocks:slab_sandstonebrick','','','','','','','',''),
('moreblocks:micro_sandstonebrick 2','moreblocks:panel_sandstonebrick','','','','','','','',''),
('default:sandstonebrick','moreblocks:micro_sandstonebrick','moreblocks:micro_sandstonebrick','moreblocks:micro_sandstonebrick','moreblocks:micro_sandstonebrick','moreblocks:micro_sandstonebrick','moreblocks:micro_sandstonebrick','moreblocks:micro_sandstonebrick','moreblocks:micro_sandstonebrick',''),
('moreblocks:stair_iron_glass','moreblocks:panel_iron_glass','moreblocks:slab_iron_glass','','','','','','',''),
('moreblocks:stair_iron_glass','moreblocks:panel_iron_glass','moreblocks:panel_iron_glass','moreblocks:panel_iron_glass','','','','','',''),
('moreblocks:stair_iron_glass_outer','moreblocks:micro_iron_glass','moreblocks:slab_iron_glass','','','','','','',''),
('moreblocks:stair_iron_glass_half','moreblocks:micro_iron_glass','moreblocks:micro_iron_glass','moreblocks:micro_iron_glass','','','','','',''),
('moreblocks:stair_iron_glass_half','moreblocks:panel_iron_glass','moreblocks:micro_iron_glass','','','','','','',''),
('moreblocks:stair_iron_glass_right_half','moreblocks:stair_iron_glass_half','','','','','','','',''),
('moreblocks:stair_iron_glass_half','moreblocks:stair_iron_glass_right_half','','','','','','','',''),
('moreblocks:stair_iron_glass','moreblocks:micro_iron_glass','moreblocks:micro_iron_glass','moreblocks:micro_iron_glass','moreblocks:micro_iron_glass','moreblocks:micro_iron_glass','moreblocks:micro_iron_glass','','',''),
('moreblocks:stair_iron_glass_inner','moreblocks:micro_iron_glass','moreblocks:micro_iron_glass','moreblocks:micro_iron_glass','moreblocks:micro_iron_glass','moreblocks:micro_iron_glass','moreblocks:micro_iron_glass','moreblocks:micro_iron_glass','',''),
('moreblocks:stair_iron_glass_outer','moreblocks:micro_iron_glass','moreblocks:micro_iron_glass','moreblocks:micro_iron_glass','moreblocks:micro_iron_glass','moreblocks:micro_iron_glass','','','',''),
('moreblocks:stair_iron_glass','moreblocks:panel_iron_glass','moreblocks:panel_iron_glass','moreblocks:panel_iron_glass','','','','','',''),
('moreblocks:slab_iron_glass','moreblocks:micro_iron_glass','moreblocks:micro_iron_glass','moreblocks:micro_iron_glass','moreblocks:micro_iron_glass','','','','',''),
('moreblocks:iron_glass','moreblocks:slab_iron_glass','moreblocks:slab_iron_glass','','','','','','',''),
('moreblocks:slab_iron_glass 3','moreblocks:stair_iron_glass','moreblocks:stair_iron_glass','','','','','','',''),
('moreblocks:iron_glass','moreblocks:slope_iron_glass','moreblocks:slope_iron_glass','','','','','','',''),
('moreblocks:iron_glass','moreblocks:slope_iron_glass_outer_cut','moreblocks:slope_iron_glass_outer_cut','','','','','','',''),
('moreblocks:iron_glass','moreblocks:slope_iron_glass_half','moreblocks:slope_iron_glass_half_raised','','','','','','',''),
('moreblocks:iron_glass','moreblocks:slope_iron_glass_half','moreblocks:slope_iron_glass_half','moreblocks:slope_iron_glass_half','moreblocks:slope_iron_glass_half','','','','',''),
('moreblocks:slab_iron_glass','moreblocks:slope_iron_glass_half','moreblocks:slope_iron_glass_half','','','','','','',''),
('moreblocks:slope_iron_glass_half_raised','moreblocks:slope_iron_glass_half','moreblocks:slope_iron_glass_half','moreblocks:slope_iron_glass_half','','','','','',''),
('moreblocks:slope_iron_glass_half_raised','moreblocks:slab_iron_glass','moreblocks:slope_iron_glass_half','','','','','','',''),
('moreblocks:slope_iron_glass_inner_half_raised','moreblocks:slab_iron_glass','moreblocks:slope_iron_glass_inner_half','','','','','','',''),
('moreblocks:slope_iron_glass_outer_half_raised','moreblocks:slab_iron_glass','moreblocks:slope_iron_glass_outer_half','','','','','','',''),
('moreblocks:slope_iron_glass_outer_cut_half_raised','moreblocks:slab_iron_glass','moreblocks:slope_iron_glass_outer_cut_half','','','','','','',''),
('moreblocks:slope_iron_glass_outer_cut','moreblocks:slope_iron_glass_outer','','','','','','','',''),
('moreblocks:slope_iron_glass_outer_cut_half','moreblocks:slope_iron_glass_outer_half','','','','','','','',''),
('moreblocks:slope_iron_glass_outer_cut_half_raised','moreblocks:slope_iron_glass_outer_half_raised','','','','','','','',''),
('moreblocks:panel_iron_glass','moreblocks:micro_iron_glass','moreblocks:micro_iron_glass','','','','','','',''),
('moreblocks:iron_glass','moreblocks:panel_iron_glass','moreblocks:panel_iron_glass','moreblocks:panel_iron_glass','moreblocks:panel_iron_glass','','','','',''),
('moreblocks:micro_iron_glass 7','moreblocks:stair_iron_glass_inner','','','','','','','',''),
('moreblocks:micro_iron_glass 6','moreblocks:stair_iron_glass','','','','','','','',''),
('moreblocks:micro_iron_glass 5','moreblocks:stair_iron_glass_outer','','','','','','','',''),
('moreblocks:micro_iron_glass 4','moreblocks:slab_iron_glass','','','','','','','',''),
('moreblocks:micro_iron_glass 2','moreblocks:panel_iron_glass','','','','','','','',''),
('moreblocks:iron_glass','moreblocks:micro_iron_glass','moreblocks:micro_iron_glass','moreblocks:micro_iron_glass','moreblocks:micro_iron_glass','moreblocks:micro_iron_glass','moreblocks:micro_iron_glass','moreblocks:micro_iron_glass','moreblocks:micro_iron_glass',''),
('moreblocks:stair_cactus_checker','moreblocks:panel_cactus_checker','moreblocks:slab_cactus_checker','','','','','','',''),
('moreblocks:stair_cactus_checker','moreblocks:panel_cactus_checker','moreblocks:panel_cactus_checker','moreblocks:panel_cactus_checker','','','','','',''),
('moreblocks:stair_cactus_checker_outer','moreblocks:micro_cactus_checker','moreblocks:slab_cactus_checker','','','','','','',''),
('moreblocks:stair_cactus_checker_half','moreblocks:micro_cactus_checker','moreblocks:micro_cactus_checker','moreblocks:micro_cactus_checker','','','','','',''),
('moreblocks:stair_cactus_checker_half','moreblocks:panel_cactus_checker','moreblocks:micro_cactus_checker','','','','','','',''),
('moreblocks:stair_cactus_checker_right_half','moreblocks:stair_cactus_checker_half','','','','','','','',''),
('moreblocks:stair_cactus_checker_half','moreblocks:stair_cactus_checker_right_half','','','','','','','',''),
('moreblocks:stair_cactus_checker','moreblocks:micro_cactus_checker','moreblocks:micro_cactus_checker','moreblocks:micro_cactus_checker','moreblocks:micro_cactus_checker','moreblocks:micro_cactus_checker','moreblocks:micro_cactus_checker','','',''),
('moreblocks:stair_cactus_checker_inner','moreblocks:micro_cactus_checker','moreblocks:micro_cactus_checker','moreblocks:micro_cactus_checker','moreblocks:micro_cactus_checker','moreblocks:micro_cactus_checker','moreblocks:micro_cactus_checker','moreblocks:micro_cactus_checker','',''),
('moreblocks:stair_cactus_checker_outer','moreblocks:micro_cactus_checker','moreblocks:micro_cactus_checker','moreblocks:micro_cactus_checker','moreblocks:micro_cactus_checker','moreblocks:micro_cactus_checker','','','',''),
('moreblocks:stair_cactus_checker','moreblocks:panel_cactus_checker','moreblocks:panel_cactus_checker','moreblocks:panel_cactus_checker','','','','','',''),
('moreblocks:slab_cactus_checker','moreblocks:micro_cactus_checker','moreblocks:micro_cactus_checker','moreblocks:micro_cactus_checker','moreblocks:micro_cactus_checker','','','','',''),
('moreblocks:cactus_checker','moreblocks:slab_cactus_checker','moreblocks:slab_cactus_checker','','','','','','',''),
('moreblocks:slab_cactus_checker 3','moreblocks:stair_cactus_checker','moreblocks:stair_cactus_checker','','','','','','',''),
('moreblocks:cactus_checker','moreblocks:slope_cactus_checker','moreblocks:slope_cactus_checker','','','','','','',''),
('moreblocks:cactus_checker','moreblocks:slope_cactus_checker_outer_cut','moreblocks:slope_cactus_checker_outer_cut','','','','','','',''),
('moreblocks:cactus_checker','moreblocks:slope_cactus_checker_half','moreblocks:slope_cactus_checker_half_raised','','','','','','',''),
('moreblocks:cactus_checker','moreblocks:slope_cactus_checker_half','moreblocks:slope_cactus_checker_half','moreblocks:slope_cactus_checker_half','moreblocks:slope_cactus_checker_half','','','','',''),
('moreblocks:slab_cactus_checker','moreblocks:slope_cactus_checker_half','moreblocks:slope_cactus_checker_half','','','','','','',''),
('moreblocks:slope_cactus_checker_half_raised','moreblocks:slope_cactus_checker_half','moreblocks:slope_cactus_checker_half','moreblocks:slope_cactus_checker_half','','','','','',''),
('moreblocks:slope_cactus_checker_half_raised','moreblocks:slab_cactus_checker','moreblocks:slope_cactus_checker_half','','','','','','',''),
('moreblocks:slope_cactus_checker_inner_half_raised','moreblocks:slab_cactus_checker','moreblocks:slope_cactus_checker_inner_half','','','','','','',''),
('moreblocks:slope_cactus_checker_outer_half_raised','moreblocks:slab_cactus_checker','moreblocks:slope_cactus_checker_outer_half','','','','','','',''),
('moreblocks:slope_cactus_checker_outer_cut_half_raised','moreblocks:slab_cactus_checker','moreblocks:slope_cactus_checker_outer_cut_half','','','','','','',''),
('moreblocks:slope_cactus_checker_outer_cut','moreblocks:slope_cactus_checker_outer','','','','','','','',''),
('moreblocks:slope_cactus_checker_outer_cut_half','moreblocks:slope_cactus_checker_outer_half','','','','','','','',''),
('moreblocks:slope_cactus_checker_outer_cut_half_raised','moreblocks:slope_cactus_checker_outer_half_raised','','','','','','','',''),
('moreblocks:panel_cactus_checker','moreblocks:micro_cactus_checker','moreblocks:micro_cactus_checker','','','','','','',''),
('moreblocks:cactus_checker','moreblocks:panel_cactus_checker','moreblocks:panel_cactus_checker','moreblocks:panel_cactus_checker','moreblocks:panel_cactus_checker','','','','',''),
('moreblocks:micro_cactus_checker 7','moreblocks:stair_cactus_checker_inner','','','','','','','',''),
('moreblocks:micro_cactus_checker 6','moreblocks:stair_cactus_checker','','','','','','','',''),
('moreblocks:micro_cactus_checker 5','moreblocks:stair_cactus_checker_outer','','','','','','','',''),
('moreblocks:micro_cactus_checker 4','moreblocks:slab_cactus_checker','','','','','','','',''),
('moreblocks:micro_cactus_checker 2','moreblocks:panel_cactus_checker','','','','','','','',''),
('moreblocks:cactus_checker','moreblocks:micro_cactus_checker','moreblocks:micro_cactus_checker','moreblocks:micro_cactus_checker','moreblocks:micro_cactus_checker','moreblocks:micro_cactus_checker','moreblocks:micro_cactus_checker','moreblocks:micro_cactus_checker','moreblocks:micro_cactus_checker',''),
('moreblocks:stair_clean_glass','moreblocks:panel_clean_glass','moreblocks:slab_clean_glass','','','','','','',''),
('moreblocks:stair_clean_glass','moreblocks:panel_clean_glass','moreblocks:panel_clean_glass','moreblocks:panel_clean_glass','','','','','',''),
('moreblocks:stair_clean_glass_outer','moreblocks:micro_clean_glass','moreblocks:slab_clean_glass','','','','','','',''),
('moreblocks:stair_clean_glass_half','moreblocks:micro_clean_glass','moreblocks:micro_clean_glass','moreblocks:micro_clean_glass','','','','','',''),
('moreblocks:stair_clean_glass_half','moreblocks:panel_clean_glass','moreblocks:micro_clean_glass','','','','','','',''),
('moreblocks:stair_clean_glass_right_half','moreblocks:stair_clean_glass_half','','','','','','','',''),
('moreblocks:stair_clean_glass_half','moreblocks:stair_clean_glass_right_half','','','','','','','',''),
('moreblocks:stair_clean_glass','moreblocks:micro_clean_glass','moreblocks:micro_clean_glass','moreblocks:micro_clean_glass','moreblocks:micro_clean_glass','moreblocks:micro_clean_glass','moreblocks:micro_clean_glass','','',''),
('moreblocks:stair_clean_glass_inner','moreblocks:micro_clean_glass','moreblocks:micro_clean_glass','moreblocks:micro_clean_glass','moreblocks:micro_clean_glass','moreblocks:micro_clean_glass','moreblocks:micro_clean_glass','moreblocks:micro_clean_glass','',''),
('moreblocks:stair_clean_glass_outer','moreblocks:micro_clean_glass','moreblocks:micro_clean_glass','moreblocks:micro_clean_glass','moreblocks:micro_clean_glass','moreblocks:micro_clean_glass','','','',''),
('moreblocks:stair_clean_glass','moreblocks:panel_clean_glass','moreblocks:panel_clean_glass','moreblocks:panel_clean_glass','','','','','',''),
('moreblocks:slab_clean_glass','moreblocks:micro_clean_glass','moreblocks:micro_clean_glass','moreblocks:micro_clean_glass','moreblocks:micro_clean_glass','','','','',''),
('moreblocks:clean_glass','moreblocks:slab_clean_glass','moreblocks:slab_clean_glass','','','','','','',''),
('moreblocks:slab_clean_glass 3','moreblocks:stair_clean_glass','moreblocks:stair_clean_glass','','','','','','',''),
('moreblocks:clean_glass','moreblocks:slope_clean_glass','moreblocks:slope_clean_glass','','','','','','',''),
('moreblocks:clean_glass','moreblocks:slope_clean_glass_outer_cut','moreblocks:slope_clean_glass_outer_cut','','','','','','',''),
('moreblocks:clean_glass','moreblocks:slope_clean_glass_half','moreblocks:slope_clean_glass_half_raised','','','','','','',''),
('moreblocks:clean_glass','moreblocks:slope_clean_glass_half','moreblocks:slope_clean_glass_half','moreblocks:slope_clean_glass_half','moreblocks:slope_clean_glass_half','','','','',''),
('moreblocks:slab_clean_glass','moreblocks:slope_clean_glass_half','moreblocks:slope_clean_glass_half','','','','','','',''),
('moreblocks:slope_clean_glass_half_raised','moreblocks:slope_clean_glass_half','moreblocks:slope_clean_glass_half','moreblocks:slope_clean_glass_half','','','','','',''),
('moreblocks:slope_clean_glass_half_raised','moreblocks:slab_clean_glass','moreblocks:slope_clean_glass_half','','','','','','',''),
('moreblocks:slope_clean_glass_inner_half_raised','moreblocks:slab_clean_glass','moreblocks:slope_clean_glass_inner_half','','','','','','',''),
('moreblocks:slope_clean_glass_outer_half_raised','moreblocks:slab_clean_glass','moreblocks:slope_clean_glass_outer_half','','','','','','',''),
('moreblocks:slope_clean_glass_outer_cut_half_raised','moreblocks:slab_clean_glass','moreblocks:slope_clean_glass_outer_cut_half','','','','','','',''),
('moreblocks:slope_clean_glass_outer_cut','moreblocks:slope_clean_glass_outer','','','','','','','',''),
('moreblocks:slope_clean_glass_outer_cut_half','moreblocks:slope_clean_glass_outer_half','','','','','','','',''),
('moreblocks:slope_clean_glass_outer_cut_half_raised','moreblocks:slope_clean_glass_outer_half_raised','','','','','','','',''),
('moreblocks:panel_clean_glass','moreblocks:micro_clean_glass','moreblocks:micro_clean_glass','','','','','','',''),
('moreblocks:clean_glass','moreblocks:panel_clean_glass','moreblocks:panel_clean_glass','moreblocks:panel_clean_glass','moreblocks:panel_clean_glass','','','','',''),
('moreblocks:micro_clean_glass 7','moreblocks:stair_clean_glass_inner','','','','','','','',''),
('moreblocks:micro_clean_glass 6','moreblocks:stair_clean_glass','','','','','','','',''),
('moreblocks:micro_clean_glass 5','moreblocks:stair_clean_glass_outer','','','','','','','',''),
('moreblocks:micro_clean_glass 4','moreblocks:slab_clean_glass','','','','','','','',''),
('moreblocks:micro_clean_glass 2','moreblocks:panel_clean_glass','','','','','','','',''),
('moreblocks:clean_glass','moreblocks:micro_clean_glass','moreblocks:micro_clean_glass','moreblocks:micro_clean_glass','moreblocks:micro_clean_glass','moreblocks:micro_clean_glass','moreblocks:micro_clean_glass','moreblocks:micro_clean_glass','moreblocks:micro_clean_glass',''),
('moreblocks:stair_wood_tile_center','moreblocks:panel_wood_tile_center','moreblocks:slab_wood_tile_center','','','','','','',''),
('moreblocks:stair_wood_tile_center','moreblocks:panel_wood_tile_center','moreblocks:panel_wood_tile_center','moreblocks:panel_wood_tile_center','','','','','',''),
('moreblocks:stair_wood_tile_center_outer','moreblocks:micro_wood_tile_center','moreblocks:slab_wood_tile_center','','','','','','',''),
('moreblocks:stair_wood_tile_center_half','moreblocks:micro_wood_tile_center','moreblocks:micro_wood_tile_center','moreblocks:micro_wood_tile_center','','','','','',''),
('moreblocks:stair_wood_tile_center_half','moreblocks:panel_wood_tile_center','moreblocks:micro_wood_tile_center','','','','','','',''),
('moreblocks:stair_wood_tile_center_right_half','moreblocks:stair_wood_tile_center_half','','','','','','','',''),
('moreblocks:stair_wood_tile_center_half','moreblocks:stair_wood_tile_center_right_half','','','','','','','',''),
('moreblocks:stair_wood_tile_center','moreblocks:micro_wood_tile_center','moreblocks:micro_wood_tile_center','moreblocks:micro_wood_tile_center','moreblocks:micro_wood_tile_center','moreblocks:micro_wood_tile_center','moreblocks:micro_wood_tile_center','','',''),
('moreblocks:stair_wood_tile_center_inner','moreblocks:micro_wood_tile_center','moreblocks:micro_wood_tile_center','moreblocks:micro_wood_tile_center','moreblocks:micro_wood_tile_center','moreblocks:micro_wood_tile_center','moreblocks:micro_wood_tile_center','moreblocks:micro_wood_tile_center','',''),
('moreblocks:stair_wood_tile_center_outer','moreblocks:micro_wood_tile_center','moreblocks:micro_wood_tile_center','moreblocks:micro_wood_tile_center','moreblocks:micro_wood_tile_center','moreblocks:micro_wood_tile_center','','','',''),
('moreblocks:stair_wood_tile_center','moreblocks:panel_wood_tile_center','moreblocks:panel_wood_tile_center','moreblocks:panel_wood_tile_center','','','','','',''),
('moreblocks:slab_wood_tile_center','moreblocks:micro_wood_tile_center','moreblocks:micro_wood_tile_center','moreblocks:micro_wood_tile_center','moreblocks:micro_wood_tile_center','','','','',''),
('moreblocks:wood_tile_center','moreblocks:slab_wood_tile_center','moreblocks:slab_wood_tile_center','','','','','','',''),
('moreblocks:slab_wood_tile_center 3','moreblocks:stair_wood_tile_center','moreblocks:stair_wood_tile_center','','','','','','',''),
('moreblocks:wood_tile_center','moreblocks:slope_wood_tile_center','moreblocks:slope_wood_tile_center','','','','','','',''),
('moreblocks:wood_tile_center','moreblocks:slope_wood_tile_center_outer_cut','moreblocks:slope_wood_tile_center_outer_cut','','','','','','',''),
('moreblocks:wood_tile_center','moreblocks:slope_wood_tile_center_half','moreblocks:slope_wood_tile_center_half_raised','','','','','','',''),
('moreblocks:wood_tile_center','moreblocks:slope_wood_tile_center_half','moreblocks:slope_wood_tile_center_half','moreblocks:slope_wood_tile_center_half','moreblocks:slope_wood_tile_center_half','','','','',''),
('moreblocks:slab_wood_tile_center','moreblocks:slope_wood_tile_center_half','moreblocks:slope_wood_tile_center_half','','','','','','',''),
('moreblocks:slope_wood_tile_center_half_raised','moreblocks:slope_wood_tile_center_half','moreblocks:slope_wood_tile_center_half','moreblocks:slope_wood_tile_center_half','','','','','',''),
('moreblocks:slope_wood_tile_center_half_raised','moreblocks:slab_wood_tile_center','moreblocks:slope_wood_tile_center_half','','','','','','',''),
('moreblocks:slope_wood_tile_center_inner_half_raised','moreblocks:slab_wood_tile_center','moreblocks:slope_wood_tile_center_inner_half','','','','','','',''),
('moreblocks:slope_wood_tile_center_outer_half_raised','moreblocks:slab_wood_tile_center','moreblocks:slope_wood_tile_center_outer_half','','','','','','',''),
('moreblocks:slope_wood_tile_center_outer_cut_half_raised','moreblocks:slab_wood_tile_center','moreblocks:slope_wood_tile_center_outer_cut_half','','','','','','',''),
('moreblocks:slope_wood_tile_center_outer_cut','moreblocks:slope_wood_tile_center_outer','','','','','','','',''),
('moreblocks:slope_wood_tile_center_outer_cut_half','moreblocks:slope_wood_tile_center_outer_half','','','','','','','',''),
('moreblocks:slope_wood_tile_center_outer_cut_half_raised','moreblocks:slope_wood_tile_center_outer_half_raised','','','','','','','',''),
('moreblocks:panel_wood_tile_center','moreblocks:micro_wood_tile_center','moreblocks:micro_wood_tile_center','','','','','','',''),
('moreblocks:wood_tile_center','moreblocks:panel_wood_tile_center','moreblocks:panel_wood_tile_center','moreblocks:panel_wood_tile_center','moreblocks:panel_wood_tile_center','','','','',''),
('moreblocks:micro_wood_tile_center 7','moreblocks:stair_wood_tile_center_inner','','','','','','','',''),
('moreblocks:micro_wood_tile_center 6','moreblocks:stair_wood_tile_center','','','','','','','',''),
('moreblocks:micro_wood_tile_center 5','moreblocks:stair_wood_tile_center_outer','','','','','','','',''),
('moreblocks:micro_wood_tile_center 4','moreblocks:slab_wood_tile_center','','','','','','','',''),
('moreblocks:micro_wood_tile_center 2','moreblocks:panel_wood_tile_center','','','','','','','',''),
('moreblocks:wood_tile_center','moreblocks:micro_wood_tile_center','moreblocks:micro_wood_tile_center','moreblocks:micro_wood_tile_center','moreblocks:micro_wood_tile_center','moreblocks:micro_wood_tile_center','moreblocks:micro_wood_tile_center','moreblocks:micro_wood_tile_center','moreblocks:micro_wood_tile_center',''),
('moreblocks:stair_cactus_brick','moreblocks:panel_cactus_brick','moreblocks:slab_cactus_brick','','','','','','',''),
('moreblocks:stair_cactus_brick','moreblocks:panel_cactus_brick','moreblocks:panel_cactus_brick','moreblocks:panel_cactus_brick','','','','','',''),
('moreblocks:stair_cactus_brick_outer','moreblocks:micro_cactus_brick','moreblocks:slab_cactus_brick','','','','','','',''),
('moreblocks:stair_cactus_brick_half','moreblocks:micro_cactus_brick','moreblocks:micro_cactus_brick','moreblocks:micro_cactus_brick','','','','','',''),
('moreblocks:stair_cactus_brick_half','moreblocks:panel_cactus_brick','moreblocks:micro_cactus_brick','','','','','','',''),
('moreblocks:stair_cactus_brick_right_half','moreblocks:stair_cactus_brick_half','','','','','','','',''),
('moreblocks:stair_cactus_brick_half','moreblocks:stair_cactus_brick_right_half','','','','','','','',''),
('moreblocks:stair_cactus_brick','moreblocks:micro_cactus_brick','moreblocks:micro_cactus_brick','moreblocks:micro_cactus_brick','moreblocks:micro_cactus_brick','moreblocks:micro_cactus_brick','moreblocks:micro_cactus_brick','','',''),
('moreblocks:stair_cactus_brick_inner','moreblocks:micro_cactus_brick','moreblocks:micro_cactus_brick','moreblocks:micro_cactus_brick','moreblocks:micro_cactus_brick','moreblocks:micro_cactus_brick','moreblocks:micro_cactus_brick','moreblocks:micro_cactus_brick','',''),
('moreblocks:stair_cactus_brick_outer','moreblocks:micro_cactus_brick','moreblocks:micro_cactus_brick','moreblocks:micro_cactus_brick','moreblocks:micro_cactus_brick','moreblocks:micro_cactus_brick','','','',''),
('moreblocks:stair_cactus_brick','moreblocks:panel_cactus_brick','moreblocks:panel_cactus_brick','moreblocks:panel_cactus_brick','','','','','',''),
('moreblocks:slab_cactus_brick','moreblocks:micro_cactus_brick','moreblocks:micro_cactus_brick','moreblocks:micro_cactus_brick','moreblocks:micro_cactus_brick','','','','',''),
('moreblocks:cactus_brick','moreblocks:slab_cactus_brick','moreblocks:slab_cactus_brick','','','','','','',''),
('moreblocks:slab_cactus_brick 3','moreblocks:stair_cactus_brick','moreblocks:stair_cactus_brick','','','','','','',''),
('moreblocks:cactus_brick','moreblocks:slope_cactus_brick','moreblocks:slope_cactus_brick','','','','','','',''),
('moreblocks:cactus_brick','moreblocks:slope_cactus_brick_outer_cut','moreblocks:slope_cactus_brick_outer_cut','','','','','','',''),
('moreblocks:cactus_brick','moreblocks:slope_cactus_brick_half','moreblocks:slope_cactus_brick_half_raised','','','','','','',''),
('moreblocks:cactus_brick','moreblocks:slope_cactus_brick_half','moreblocks:slope_cactus_brick_half','moreblocks:slope_cactus_brick_half','moreblocks:slope_cactus_brick_half','','','','',''),
('moreblocks:slab_cactus_brick','moreblocks:slope_cactus_brick_half','moreblocks:slope_cactus_brick_half','','','','','','',''),
('moreblocks:slope_cactus_brick_half_raised','moreblocks:slope_cactus_brick_half','moreblocks:slope_cactus_brick_half','moreblocks:slope_cactus_brick_half','','','','','',''),
('moreblocks:slope_cactus_brick_half_raised','moreblocks:slab_cactus_brick','moreblocks:slope_cactus_brick_half','','','','','','',''),
('moreblocks:slope_cactus_brick_inner_half_raised','moreblocks:slab_cactus_brick','moreblocks:slope_cactus_brick_inner_half','','','','','','',''),
('moreblocks:slope_cactus_brick_outer_half_raised','moreblocks:slab_cactus_brick','moreblocks:slope_cactus_brick_outer_half','','','','','','',''),
('moreblocks:slope_cactus_brick_outer_cut_half_raised','moreblocks:slab_cactus_brick','moreblocks:slope_cactus_brick_outer_cut_half','','','','','','',''),
('moreblocks:slope_cactus_brick_outer_cut','moreblocks:slope_cactus_brick_outer','','','','','','','',''),
('moreblocks:slope_cactus_brick_outer_cut_half','moreblocks:slope_cactus_brick_outer_half','','','','','','','',''),
('moreblocks:slope_cactus_brick_outer_cut_half_raised','moreblocks:slope_cactus_brick_outer_half_raised','','','','','','','',''),
('moreblocks:panel_cactus_brick','moreblocks:micro_cactus_brick','moreblocks:micro_cactus_brick','','','','','','',''),
('moreblocks:cactus_brick','moreblocks:panel_cactus_brick','moreblocks:panel_cactus_brick','moreblocks:panel_cactus_brick','moreblocks:panel_cactus_brick','','','','',''),
('moreblocks:micro_cactus_brick 7','moreblocks:stair_cactus_brick_inner','','','','','','','',''),
('moreblocks:micro_cactus_brick 6','moreblocks:stair_cactus_brick','','','','','','','',''),
('moreblocks:micro_cactus_brick 5','moreblocks:stair_cactus_brick_outer','','','','','','','',''),
('moreblocks:micro_cactus_brick 4','moreblocks:slab_cactus_brick','','','','','','','',''),
('moreblocks:micro_cactus_brick 2','moreblocks:panel_cactus_brick','','','','','','','',''),
('moreblocks:cactus_brick','moreblocks:micro_cactus_brick','moreblocks:micro_cactus_brick','moreblocks:micro_cactus_brick','moreblocks:micro_cactus_brick','moreblocks:micro_cactus_brick','moreblocks:micro_cactus_brick','moreblocks:micro_cactus_brick','moreblocks:micro_cactus_brick',''),
('moreblocks:stair_stone_tile','moreblocks:panel_stone_tile','moreblocks:slab_stone_tile','','','','','','',''),
('moreblocks:stair_stone_tile','moreblocks:panel_stone_tile','moreblocks:panel_stone_tile','moreblocks:panel_stone_tile','','','','','',''),
('moreblocks:stair_stone_tile_outer','moreblocks:micro_stone_tile','moreblocks:slab_stone_tile','','','','','','',''),
('moreblocks:stair_stone_tile_half','moreblocks:micro_stone_tile','moreblocks:micro_stone_tile','moreblocks:micro_stone_tile','','','','','',''),
('moreblocks:stair_stone_tile_half','moreblocks:panel_stone_tile','moreblocks:micro_stone_tile','','','','','','',''),
('moreblocks:stair_stone_tile_right_half','moreblocks:stair_stone_tile_half','','','','','','','',''),
('moreblocks:stair_stone_tile_half','moreblocks:stair_stone_tile_right_half','','','','','','','',''),
('moreblocks:stair_stone_tile','moreblocks:micro_stone_tile','moreblocks:micro_stone_tile','moreblocks:micro_stone_tile','moreblocks:micro_stone_tile','moreblocks:micro_stone_tile','moreblocks:micro_stone_tile','','',''),
('moreblocks:stair_stone_tile_inner','moreblocks:micro_stone_tile','moreblocks:micro_stone_tile','moreblocks:micro_stone_tile','moreblocks:micro_stone_tile','moreblocks:micro_stone_tile','moreblocks:micro_stone_tile','moreblocks:micro_stone_tile','',''),
('moreblocks:stair_stone_tile_outer','moreblocks:micro_stone_tile','moreblocks:micro_stone_tile','moreblocks:micro_stone_tile','moreblocks:micro_stone_tile','moreblocks:micro_stone_tile','','','',''),
('moreblocks:stair_stone_tile','moreblocks:panel_stone_tile','moreblocks:panel_stone_tile','moreblocks:panel_stone_tile','','','','','',''),
('moreblocks:slab_stone_tile','moreblocks:micro_stone_tile','moreblocks:micro_stone_tile','moreblocks:micro_stone_tile','moreblocks:micro_stone_tile','','','','',''),
('moreblocks:stone_tile','moreblocks:slab_stone_tile','moreblocks:slab_stone_tile','','','','','','',''),
('moreblocks:slab_stone_tile 3','moreblocks:stair_stone_tile','moreblocks:stair_stone_tile','','','','','','',''),
('moreblocks:stone_tile','moreblocks:slope_stone_tile','moreblocks:slope_stone_tile','','','','','','',''),
('moreblocks:stone_tile','moreblocks:slope_stone_tile_outer_cut','moreblocks:slope_stone_tile_outer_cut','','','','','','',''),
('moreblocks:stone_tile','moreblocks:slope_stone_tile_half','moreblocks:slope_stone_tile_half_raised','','','','','','',''),
('moreblocks:stone_tile','moreblocks:slope_stone_tile_half','moreblocks:slope_stone_tile_half','moreblocks:slope_stone_tile_half','moreblocks:slope_stone_tile_half','','','','',''),
('moreblocks:slab_stone_tile','moreblocks:slope_stone_tile_half','moreblocks:slope_stone_tile_half','','','','','','',''),
('moreblocks:slope_stone_tile_half_raised','moreblocks:slope_stone_tile_half','moreblocks:slope_stone_tile_half','moreblocks:slope_stone_tile_half','','','','','',''),
('moreblocks:slope_stone_tile_half_raised','moreblocks:slab_stone_tile','moreblocks:slope_stone_tile_half','','','','','','',''),
('moreblocks:slope_stone_tile_inner_half_raised','moreblocks:slab_stone_tile','moreblocks:slope_stone_tile_inner_half','','','','','','',''),
('moreblocks:slope_stone_tile_outer_half_raised','moreblocks:slab_stone_tile','moreblocks:slope_stone_tile_outer_half','','','','','','',''),
('moreblocks:slope_stone_tile_outer_cut_half_raised','moreblocks:slab_stone_tile','moreblocks:slope_stone_tile_outer_cut_half','','','','','','',''),
('moreblocks:slope_stone_tile_outer_cut','moreblocks:slope_stone_tile_outer','','','','','','','',''),
('moreblocks:slope_stone_tile_outer_cut_half','moreblocks:slope_stone_tile_outer_half','','','','','','','',''),
('moreblocks:slope_stone_tile_outer_cut_half_raised','moreblocks:slope_stone_tile_outer_half_raised','','','','','','','',''),
('moreblocks:panel_stone_tile','moreblocks:micro_stone_tile','moreblocks:micro_stone_tile','','','','','','',''),
('moreblocks:stone_tile','moreblocks:panel_stone_tile','moreblocks:panel_stone_tile','moreblocks:panel_stone_tile','moreblocks:panel_stone_tile','','','','',''),
('moreblocks:micro_stone_tile 7','moreblocks:stair_stone_tile_inner','','','','','','','',''),
('moreblocks:micro_stone_tile 6','moreblocks:stair_stone_tile','','','','','','','',''),
('moreblocks:micro_stone_tile 5','moreblocks:stair_stone_tile_outer','','','','','','','',''),
('moreblocks:micro_stone_tile 4','moreblocks:slab_stone_tile','','','','','','','',''),
('moreblocks:micro_stone_tile 2','moreblocks:panel_stone_tile','','','','','','','',''),
('moreblocks:stone_tile','moreblocks:micro_stone_tile','moreblocks:micro_stone_tile','moreblocks:micro_stone_tile','moreblocks:micro_stone_tile','moreblocks:micro_stone_tile','moreblocks:micro_stone_tile','moreblocks:micro_stone_tile','moreblocks:micro_stone_tile',''),
('moreblocks:stair_wood_tile','moreblocks:panel_wood_tile','moreblocks:slab_wood_tile','','','','','','',''),
('moreblocks:stair_wood_tile','moreblocks:panel_wood_tile','moreblocks:panel_wood_tile','moreblocks:panel_wood_tile','','','','','',''),
('moreblocks:stair_wood_tile_outer','moreblocks:micro_wood_tile','moreblocks:slab_wood_tile','','','','','','',''),
('moreblocks:stair_wood_tile_half','moreblocks:micro_wood_tile','moreblocks:micro_wood_tile','moreblocks:micro_wood_tile','','','','','',''),
('moreblocks:stair_wood_tile_half','moreblocks:panel_wood_tile','moreblocks:micro_wood_tile','','','','','','',''),
('moreblocks:stair_wood_tile_right_half','moreblocks:stair_wood_tile_half','','','','','','','',''),
('moreblocks:stair_wood_tile_half','moreblocks:stair_wood_tile_right_half','','','','','','','',''),
('moreblocks:stair_wood_tile','moreblocks:micro_wood_tile','moreblocks:micro_wood_tile','moreblocks:micro_wood_tile','moreblocks:micro_wood_tile','moreblocks:micro_wood_tile','moreblocks:micro_wood_tile','','',''),
('moreblocks:stair_wood_tile_inner','moreblocks:micro_wood_tile','moreblocks:micro_wood_tile','moreblocks:micro_wood_tile','moreblocks:micro_wood_tile','moreblocks:micro_wood_tile','moreblocks:micro_wood_tile','moreblocks:micro_wood_tile','',''),
('moreblocks:stair_wood_tile_outer','moreblocks:micro_wood_tile','moreblocks:micro_wood_tile','moreblocks:micro_wood_tile','moreblocks:micro_wood_tile','moreblocks:micro_wood_tile','','','',''),
('moreblocks:stair_wood_tile','moreblocks:panel_wood_tile','moreblocks:panel_wood_tile','moreblocks:panel_wood_tile','','','','','',''),
('moreblocks:slab_wood_tile','moreblocks:micro_wood_tile','moreblocks:micro_wood_tile','moreblocks:micro_wood_tile','moreblocks:micro_wood_tile','','','','',''),
('moreblocks:wood_tile','moreblocks:slab_wood_tile','moreblocks:slab_wood_tile','','','','','','',''),
('moreblocks:slab_wood_tile 3','moreblocks:stair_wood_tile','moreblocks:stair_wood_tile','','','','','','',''),
('moreblocks:wood_tile','moreblocks:slope_wood_tile','moreblocks:slope_wood_tile','','','','','','',''),
('moreblocks:wood_tile','moreblocks:slope_wood_tile_outer_cut','moreblocks:slope_wood_tile_outer_cut','','','','','','',''),
('moreblocks:wood_tile','moreblocks:slope_wood_tile_half','moreblocks:slope_wood_tile_half_raised','','','','','','',''),
('moreblocks:wood_tile','moreblocks:slope_wood_tile_half','moreblocks:slope_wood_tile_half','moreblocks:slope_wood_tile_half','moreblocks:slope_wood_tile_half','','','','',''),
('moreblocks:slab_wood_tile','moreblocks:slope_wood_tile_half','moreblocks:slope_wood_tile_half','','','','','','',''),
('moreblocks:slope_wood_tile_half_raised','moreblocks:slope_wood_tile_half','moreblocks:slope_wood_tile_half','moreblocks:slope_wood_tile_half','','','','','',''),
('moreblocks:slope_wood_tile_half_raised','moreblocks:slab_wood_tile','moreblocks:slope_wood_tile_half','','','','','','',''),
('moreblocks:slope_wood_tile_inner_half_raised','moreblocks:slab_wood_tile','moreblocks:slope_wood_tile_inner_half','','','','','','',''),
('moreblocks:slope_wood_tile_outer_half_raised','moreblocks:slab_wood_tile','moreblocks:slope_wood_tile_outer_half','','','','','','',''),
('moreblocks:slope_wood_tile_outer_cut_half_raised','moreblocks:slab_wood_tile','moreblocks:slope_wood_tile_outer_cut_half','','','','','','',''),
('moreblocks:slope_wood_tile_outer_cut','moreblocks:slope_wood_tile_outer','','','','','','','',''),
('moreblocks:slope_wood_tile_outer_cut_half','moreblocks:slope_wood_tile_outer_half','','','','','','','',''),
('moreblocks:slope_wood_tile_outer_cut_half_raised','moreblocks:slope_wood_tile_outer_half_raised','','','','','','','',''),
('moreblocks:panel_wood_tile','moreblocks:micro_wood_tile','moreblocks:micro_wood_tile','','','','','','',''),
('moreblocks:wood_tile','moreblocks:panel_wood_tile','moreblocks:panel_wood_tile','moreblocks:panel_wood_tile','moreblocks:panel_wood_tile','','','','',''),
('moreblocks:micro_wood_tile 7','moreblocks:stair_wood_tile_inner','','','','','','','',''),
('moreblocks:micro_wood_tile 6','moreblocks:stair_wood_tile','','','','','','','',''),
('moreblocks:micro_wood_tile 5','moreblocks:stair_wood_tile_outer','','','','','','','',''),
('moreblocks:micro_wood_tile 4','moreblocks:slab_wood_tile','','','','','','','',''),
('moreblocks:micro_wood_tile 2','moreblocks:panel_wood_tile','','','','','','','',''),
('moreblocks:wood_tile','moreblocks:micro_wood_tile','moreblocks:micro_wood_tile','moreblocks:micro_wood_tile','moreblocks:micro_wood_tile','moreblocks:micro_wood_tile','moreblocks:micro_wood_tile','moreblocks:micro_wood_tile','moreblocks:micro_wood_tile',''),
('moreblocks:stair_split_stone_tile_alt','moreblocks:panel_split_stone_tile_alt','moreblocks:slab_split_stone_tile_alt','','','','','','',''),
('moreblocks:stair_split_stone_tile_alt','moreblocks:panel_split_stone_tile_alt','moreblocks:panel_split_stone_tile_alt','moreblocks:panel_split_stone_tile_alt','','','','','',''),
('moreblocks:stair_split_stone_tile_alt_outer','moreblocks:micro_split_stone_tile_alt','moreblocks:slab_split_stone_tile_alt','','','','','','',''),
('moreblocks:stair_split_stone_tile_alt_half','moreblocks:micro_split_stone_tile_alt','moreblocks:micro_split_stone_tile_alt','moreblocks:micro_split_stone_tile_alt','','','','','',''),
('moreblocks:stair_split_stone_tile_alt_half','moreblocks:panel_split_stone_tile_alt','moreblocks:micro_split_stone_tile_alt','','','','','','',''),
('moreblocks:stair_split_stone_tile_alt_right_half','moreblocks:stair_split_stone_tile_alt_half','','','','','','','',''),
('moreblocks:stair_split_stone_tile_alt_half','moreblocks:stair_split_stone_tile_alt_right_half','','','','','','','',''),
('moreblocks:stair_split_stone_tile_alt','moreblocks:micro_split_stone_tile_alt','moreblocks:micro_split_stone_tile_alt','moreblocks:micro_split_stone_tile_alt','moreblocks:micro_split_stone_tile_alt','moreblocks:micro_split_stone_tile_alt','moreblocks:micro_split_stone_tile_alt','','',''),
('moreblocks:stair_split_stone_tile_alt_inner','moreblocks:micro_split_stone_tile_alt','moreblocks:micro_split_stone_tile_alt','moreblocks:micro_split_stone_tile_alt','moreblocks:micro_split_stone_tile_alt','moreblocks:micro_split_stone_tile_alt','moreblocks:micro_split_stone_tile_alt','moreblocks:micro_split_stone_tile_alt','',''),
('moreblocks:stair_split_stone_tile_alt_outer','moreblocks:micro_split_stone_tile_alt','moreblocks:micro_split_stone_tile_alt','moreblocks:micro_split_stone_tile_alt','moreblocks:micro_split_stone_tile_alt','moreblocks:micro_split_stone_tile_alt','','','',''),
('moreblocks:stair_split_stone_tile_alt','moreblocks:panel_split_stone_tile_alt','moreblocks:panel_split_stone_tile_alt','moreblocks:panel_split_stone_tile_alt','','','','','',''),
('moreblocks:slab_split_stone_tile_alt','moreblocks:micro_split_stone_tile_alt','moreblocks:micro_split_stone_tile_alt','moreblocks:micro_split_stone_tile_alt','moreblocks:micro_split_stone_tile_alt','','','','',''),
('moreblocks:split_stone_tile_alt','moreblocks:slab_split_stone_tile_alt','moreblocks:slab_split_stone_tile_alt','','','','','','',''),
('moreblocks:slab_split_stone_tile_alt 3','moreblocks:stair_split_stone_tile_alt','moreblocks:stair_split_stone_tile_alt','','','','','','',''),
('moreblocks:split_stone_tile_alt','moreblocks:slope_split_stone_tile_alt','moreblocks:slope_split_stone_tile_alt','','','','','','',''),
('moreblocks:split_stone_tile_alt','moreblocks:slope_split_stone_tile_alt_outer_cut','moreblocks:slope_split_stone_tile_alt_outer_cut','','','','','','',''),
('moreblocks:split_stone_tile_alt','moreblocks:slope_split_stone_tile_alt_half','moreblocks:slope_split_stone_tile_alt_half_raised','','','','','','',''),
('moreblocks:split_stone_tile_alt','moreblocks:slope_split_stone_tile_alt_half','moreblocks:slope_split_stone_tile_alt_half','moreblocks:slope_split_stone_tile_alt_half','moreblocks:slope_split_stone_tile_alt_half','','','','',''),
('moreblocks:slab_split_stone_tile_alt','moreblocks:slope_split_stone_tile_alt_half','moreblocks:slope_split_stone_tile_alt_half','','','','','','',''),
('moreblocks:slope_split_stone_tile_alt_half_raised','moreblocks:slope_split_stone_tile_alt_half','moreblocks:slope_split_stone_tile_alt_half','moreblocks:slope_split_stone_tile_alt_half','','','','','',''),
('moreblocks:slope_split_stone_tile_alt_half_raised','moreblocks:slab_split_stone_tile_alt','moreblocks:slope_split_stone_tile_alt_half','','','','','','',''),
('moreblocks:slope_split_stone_tile_alt_inner_half_raised','moreblocks:slab_split_stone_tile_alt','moreblocks:slope_split_stone_tile_alt_inner_half','','','','','','',''),
('moreblocks:slope_split_stone_tile_alt_outer_half_raised','moreblocks:slab_split_stone_tile_alt','moreblocks:slope_split_stone_tile_alt_outer_half','','','','','','',''),
('moreblocks:slope_split_stone_tile_alt_outer_cut_half_raised','moreblocks:slab_split_stone_tile_alt','moreblocks:slope_split_stone_tile_alt_outer_cut_half','','','','','','',''),
('moreblocks:slope_split_stone_tile_alt_outer_cut','moreblocks:slope_split_stone_tile_alt_outer','','','','','','','',''),
('moreblocks:slope_split_stone_tile_alt_outer_cut_half','moreblocks:slope_split_stone_tile_alt_outer_half','','','','','','','',''),
('moreblocks:slope_split_stone_tile_alt_outer_cut_half_raised','moreblocks:slope_split_stone_tile_alt_outer_half_raised','','','','','','','',''),
('moreblocks:panel_split_stone_tile_alt','moreblocks:micro_split_stone_tile_alt','moreblocks:micro_split_stone_tile_alt','','','','','','',''),
('moreblocks:split_stone_tile_alt','moreblocks:panel_split_stone_tile_alt','moreblocks:panel_split_stone_tile_alt','moreblocks:panel_split_stone_tile_alt','moreblocks:panel_split_stone_tile_alt','','','','',''),
('moreblocks:micro_split_stone_tile_alt 7','moreblocks:stair_split_stone_tile_alt_inner','','','','','','','',''),
('moreblocks:micro_split_stone_tile_alt 6','moreblocks:stair_split_stone_tile_alt','','','','','','','',''),
('moreblocks:micro_split_stone_tile_alt 5','moreblocks:stair_split_stone_tile_alt_outer','','','','','','','',''),
('moreblocks:micro_split_stone_tile_alt 4','moreblocks:slab_split_stone_tile_alt','','','','','','','',''),
('moreblocks:micro_split_stone_tile_alt 2','moreblocks:panel_split_stone_tile_alt','','','','','','','',''),
('moreblocks:split_stone_tile_alt','moreblocks:micro_split_stone_tile_alt','moreblocks:micro_split_stone_tile_alt','moreblocks:micro_split_stone_tile_alt','moreblocks:micro_split_stone_tile_alt','moreblocks:micro_split_stone_tile_alt','moreblocks:micro_split_stone_tile_alt','moreblocks:micro_split_stone_tile_alt','moreblocks:micro_split_stone_tile_alt',''),
('moreblocks:stair_coal_glass','moreblocks:panel_coal_glass','moreblocks:slab_coal_glass','','','','','','',''),
('moreblocks:stair_coal_glass','moreblocks:panel_coal_glass','moreblocks:panel_coal_glass','moreblocks:panel_coal_glass','','','','','',''),
('moreblocks:stair_coal_glass_outer','moreblocks:micro_coal_glass','moreblocks:slab_coal_glass','','','','','','',''),
('moreblocks:stair_coal_glass_half','moreblocks:micro_coal_glass','moreblocks:micro_coal_glass','moreblocks:micro_coal_glass','','','','','',''),
('moreblocks:stair_coal_glass_half','moreblocks:panel_coal_glass','moreblocks:micro_coal_glass','','','','','','',''),
('moreblocks:stair_coal_glass_right_half','moreblocks:stair_coal_glass_half','','','','','','','',''),
('moreblocks:stair_coal_glass_half','moreblocks:stair_coal_glass_right_half','','','','','','','',''),
('moreblocks:stair_coal_glass','moreblocks:micro_coal_glass','moreblocks:micro_coal_glass','moreblocks:micro_coal_glass','moreblocks:micro_coal_glass','moreblocks:micro_coal_glass','moreblocks:micro_coal_glass','','',''),
('moreblocks:stair_coal_glass_inner','moreblocks:micro_coal_glass','moreblocks:micro_coal_glass','moreblocks:micro_coal_glass','moreblocks:micro_coal_glass','moreblocks:micro_coal_glass','moreblocks:micro_coal_glass','moreblocks:micro_coal_glass','',''),
('moreblocks:stair_coal_glass_outer','moreblocks:micro_coal_glass','moreblocks:micro_coal_glass','moreblocks:micro_coal_glass','moreblocks:micro_coal_glass','moreblocks:micro_coal_glass','','','',''),
('moreblocks:stair_coal_glass','moreblocks:panel_coal_glass','moreblocks:panel_coal_glass','moreblocks:panel_coal_glass','','','','','',''),
('moreblocks:slab_coal_glass','moreblocks:micro_coal_glass','moreblocks:micro_coal_glass','moreblocks:micro_coal_glass','moreblocks:micro_coal_glass','','','','',''),
('moreblocks:coal_glass','moreblocks:slab_coal_glass','moreblocks:slab_coal_glass','','','','','','',''),
('moreblocks:slab_coal_glass 3','moreblocks:stair_coal_glass','moreblocks:stair_coal_glass','','','','','','',''),
('moreblocks:coal_glass','moreblocks:slope_coal_glass','moreblocks:slope_coal_glass','','','','','','',''),
('moreblocks:coal_glass','moreblocks:slope_coal_glass_outer_cut','moreblocks:slope_coal_glass_outer_cut','','','','','','',''),
('moreblocks:coal_glass','moreblocks:slope_coal_glass_half','moreblocks:slope_coal_glass_half_raised','','','','','','',''),
('moreblocks:coal_glass','moreblocks:slope_coal_glass_half','moreblocks:slope_coal_glass_half','moreblocks:slope_coal_glass_half','moreblocks:slope_coal_glass_half','','','','',''),
('moreblocks:slab_coal_glass','moreblocks:slope_coal_glass_half','moreblocks:slope_coal_glass_half','','','','','','',''),
('moreblocks:slope_coal_glass_half_raised','moreblocks:slope_coal_glass_half','moreblocks:slope_coal_glass_half','moreblocks:slope_coal_glass_half','','','','','',''),
('moreblocks:slope_coal_glass_half_raised','moreblocks:slab_coal_glass','moreblocks:slope_coal_glass_half','','','','','','',''),
('moreblocks:slope_coal_glass_inner_half_raised','moreblocks:slab_coal_glass','moreblocks:slope_coal_glass_inner_half','','','','','','',''),
('moreblocks:slope_coal_glass_outer_half_raised','moreblocks:slab_coal_glass','moreblocks:slope_coal_glass_outer_half','','','','','','',''),
('moreblocks:slope_coal_glass_outer_cut_half_raised','moreblocks:slab_coal_glass','moreblocks:slope_coal_glass_outer_cut_half','','','','','','',''),
('moreblocks:slope_coal_glass_outer_cut','moreblocks:slope_coal_glass_outer','','','','','','','',''),
('moreblocks:slope_coal_glass_outer_cut_half','moreblocks:slope_coal_glass_outer_half','','','','','','','',''),
('moreblocks:slope_coal_glass_outer_cut_half_raised','moreblocks:slope_coal_glass_outer_half_raised','','','','','','','',''),
('moreblocks:panel_coal_glass','moreblocks:micro_coal_glass','moreblocks:micro_coal_glass','','','','','','',''),
('moreblocks:coal_glass','moreblocks:panel_coal_glass','moreblocks:panel_coal_glass','moreblocks:panel_coal_glass','moreblocks:panel_coal_glass','','','','',''),
('moreblocks:micro_coal_glass 7','moreblocks:stair_coal_glass_inner','','','','','','','',''),
('moreblocks:micro_coal_glass 6','moreblocks:stair_coal_glass','','','','','','','',''),
('moreblocks:micro_coal_glass 5','moreblocks:stair_coal_glass_outer','','','','','','','',''),
('moreblocks:micro_coal_glass 4','moreblocks:slab_coal_glass','','','','','','','',''),
('moreblocks:micro_coal_glass 2','moreblocks:panel_coal_glass','','','','','','','',''),
('moreblocks:coal_glass','moreblocks:micro_coal_glass','moreblocks:micro_coal_glass','moreblocks:micro_coal_glass','moreblocks:micro_coal_glass','moreblocks:micro_coal_glass','moreblocks:micro_coal_glass','moreblocks:micro_coal_glass','moreblocks:micro_coal_glass',''),
('moreblocks:stair_cobble_compressed','moreblocks:panel_cobble_compressed','moreblocks:slab_cobble_compressed','','','','','','',''),
('moreblocks:stair_cobble_compressed','moreblocks:panel_cobble_compressed','moreblocks:panel_cobble_compressed','moreblocks:panel_cobble_compressed','','','','','',''),
('moreblocks:stair_cobble_compressed_outer','moreblocks:micro_cobble_compressed','moreblocks:slab_cobble_compressed','','','','','','',''),
('moreblocks:stair_cobble_compressed_half','moreblocks:micro_cobble_compressed','moreblocks:micro_cobble_compressed','moreblocks:micro_cobble_compressed','','','','','',''),
('moreblocks:stair_cobble_compressed_half','moreblocks:panel_cobble_compressed','moreblocks:micro_cobble_compressed','','','','','','',''),
('moreblocks:stair_cobble_compressed_right_half','moreblocks:stair_cobble_compressed_half','','','','','','','',''),
('moreblocks:stair_cobble_compressed_half','moreblocks:stair_cobble_compressed_right_half','','','','','','','',''),
('moreblocks:stair_cobble_compressed','moreblocks:micro_cobble_compressed','moreblocks:micro_cobble_compressed','moreblocks:micro_cobble_compressed','moreblocks:micro_cobble_compressed','moreblocks:micro_cobble_compressed','moreblocks:micro_cobble_compressed','','',''),
('moreblocks:stair_cobble_compressed_inner','moreblocks:micro_cobble_compressed','moreblocks:micro_cobble_compressed','moreblocks:micro_cobble_compressed','moreblocks:micro_cobble_compressed','moreblocks:micro_cobble_compressed','moreblocks:micro_cobble_compressed','moreblocks:micro_cobble_compressed','',''),
('moreblocks:stair_cobble_compressed_outer','moreblocks:micro_cobble_compressed','moreblocks:micro_cobble_compressed','moreblocks:micro_cobble_compressed','moreblocks:micro_cobble_compressed','moreblocks:micro_cobble_compressed','','','',''),
('moreblocks:stair_cobble_compressed','moreblocks:panel_cobble_compressed','moreblocks:panel_cobble_compressed','moreblocks:panel_cobble_compressed','','','','','',''),
('moreblocks:slab_cobble_compressed','moreblocks:micro_cobble_compressed','moreblocks:micro_cobble_compressed','moreblocks:micro_cobble_compressed','moreblocks:micro_cobble_compressed','','','','',''),
('moreblocks:cobble_compressed','moreblocks:slab_cobble_compressed','moreblocks:slab_cobble_compressed','','','','','','',''),
('moreblocks:slab_cobble_compressed 3','moreblocks:stair_cobble_compressed','moreblocks:stair_cobble_compressed','','','','','','',''),
('moreblocks:cobble_compressed','moreblocks:slope_cobble_compressed','moreblocks:slope_cobble_compressed','','','','','','',''),
('moreblocks:cobble_compressed','moreblocks:slope_cobble_compressed_outer_cut','moreblocks:slope_cobble_compressed_outer_cut','','','','','','',''),
('moreblocks:cobble_compressed','moreblocks:slope_cobble_compressed_half','moreblocks:slope_cobble_compressed_half_raised','','','','','','',''),
('moreblocks:cobble_compressed','moreblocks:slope_cobble_compressed_half','moreblocks:slope_cobble_compressed_half','moreblocks:slope_cobble_compressed_half','moreblocks:slope_cobble_compressed_half','','','','',''),
('moreblocks:slab_cobble_compressed','moreblocks:slope_cobble_compressed_half','moreblocks:slope_cobble_compressed_half','','','','','','',''),
('moreblocks:slope_cobble_compressed_half_raised','moreblocks:slope_cobble_compressed_half','moreblocks:slope_cobble_compressed_half','moreblocks:slope_cobble_compressed_half','','','','','',''),
('moreblocks:slope_cobble_compressed_half_raised','moreblocks:slab_cobble_compressed','moreblocks:slope_cobble_compressed_half','','','','','','',''),
('moreblocks:slope_cobble_compressed_inner_half_raised','moreblocks:slab_cobble_compressed','moreblocks:slope_cobble_compressed_inner_half','','','','','','',''),
('moreblocks:slope_cobble_compressed_outer_half_raised','moreblocks:slab_cobble_compressed','moreblocks:slope_cobble_compressed_outer_half','','','','','','',''),
('moreblocks:slope_cobble_compressed_outer_cut_half_raised','moreblocks:slab_cobble_compressed','moreblocks:slope_cobble_compressed_outer_cut_half','','','','','','',''),
('moreblocks:slope_cobble_compressed_outer_cut','moreblocks:slope_cobble_compressed_outer','','','','','','','',''),
('moreblocks:slope_cobble_compressed_outer_cut_half','moreblocks:slope_cobble_compressed_outer_half','','','','','','','',''),
('moreblocks:slope_cobble_compressed_outer_cut_half_raised','moreblocks:slope_cobble_compressed_outer_half_raised','','','','','','','',''),
('moreblocks:panel_cobble_compressed','moreblocks:micro_cobble_compressed','moreblocks:micro_cobble_compressed','','','','','','',''),
('moreblocks:cobble_compressed','moreblocks:panel_cobble_compressed','moreblocks:panel_cobble_compressed','moreblocks:panel_cobble_compressed','moreblocks:panel_cobble_compressed','','','','',''),
('moreblocks:micro_cobble_compressed 7','moreblocks:stair_cobble_compressed_inner','','','','','','','',''),
('moreblocks:micro_cobble_compressed 6','moreblocks:stair_cobble_compressed','','','','','','','',''),
('moreblocks:micro_cobble_compressed 5','moreblocks:stair_cobble_compressed_outer','','','','','','','',''),
('moreblocks:micro_cobble_compressed 4','moreblocks:slab_cobble_compressed','','','','','','','',''),
('moreblocks:micro_cobble_compressed 2','moreblocks:panel_cobble_compressed','','','','','','','',''),
('moreblocks:cobble_compressed','moreblocks:micro_cobble_compressed','moreblocks:micro_cobble_compressed','moreblocks:micro_cobble_compressed','moreblocks:micro_cobble_compressed','moreblocks:micro_cobble_compressed','moreblocks:micro_cobble_compressed','moreblocks:micro_cobble_compressed','moreblocks:micro_cobble_compressed',''),
('moreblocks:stair_iron_checker','moreblocks:panel_iron_checker','moreblocks:slab_iron_checker','','','','','','',''),
('moreblocks:stair_iron_checker','moreblocks:panel_iron_checker','moreblocks:panel_iron_checker','moreblocks:panel_iron_checker','','','','','',''),
('moreblocks:stair_iron_checker_outer','moreblocks:micro_iron_checker','moreblocks:slab_iron_checker','','','','','','',''),
('moreblocks:stair_iron_checker_half','moreblocks:micro_iron_checker','moreblocks:micro_iron_checker','moreblocks:micro_iron_checker','','','','','',''),
('moreblocks:stair_iron_checker_half','moreblocks:panel_iron_checker','moreblocks:micro_iron_checker','','','','','','',''),
('moreblocks:stair_iron_checker_right_half','moreblocks:stair_iron_checker_half','','','','','','','',''),
('moreblocks:stair_iron_checker_half','moreblocks:stair_iron_checker_right_half','','','','','','','',''),
('moreblocks:stair_iron_checker','moreblocks:micro_iron_checker','moreblocks:micro_iron_checker','moreblocks:micro_iron_checker','moreblocks:micro_iron_checker','moreblocks:micro_iron_checker','moreblocks:micro_iron_checker','','',''),
('moreblocks:stair_iron_checker_inner','moreblocks:micro_iron_checker','moreblocks:micro_iron_checker','moreblocks:micro_iron_checker','moreblocks:micro_iron_checker','moreblocks:micro_iron_checker','moreblocks:micro_iron_checker','moreblocks:micro_iron_checker','',''),
('moreblocks:stair_iron_checker_outer','moreblocks:micro_iron_checker','moreblocks:micro_iron_checker','moreblocks:micro_iron_checker','moreblocks:micro_iron_checker','moreblocks:micro_iron_checker','','','',''),
('moreblocks:stair_iron_checker','moreblocks:panel_iron_checker','moreblocks:panel_iron_checker','moreblocks:panel_iron_checker','','','','','',''),
('moreblocks:slab_iron_checker','moreblocks:micro_iron_checker','moreblocks:micro_iron_checker','moreblocks:micro_iron_checker','moreblocks:micro_iron_checker','','','','',''),
('moreblocks:iron_checker','moreblocks:slab_iron_checker','moreblocks:slab_iron_checker','','','','','','',''),
('moreblocks:slab_iron_checker 3','moreblocks:stair_iron_checker','moreblocks:stair_iron_checker','','','','','','',''),
('moreblocks:iron_checker','moreblocks:slope_iron_checker','moreblocks:slope_iron_checker','','','','','','',''),
('moreblocks:iron_checker','moreblocks:slope_iron_checker_outer_cut','moreblocks:slope_iron_checker_outer_cut','','','','','','',''),
('moreblocks:iron_checker','moreblocks:slope_iron_checker_half','moreblocks:slope_iron_checker_half_raised','','','','','','',''),
('moreblocks:iron_checker','moreblocks:slope_iron_checker_half','moreblocks:slope_iron_checker_half','moreblocks:slope_iron_checker_half','moreblocks:slope_iron_checker_half','','','','',''),
('moreblocks:slab_iron_checker','moreblocks:slope_iron_checker_half','moreblocks:slope_iron_checker_half','','','','','','',''),
('moreblocks:slope_iron_checker_half_raised','moreblocks:slope_iron_checker_half','moreblocks:slope_iron_checker_half','moreblocks:slope_iron_checker_half','','','','','',''),
('moreblocks:slope_iron_checker_half_raised','moreblocks:slab_iron_checker','moreblocks:slope_iron_checker_half','','','','','','',''),
('moreblocks:slope_iron_checker_inner_half_raised','moreblocks:slab_iron_checker','moreblocks:slope_iron_checker_inner_half','','','','','','',''),
('moreblocks:slope_iron_checker_outer_half_raised','moreblocks:slab_iron_checker','moreblocks:slope_iron_checker_outer_half','','','','','','',''),
('moreblocks:slope_iron_checker_outer_cut_half_raised','moreblocks:slab_iron_checker','moreblocks:slope_iron_checker_outer_cut_half','','','','','','',''),
('moreblocks:slope_iron_checker_outer_cut','moreblocks:slope_iron_checker_outer','','','','','','','',''),
('moreblocks:slope_iron_checker_outer_cut_half','moreblocks:slope_iron_checker_outer_half','','','','','','','',''),
('moreblocks:slope_iron_checker_outer_cut_half_raised','moreblocks:slope_iron_checker_outer_half_raised','','','','','','','',''),
('moreblocks:panel_iron_checker','moreblocks:micro_iron_checker','moreblocks:micro_iron_checker','','','','','','',''),
('moreblocks:iron_checker','moreblocks:panel_iron_checker','moreblocks:panel_iron_checker','moreblocks:panel_iron_checker','moreblocks:panel_iron_checker','','','','',''),
('moreblocks:micro_iron_checker 7','moreblocks:stair_iron_checker_inner','','','','','','','',''),
('moreblocks:micro_iron_checker 6','moreblocks:stair_iron_checker','','','','','','','',''),
('moreblocks:micro_iron_checker 5','moreblocks:stair_iron_checker_outer','','','','','','','',''),
('moreblocks:micro_iron_checker 4','moreblocks:slab_iron_checker','','','','','','','',''),
('moreblocks:micro_iron_checker 2','moreblocks:panel_iron_checker','','','','','','','',''),
('moreblocks:iron_checker','moreblocks:micro_iron_checker','moreblocks:micro_iron_checker','moreblocks:micro_iron_checker','moreblocks:micro_iron_checker','moreblocks:micro_iron_checker','moreblocks:micro_iron_checker','moreblocks:micro_iron_checker','moreblocks:micro_iron_checker',''),
('moreblocks:stair_grey_bricks','moreblocks:panel_grey_bricks','moreblocks:slab_grey_bricks','','','','','','',''),
('moreblocks:stair_grey_bricks','moreblocks:panel_grey_bricks','moreblocks:panel_grey_bricks','moreblocks:panel_grey_bricks','','','','','',''),
('moreblocks:stair_grey_bricks_outer','moreblocks:micro_grey_bricks','moreblocks:slab_grey_bricks','','','','','','',''),
('moreblocks:stair_grey_bricks_half','moreblocks:micro_grey_bricks','moreblocks:micro_grey_bricks','moreblocks:micro_grey_bricks','','','','','',''),
('moreblocks:stair_grey_bricks_half','moreblocks:panel_grey_bricks','moreblocks:micro_grey_bricks','','','','','','',''),
('moreblocks:stair_grey_bricks_right_half','moreblocks:stair_grey_bricks_half','','','','','','','',''),
('moreblocks:stair_grey_bricks_half','moreblocks:stair_grey_bricks_right_half','','','','','','','',''),
('moreblocks:stair_grey_bricks','moreblocks:micro_grey_bricks','moreblocks:micro_grey_bricks','moreblocks:micro_grey_bricks','moreblocks:micro_grey_bricks','moreblocks:micro_grey_bricks','moreblocks:micro_grey_bricks','','',''),
('moreblocks:stair_grey_bricks_inner','moreblocks:micro_grey_bricks','moreblocks:micro_grey_bricks','moreblocks:micro_grey_bricks','moreblocks:micro_grey_bricks','moreblocks:micro_grey_bricks','moreblocks:micro_grey_bricks','moreblocks:micro_grey_bricks','',''),
('moreblocks:stair_grey_bricks_outer','moreblocks:micro_grey_bricks','moreblocks:micro_grey_bricks','moreblocks:micro_grey_bricks','moreblocks:micro_grey_bricks','moreblocks:micro_grey_bricks','','','',''),
('moreblocks:stair_grey_bricks','moreblocks:panel_grey_bricks','moreblocks:panel_grey_bricks','moreblocks:panel_grey_bricks','','','','','',''),
('moreblocks:slab_grey_bricks','moreblocks:micro_grey_bricks','moreblocks:micro_grey_bricks','moreblocks:micro_grey_bricks','moreblocks:micro_grey_bricks','','','','',''),
('moreblocks:grey_bricks','moreblocks:slab_grey_bricks','moreblocks:slab_grey_bricks','','','','','','',''),
('moreblocks:slab_grey_bricks 3','moreblocks:stair_grey_bricks','moreblocks:stair_grey_bricks','','','','','','',''),
('moreblocks:grey_bricks','moreblocks:slope_grey_bricks','moreblocks:slope_grey_bricks','','','','','','',''),
('moreblocks:grey_bricks','moreblocks:slope_grey_bricks_outer_cut','moreblocks:slope_grey_bricks_outer_cut','','','','','','',''),
('moreblocks:grey_bricks','moreblocks:slope_grey_bricks_half','moreblocks:slope_grey_bricks_half_raised','','','','','','',''),
('moreblocks:grey_bricks','moreblocks:slope_grey_bricks_half','moreblocks:slope_grey_bricks_half','moreblocks:slope_grey_bricks_half','moreblocks:slope_grey_bricks_half','','','','',''),
('moreblocks:slab_grey_bricks','moreblocks:slope_grey_bricks_half','moreblocks:slope_grey_bricks_half','','','','','','',''),
('moreblocks:slope_grey_bricks_half_raised','moreblocks:slope_grey_bricks_half','moreblocks:slope_grey_bricks_half','moreblocks:slope_grey_bricks_half','','','','','',''),
('moreblocks:slope_grey_bricks_half_raised','moreblocks:slab_grey_bricks','moreblocks:slope_grey_bricks_half','','','','','','',''),
('moreblocks:slope_grey_bricks_inner_half_raised','moreblocks:slab_grey_bricks','moreblocks:slope_grey_bricks_inner_half','','','','','','',''),
('moreblocks:slope_grey_bricks_outer_half_raised','moreblocks:slab_grey_bricks','moreblocks:slope_grey_bricks_outer_half','','','','','','',''),
('moreblocks:slope_grey_bricks_outer_cut_half_raised','moreblocks:slab_grey_bricks','moreblocks:slope_grey_bricks_outer_cut_half','','','','','','',''),
('moreblocks:slope_grey_bricks_outer_cut','moreblocks:slope_grey_bricks_outer','','','','','','','',''),
('moreblocks:slope_grey_bricks_outer_cut_half','moreblocks:slope_grey_bricks_outer_half','','','','','','','',''),
('moreblocks:slope_grey_bricks_outer_cut_half_raised','moreblocks:slope_grey_bricks_outer_half_raised','','','','','','','',''),
('moreblocks:panel_grey_bricks','moreblocks:micro_grey_bricks','moreblocks:micro_grey_bricks','','','','','','',''),
('moreblocks:grey_bricks','moreblocks:panel_grey_bricks','moreblocks:panel_grey_bricks','moreblocks:panel_grey_bricks','moreblocks:panel_grey_bricks','','','','',''),
('moreblocks:micro_grey_bricks 7','moreblocks:stair_grey_bricks_inner','','','','','','','',''),
('moreblocks:micro_grey_bricks 6','moreblocks:stair_grey_bricks','','','','','','','',''),
('moreblocks:micro_grey_bricks 5','moreblocks:stair_grey_bricks_outer','','','','','','','',''),
('moreblocks:micro_grey_bricks 4','moreblocks:slab_grey_bricks','','','','','','','',''),
('moreblocks:micro_grey_bricks 2','moreblocks:panel_grey_bricks','','','','','','','',''),
('moreblocks:grey_bricks','moreblocks:micro_grey_bricks','moreblocks:micro_grey_bricks','moreblocks:micro_grey_bricks','moreblocks:micro_grey_bricks','moreblocks:micro_grey_bricks','moreblocks:micro_grey_bricks','moreblocks:micro_grey_bricks','moreblocks:micro_grey_bricks',''),
('moreblocks:stair_coal_stone','moreblocks:panel_coal_stone','moreblocks:slab_coal_stone','','','','','','',''),
('moreblocks:stair_coal_stone','moreblocks:panel_coal_stone','moreblocks:panel_coal_stone','moreblocks:panel_coal_stone','','','','','',''),
('moreblocks:stair_coal_stone_outer','moreblocks:micro_coal_stone','moreblocks:slab_coal_stone','','','','','','',''),
('moreblocks:stair_coal_stone_half','moreblocks:micro_coal_stone','moreblocks:micro_coal_stone','moreblocks:micro_coal_stone','','','','','',''),
('moreblocks:stair_coal_stone_half','moreblocks:panel_coal_stone','moreblocks:micro_coal_stone','','','','','','',''),
('moreblocks:stair_coal_stone_right_half','moreblocks:stair_coal_stone_half','','','','','','','',''),
('moreblocks:stair_coal_stone_half','moreblocks:stair_coal_stone_right_half','','','','','','','',''),
('moreblocks:stair_coal_stone','moreblocks:micro_coal_stone','moreblocks:micro_coal_stone','moreblocks:micro_coal_stone','moreblocks:micro_coal_stone','moreblocks:micro_coal_stone','moreblocks:micro_coal_stone','','',''),
('moreblocks:stair_coal_stone_inner','moreblocks:micro_coal_stone','moreblocks:micro_coal_stone','moreblocks:micro_coal_stone','moreblocks:micro_coal_stone','moreblocks:micro_coal_stone','moreblocks:micro_coal_stone','moreblocks:micro_coal_stone','',''),
('moreblocks:stair_coal_stone_outer','moreblocks:micro_coal_stone','moreblocks:micro_coal_stone','moreblocks:micro_coal_stone','moreblocks:micro_coal_stone','moreblocks:micro_coal_stone','','','',''),
('moreblocks:stair_coal_stone','moreblocks:panel_coal_stone','moreblocks:panel_coal_stone','moreblocks:panel_coal_stone','','','','','',''),
('moreblocks:slab_coal_stone','moreblocks:micro_coal_stone','moreblocks:micro_coal_stone','moreblocks:micro_coal_stone','moreblocks:micro_coal_stone','','','','',''),
('moreblocks:coal_stone','moreblocks:slab_coal_stone','moreblocks:slab_coal_stone','','','','','','',''),
('moreblocks:slab_coal_stone 3','moreblocks:stair_coal_stone','moreblocks:stair_coal_stone','','','','','','',''),
('moreblocks:coal_stone','moreblocks:slope_coal_stone','moreblocks:slope_coal_stone','','','','','','',''),
('moreblocks:coal_stone','moreblocks:slope_coal_stone_outer_cut','moreblocks:slope_coal_stone_outer_cut','','','','','','',''),
('moreblocks:coal_stone','moreblocks:slope_coal_stone_half','moreblocks:slope_coal_stone_half_raised','','','','','','',''),
('moreblocks:coal_stone','moreblocks:slope_coal_stone_half','moreblocks:slope_coal_stone_half','moreblocks:slope_coal_stone_half','moreblocks:slope_coal_stone_half','','','','',''),
('moreblocks:slab_coal_stone','moreblocks:slope_coal_stone_half','moreblocks:slope_coal_stone_half','','','','','','',''),
('moreblocks:slope_coal_stone_half_raised','moreblocks:slope_coal_stone_half','moreblocks:slope_coal_stone_half','moreblocks:slope_coal_stone_half','','','','','',''),
('moreblocks:slope_coal_stone_half_raised','moreblocks:slab_coal_stone','moreblocks:slope_coal_stone_half','','','','','','',''),
('moreblocks:slope_coal_stone_inner_half_raised','moreblocks:slab_coal_stone','moreblocks:slope_coal_stone_inner_half','','','','','','',''),
('moreblocks:slope_coal_stone_outer_half_raised','moreblocks:slab_coal_stone','moreblocks:slope_coal_stone_outer_half','','','','','','',''),
('moreblocks:slope_coal_stone_outer_cut_half_raised','moreblocks:slab_coal_stone','moreblocks:slope_coal_stone_outer_cut_half','','','','','','',''),
('moreblocks:slope_coal_stone_outer_cut','moreblocks:slope_coal_stone_outer','','','','','','','',''),
('moreblocks:slope_coal_stone_outer_cut_half','moreblocks:slope_coal_stone_outer_half','','','','','','','',''),
('moreblocks:slope_coal_stone_outer_cut_half_raised','moreblocks:slope_coal_stone_outer_half_raised','','','','','','','',''),
('moreblocks:panel_coal_stone','moreblocks:micro_coal_stone','moreblocks:micro_coal_stone','','','','','','',''),
('moreblocks:coal_stone','moreblocks:panel_coal_stone','moreblocks:panel_coal_stone','moreblocks:panel_coal_stone','moreblocks:panel_coal_stone','','','','',''),
('moreblocks:micro_coal_stone 7','moreblocks:stair_coal_stone_inner','','','','','','','',''),
('moreblocks:micro_coal_stone 6','moreblocks:stair_coal_stone','','','','','','','',''),
('moreblocks:micro_coal_stone 5','moreblocks:stair_coal_stone_outer','','','','','','','',''),
('moreblocks:micro_coal_stone 4','moreblocks:slab_coal_stone','','','','','','','',''),
('moreblocks:micro_coal_stone 2','moreblocks:panel_coal_stone','','','','','','','',''),
('moreblocks:coal_stone','moreblocks:micro_coal_stone','moreblocks:micro_coal_stone','moreblocks:micro_coal_stone','moreblocks:micro_coal_stone','moreblocks:micro_coal_stone','moreblocks:micro_coal_stone','moreblocks:micro_coal_stone','moreblocks:micro_coal_stone',''),
('moreblocks:stair_coal_checker','moreblocks:panel_coal_checker','moreblocks:slab_coal_checker','','','','','','',''),
('moreblocks:stair_coal_checker','moreblocks:panel_coal_checker','moreblocks:panel_coal_checker','moreblocks:panel_coal_checker','','','','','',''),
('moreblocks:stair_coal_checker_outer','moreblocks:micro_coal_checker','moreblocks:slab_coal_checker','','','','','','',''),
('moreblocks:stair_coal_checker_half','moreblocks:micro_coal_checker','moreblocks:micro_coal_checker','moreblocks:micro_coal_checker','','','','','',''),
('moreblocks:stair_coal_checker_half','moreblocks:panel_coal_checker','moreblocks:micro_coal_checker','','','','','','',''),
('moreblocks:stair_coal_checker_right_half','moreblocks:stair_coal_checker_half','','','','','','','',''),
('moreblocks:stair_coal_checker_half','moreblocks:stair_coal_checker_right_half','','','','','','','',''),
('moreblocks:stair_coal_checker','moreblocks:micro_coal_checker','moreblocks:micro_coal_checker','moreblocks:micro_coal_checker','moreblocks:micro_coal_checker','moreblocks:micro_coal_checker','moreblocks:micro_coal_checker','','',''),
('moreblocks:stair_coal_checker_inner','moreblocks:micro_coal_checker','moreblocks:micro_coal_checker','moreblocks:micro_coal_checker','moreblocks:micro_coal_checker','moreblocks:micro_coal_checker','moreblocks:micro_coal_checker','moreblocks:micro_coal_checker','',''),
('moreblocks:stair_coal_checker_outer','moreblocks:micro_coal_checker','moreblocks:micro_coal_checker','moreblocks:micro_coal_checker','moreblocks:micro_coal_checker','moreblocks:micro_coal_checker','','','',''),
('moreblocks:stair_coal_checker','moreblocks:panel_coal_checker','moreblocks:panel_coal_checker','moreblocks:panel_coal_checker','','','','','',''),
('moreblocks:slab_coal_checker','moreblocks:micro_coal_checker','moreblocks:micro_coal_checker','moreblocks:micro_coal_checker','moreblocks:micro_coal_checker','','','','',''),
('moreblocks:coal_checker','moreblocks:slab_coal_checker','moreblocks:slab_coal_checker','','','','','','',''),
('moreblocks:slab_coal_checker 3','moreblocks:stair_coal_checker','moreblocks:stair_coal_checker','','','','','','',''),
('moreblocks:coal_checker','moreblocks:slope_coal_checker','moreblocks:slope_coal_checker','','','','','','',''),
('moreblocks:coal_checker','moreblocks:slope_coal_checker_outer_cut','moreblocks:slope_coal_checker_outer_cut','','','','','','',''),
('moreblocks:coal_checker','moreblocks:slope_coal_checker_half','moreblocks:slope_coal_checker_half_raised','','','','','','',''),
('moreblocks:coal_checker','moreblocks:slope_coal_checker_half','moreblocks:slope_coal_checker_half','moreblocks:slope_coal_checker_half','moreblocks:slope_coal_checker_half','','','','',''),
('moreblocks:slab_coal_checker','moreblocks:slope_coal_checker_half','moreblocks:slope_coal_checker_half','','','','','','',''),
('moreblocks:slope_coal_checker_half_raised','moreblocks:slope_coal_checker_half','moreblocks:slope_coal_checker_half','moreblocks:slope_coal_checker_half','','','','','',''),
('moreblocks:slope_coal_checker_half_raised','moreblocks:slab_coal_checker','moreblocks:slope_coal_checker_half','','','','','','',''),
('moreblocks:slope_coal_checker_inner_half_raised','moreblocks:slab_coal_checker','moreblocks:slope_coal_checker_inner_half','','','','','','',''),
('moreblocks:slope_coal_checker_outer_half_raised','moreblocks:slab_coal_checker','moreblocks:slope_coal_checker_outer_half','','','','','','',''),
('moreblocks:slope_coal_checker_outer_cut_half_raised','moreblocks:slab_coal_checker','moreblocks:slope_coal_checker_outer_cut_half','','','','','','',''),
('moreblocks:slope_coal_checker_outer_cut','moreblocks:slope_coal_checker_outer','','','','','','','',''),
('moreblocks:slope_coal_checker_outer_cut_half','moreblocks:slope_coal_checker_outer_half','','','','','','','',''),
('moreblocks:slope_coal_checker_outer_cut_half_raised','moreblocks:slope_coal_checker_outer_half_raised','','','','','','','',''),
('moreblocks:panel_coal_checker','moreblocks:micro_coal_checker','moreblocks:micro_coal_checker','','','','','','',''),
('moreblocks:coal_checker','moreblocks:panel_coal_checker','moreblocks:panel_coal_checker','moreblocks:panel_coal_checker','moreblocks:panel_coal_checker','','','','',''),
('moreblocks:micro_coal_checker 7','moreblocks:stair_coal_checker_inner','','','','','','','',''),
('moreblocks:micro_coal_checker 6','moreblocks:stair_coal_checker','','','','','','','',''),
('moreblocks:micro_coal_checker 5','moreblocks:stair_coal_checker_outer','','','','','','','',''),
('moreblocks:micro_coal_checker 4','moreblocks:slab_coal_checker','','','','','','','',''),
('moreblocks:micro_coal_checker 2','moreblocks:panel_coal_checker','','','','','','','',''),
('moreblocks:coal_checker','moreblocks:micro_coal_checker','moreblocks:micro_coal_checker','moreblocks:micro_coal_checker','moreblocks:micro_coal_checker','moreblocks:micro_coal_checker','moreblocks:micro_coal_checker','moreblocks:micro_coal_checker','moreblocks:micro_coal_checker',''),
('moreblocks:stair_iron_stone','moreblocks:panel_iron_stone','moreblocks:slab_iron_stone','','','','','','',''),
('moreblocks:stair_iron_stone','moreblocks:panel_iron_stone','moreblocks:panel_iron_stone','moreblocks:panel_iron_stone','','','','','',''),
('moreblocks:stair_iron_stone_outer','moreblocks:micro_iron_stone','moreblocks:slab_iron_stone','','','','','','',''),
('moreblocks:stair_iron_stone_half','moreblocks:micro_iron_stone','moreblocks:micro_iron_stone','moreblocks:micro_iron_stone','','','','','',''),
('moreblocks:stair_iron_stone_half','moreblocks:panel_iron_stone','moreblocks:micro_iron_stone','','','','','','',''),
('moreblocks:stair_iron_stone_right_half','moreblocks:stair_iron_stone_half','','','','','','','',''),
('moreblocks:stair_iron_stone_half','moreblocks:stair_iron_stone_right_half','','','','','','','',''),
('moreblocks:stair_iron_stone','moreblocks:micro_iron_stone','moreblocks:micro_iron_stone','moreblocks:micro_iron_stone','moreblocks:micro_iron_stone','moreblocks:micro_iron_stone','moreblocks:micro_iron_stone','','',''),
('moreblocks:stair_iron_stone_inner','moreblocks:micro_iron_stone','moreblocks:micro_iron_stone','moreblocks:micro_iron_stone','moreblocks:micro_iron_stone','moreblocks:micro_iron_stone','moreblocks:micro_iron_stone','moreblocks:micro_iron_stone','',''),
('moreblocks:stair_iron_stone_outer','moreblocks:micro_iron_stone','moreblocks:micro_iron_stone','moreblocks:micro_iron_stone','moreblocks:micro_iron_stone','moreblocks:micro_iron_stone','','','',''),
('moreblocks:stair_iron_stone','moreblocks:panel_iron_stone','moreblocks:panel_iron_stone','moreblocks:panel_iron_stone','','','','','',''),
('moreblocks:slab_iron_stone','moreblocks:micro_iron_stone','moreblocks:micro_iron_stone','moreblocks:micro_iron_stone','moreblocks:micro_iron_stone','','','','',''),
('moreblocks:iron_stone','moreblocks:slab_iron_stone','moreblocks:slab_iron_stone','','','','','','',''),
('moreblocks:slab_iron_stone 3','moreblocks:stair_iron_stone','moreblocks:stair_iron_stone','','','','','','',''),
('moreblocks:iron_stone','moreblocks:slope_iron_stone','moreblocks:slope_iron_stone','','','','','','',''),
('moreblocks:iron_stone','moreblocks:slope_iron_stone_outer_cut','moreblocks:slope_iron_stone_outer_cut','','','','','','',''),
('moreblocks:iron_stone','moreblocks:slope_iron_stone_half','moreblocks:slope_iron_stone_half_raised','','','','','','',''),
('moreblocks:iron_stone','moreblocks:slope_iron_stone_half','moreblocks:slope_iron_stone_half','moreblocks:slope_iron_stone_half','moreblocks:slope_iron_stone_half','','','','',''),
('moreblocks:slab_iron_stone','moreblocks:slope_iron_stone_half','moreblocks:slope_iron_stone_half','','','','','','',''),
('moreblocks:slope_iron_stone_half_raised','moreblocks:slope_iron_stone_half','moreblocks:slope_iron_stone_half','moreblocks:slope_iron_stone_half','','','','','',''),
('moreblocks:slope_iron_stone_half_raised','moreblocks:slab_iron_stone','moreblocks:slope_iron_stone_half','','','','','','',''),
('moreblocks:slope_iron_stone_inner_half_raised','moreblocks:slab_iron_stone','moreblocks:slope_iron_stone_inner_half','','','','','','',''),
('moreblocks:slope_iron_stone_outer_half_raised','moreblocks:slab_iron_stone','moreblocks:slope_iron_stone_outer_half','','','','','','',''),
('moreblocks:slope_iron_stone_outer_cut_half_raised','moreblocks:slab_iron_stone','moreblocks:slope_iron_stone_outer_cut_half','','','','','','',''),
('moreblocks:slope_iron_stone_outer_cut','moreblocks:slope_iron_stone_outer','','','','','','','',''),
('moreblocks:slope_iron_stone_outer_cut_half','moreblocks:slope_iron_stone_outer_half','','','','','','','',''),
('moreblocks:slope_iron_stone_outer_cut_half_raised','moreblocks:slope_iron_stone_outer_half_raised','','','','','','','',''),
('moreblocks:panel_iron_stone','moreblocks:micro_iron_stone','moreblocks:micro_iron_stone','','','','','','',''),
('moreblocks:iron_stone','moreblocks:panel_iron_stone','moreblocks:panel_iron_stone','moreblocks:panel_iron_stone','moreblocks:panel_iron_stone','','','','',''),
('moreblocks:micro_iron_stone 7','moreblocks:stair_iron_stone_inner','','','','','','','',''),
('moreblocks:micro_iron_stone 6','moreblocks:stair_iron_stone','','','','','','','',''),
('moreblocks:micro_iron_stone 5','moreblocks:stair_iron_stone_outer','','','','','','','',''),
('moreblocks:micro_iron_stone 4','moreblocks:slab_iron_stone','','','','','','','',''),
('moreblocks:micro_iron_stone 2','moreblocks:panel_iron_stone','','','','','','','',''),
('moreblocks:iron_stone','moreblocks:micro_iron_stone','moreblocks:micro_iron_stone','moreblocks:micro_iron_stone','moreblocks:micro_iron_stone','moreblocks:micro_iron_stone','moreblocks:micro_iron_stone','moreblocks:micro_iron_stone','moreblocks:micro_iron_stone',''),
('moreblocks:stair_super_glow_glass','moreblocks:panel_super_glow_glass','moreblocks:slab_super_glow_glass','','','','','','',''),
('moreblocks:stair_super_glow_glass','moreblocks:panel_super_glow_glass','moreblocks:panel_super_glow_glass','moreblocks:panel_super_glow_glass','','','','','',''),
('moreblocks:stair_super_glow_glass_outer','moreblocks:micro_super_glow_glass','moreblocks:slab_super_glow_glass','','','','','','',''),
('moreblocks:stair_super_glow_glass_half','moreblocks:micro_super_glow_glass','moreblocks:micro_super_glow_glass','moreblocks:micro_super_glow_glass','','','','','',''),
('moreblocks:stair_super_glow_glass_half','moreblocks:panel_super_glow_glass','moreblocks:micro_super_glow_glass','','','','','','',''),
('moreblocks:stair_super_glow_glass_right_half','moreblocks:stair_super_glow_glass_half','','','','','','','',''),
('moreblocks:stair_super_glow_glass_half','moreblocks:stair_super_glow_glass_right_half','','','','','','','',''),
('moreblocks:stair_super_glow_glass','moreblocks:micro_super_glow_glass','moreblocks:micro_super_glow_glass','moreblocks:micro_super_glow_glass','moreblocks:micro_super_glow_glass','moreblocks:micro_super_glow_glass','moreblocks:micro_super_glow_glass','','',''),
('moreblocks:stair_super_glow_glass_inner','moreblocks:micro_super_glow_glass','moreblocks:micro_super_glow_glass','moreblocks:micro_super_glow_glass','moreblocks:micro_super_glow_glass','moreblocks:micro_super_glow_glass','moreblocks:micro_super_glow_glass','moreblocks:micro_super_glow_glass','',''),
('moreblocks:stair_super_glow_glass_outer','moreblocks:micro_super_glow_glass','moreblocks:micro_super_glow_glass','moreblocks:micro_super_glow_glass','moreblocks:micro_super_glow_glass','moreblocks:micro_super_glow_glass','','','',''),
('moreblocks:stair_super_glow_glass','moreblocks:panel_super_glow_glass','moreblocks:panel_super_glow_glass','moreblocks:panel_super_glow_glass','','','','','',''),
('moreblocks:slab_super_glow_glass','moreblocks:micro_super_glow_glass','moreblocks:micro_super_glow_glass','moreblocks:micro_super_glow_glass','moreblocks:micro_super_glow_glass','','','','',''),
('moreblocks:super_glow_glass','moreblocks:slab_super_glow_glass','moreblocks:slab_super_glow_glass','','','','','','',''),
('moreblocks:slab_super_glow_glass 3','moreblocks:stair_super_glow_glass','moreblocks:stair_super_glow_glass','','','','','','',''),
('moreblocks:super_glow_glass','moreblocks:slope_super_glow_glass','moreblocks:slope_super_glow_glass','','','','','','',''),
('moreblocks:super_glow_glass','moreblocks:slope_super_glow_glass_outer_cut','moreblocks:slope_super_glow_glass_outer_cut','','','','','','',''),
('moreblocks:super_glow_glass','moreblocks:slope_super_glow_glass_half','moreblocks:slope_super_glow_glass_half_raised','','','','','','',''),
('moreblocks:super_glow_glass','moreblocks:slope_super_glow_glass_half','moreblocks:slope_super_glow_glass_half','moreblocks:slope_super_glow_glass_half','moreblocks:slope_super_glow_glass_half','','','','',''),
('moreblocks:slab_super_glow_glass','moreblocks:slope_super_glow_glass_half','moreblocks:slope_super_glow_glass_half','','','','','','',''),
('moreblocks:slope_super_glow_glass_half_raised','moreblocks:slope_super_glow_glass_half','moreblocks:slope_super_glow_glass_half','moreblocks:slope_super_glow_glass_half','','','','','',''),
('moreblocks:slope_super_glow_glass_half_raised','moreblocks:slab_super_glow_glass','moreblocks:slope_super_glow_glass_half','','','','','','',''),
('moreblocks:slope_super_glow_glass_inner_half_raised','moreblocks:slab_super_glow_glass','moreblocks:slope_super_glow_glass_inner_half','','','','','','',''),
('moreblocks:slope_super_glow_glass_outer_half_raised','moreblocks:slab_super_glow_glass','moreblocks:slope_super_glow_glass_outer_half','','','','','','',''),
('moreblocks:slope_super_glow_glass_outer_cut_half_raised','moreblocks:slab_super_glow_glass','moreblocks:slope_super_glow_glass_outer_cut_half','','','','','','',''),
('moreblocks:slope_super_glow_glass_outer_cut','moreblocks:slope_super_glow_glass_outer','','','','','','','',''),
('moreblocks:slope_super_glow_glass_outer_cut_half','moreblocks:slope_super_glow_glass_outer_half','','','','','','','',''),
('moreblocks:slope_super_glow_glass_outer_cut_half_raised','moreblocks:slope_super_glow_glass_outer_half_raised','','','','','','','',''),
('moreblocks:panel_super_glow_glass','moreblocks:micro_super_glow_glass','moreblocks:micro_super_glow_glass','','','','','','',''),
('moreblocks:super_glow_glass','moreblocks:panel_super_glow_glass','moreblocks:panel_super_glow_glass','moreblocks:panel_super_glow_glass','moreblocks:panel_super_glow_glass','','','','',''),
('moreblocks:micro_super_glow_glass 7','moreblocks:stair_super_glow_glass_inner','','','','','','','',''),
('moreblocks:micro_super_glow_glass 6','moreblocks:stair_super_glow_glass','','','','','','','',''),
('moreblocks:micro_super_glow_glass 5','moreblocks:stair_super_glow_glass_outer','','','','','','','',''),
('moreblocks:micro_super_glow_glass 4','moreblocks:slab_super_glow_glass','','','','','','','',''),
('moreblocks:micro_super_glow_glass 2','moreblocks:panel_super_glow_glass','','','','','','','',''),
('moreblocks:super_glow_glass','moreblocks:micro_super_glow_glass','moreblocks:micro_super_glow_glass','moreblocks:micro_super_glow_glass','moreblocks:micro_super_glow_glass','moreblocks:micro_super_glow_glass','moreblocks:micro_super_glow_glass','moreblocks:micro_super_glow_glass','moreblocks:micro_super_glow_glass',''),
('moreblocks:stair_wood_tile_full','moreblocks:panel_wood_tile_full','moreblocks:slab_wood_tile_full','','','','','','',''),
('moreblocks:stair_wood_tile_full','moreblocks:panel_wood_tile_full','moreblocks:panel_wood_tile_full','moreblocks:panel_wood_tile_full','','','','','',''),
('moreblocks:stair_wood_tile_full_outer','moreblocks:micro_wood_tile_full','moreblocks:slab_wood_tile_full','','','','','','',''),
('moreblocks:stair_wood_tile_full_half','moreblocks:micro_wood_tile_full','moreblocks:micro_wood_tile_full','moreblocks:micro_wood_tile_full','','','','','',''),
('moreblocks:stair_wood_tile_full_half','moreblocks:panel_wood_tile_full','moreblocks:micro_wood_tile_full','','','','','','',''),
('moreblocks:stair_wood_tile_full_right_half','moreblocks:stair_wood_tile_full_half','','','','','','','',''),
('moreblocks:stair_wood_tile_full_half','moreblocks:stair_wood_tile_full_right_half','','','','','','','',''),
('moreblocks:stair_wood_tile_full','moreblocks:micro_wood_tile_full','moreblocks:micro_wood_tile_full','moreblocks:micro_wood_tile_full','moreblocks:micro_wood_tile_full','moreblocks:micro_wood_tile_full','moreblocks:micro_wood_tile_full','','',''),
('moreblocks:stair_wood_tile_full_inner','moreblocks:micro_wood_tile_full','moreblocks:micro_wood_tile_full','moreblocks:micro_wood_tile_full','moreblocks:micro_wood_tile_full','moreblocks:micro_wood_tile_full','moreblocks:micro_wood_tile_full','moreblocks:micro_wood_tile_full','',''),
('moreblocks:stair_wood_tile_full_outer','moreblocks:micro_wood_tile_full','moreblocks:micro_wood_tile_full','moreblocks:micro_wood_tile_full','moreblocks:micro_wood_tile_full','moreblocks:micro_wood_tile_full','','','',''),
('moreblocks:stair_wood_tile_full','moreblocks:panel_wood_tile_full','moreblocks:panel_wood_tile_full','moreblocks:panel_wood_tile_full','','','','','',''),
('moreblocks:slab_wood_tile_full','moreblocks:micro_wood_tile_full','moreblocks:micro_wood_tile_full','moreblocks:micro_wood_tile_full','moreblocks:micro_wood_tile_full','','','','',''),
('moreblocks:wood_tile_full','moreblocks:slab_wood_tile_full','moreblocks:slab_wood_tile_full','','','','','','',''),
('moreblocks:slab_wood_tile_full 3','moreblocks:stair_wood_tile_full','moreblocks:stair_wood_tile_full','','','','','','',''),
('moreblocks:wood_tile_full','moreblocks:slope_wood_tile_full','moreblocks:slope_wood_tile_full','','','','','','',''),
('moreblocks:wood_tile_full','moreblocks:slope_wood_tile_full_outer_cut','moreblocks:slope_wood_tile_full_outer_cut','','','','','','',''),
('moreblocks:wood_tile_full','moreblocks:slope_wood_tile_full_half','moreblocks:slope_wood_tile_full_half_raised','','','','','','',''),
('moreblocks:wood_tile_full','moreblocks:slope_wood_tile_full_half','moreblocks:slope_wood_tile_full_half','moreblocks:slope_wood_tile_full_half','moreblocks:slope_wood_tile_full_half','','','','',''),
('moreblocks:slab_wood_tile_full','moreblocks:slope_wood_tile_full_half','moreblocks:slope_wood_tile_full_half','','','','','','',''),
('moreblocks:slope_wood_tile_full_half_raised','moreblocks:slope_wood_tile_full_half','moreblocks:slope_wood_tile_full_half','moreblocks:slope_wood_tile_full_half','','','','','',''),
('moreblocks:slope_wood_tile_full_half_raised','moreblocks:slab_wood_tile_full','moreblocks:slope_wood_tile_full_half','','','','','','',''),
('moreblocks:slope_wood_tile_full_inner_half_raised','moreblocks:slab_wood_tile_full','moreblocks:slope_wood_tile_full_inner_half','','','','','','',''),
('moreblocks:slope_wood_tile_full_outer_half_raised','moreblocks:slab_wood_tile_full','moreblocks:slope_wood_tile_full_outer_half','','','','','','',''),
('moreblocks:slope_wood_tile_full_outer_cut_half_raised','moreblocks:slab_wood_tile_full','moreblocks:slope_wood_tile_full_outer_cut_half','','','','','','',''),
('moreblocks:slope_wood_tile_full_outer_cut','moreblocks:slope_wood_tile_full_outer','','','','','','','',''),
('moreblocks:slope_wood_tile_full_outer_cut_half','moreblocks:slope_wood_tile_full_outer_half','','','','','','','',''),
('moreblocks:slope_wood_tile_full_outer_cut_half_raised','moreblocks:slope_wood_tile_full_outer_half_raised','','','','','','','',''),
('moreblocks:panel_wood_tile_full','moreblocks:micro_wood_tile_full','moreblocks:micro_wood_tile_full','','','','','','',''),
('moreblocks:wood_tile_full','moreblocks:panel_wood_tile_full','moreblocks:panel_wood_tile_full','moreblocks:panel_wood_tile_full','moreblocks:panel_wood_tile_full','','','','',''),
('moreblocks:micro_wood_tile_full 7','moreblocks:stair_wood_tile_full_inner','','','','','','','',''),
('moreblocks:micro_wood_tile_full 6','moreblocks:stair_wood_tile_full','','','','','','','',''),
('moreblocks:micro_wood_tile_full 5','moreblocks:stair_wood_tile_full_outer','','','','','','','',''),
('moreblocks:micro_wood_tile_full 4','moreblocks:slab_wood_tile_full','','','','','','','',''),
('moreblocks:micro_wood_tile_full 2','moreblocks:panel_wood_tile_full','','','','','','','',''),
('moreblocks:wood_tile_full','moreblocks:micro_wood_tile_full','moreblocks:micro_wood_tile_full','moreblocks:micro_wood_tile_full','moreblocks:micro_wood_tile_full','moreblocks:micro_wood_tile_full','moreblocks:micro_wood_tile_full','moreblocks:micro_wood_tile_full','moreblocks:micro_wood_tile_full',''),
('moreblocks:stair_circle_stone_bricks','moreblocks:panel_circle_stone_bricks','moreblocks:slab_circle_stone_bricks','','','','','','',''),
('moreblocks:stair_circle_stone_bricks','moreblocks:panel_circle_stone_bricks','moreblocks:panel_circle_stone_bricks','moreblocks:panel_circle_stone_bricks','','','','','',''),
('moreblocks:stair_circle_stone_bricks_outer','moreblocks:micro_circle_stone_bricks','moreblocks:slab_circle_stone_bricks','','','','','','',''),
('moreblocks:stair_circle_stone_bricks_half','moreblocks:micro_circle_stone_bricks','moreblocks:micro_circle_stone_bricks','moreblocks:micro_circle_stone_bricks','','','','','',''),
('moreblocks:stair_circle_stone_bricks_half','moreblocks:panel_circle_stone_bricks','moreblocks:micro_circle_stone_bricks','','','','','','',''),
('moreblocks:stair_circle_stone_bricks_right_half','moreblocks:stair_circle_stone_bricks_half','','','','','','','',''),
('moreblocks:stair_circle_stone_bricks_half','moreblocks:stair_circle_stone_bricks_right_half','','','','','','','',''),
('moreblocks:stair_circle_stone_bricks','moreblocks:micro_circle_stone_bricks','moreblocks:micro_circle_stone_bricks','moreblocks:micro_circle_stone_bricks','moreblocks:micro_circle_stone_bricks','moreblocks:micro_circle_stone_bricks','moreblocks:micro_circle_stone_bricks','','',''),
('moreblocks:stair_circle_stone_bricks_inner','moreblocks:micro_circle_stone_bricks','moreblocks:micro_circle_stone_bricks','moreblocks:micro_circle_stone_bricks','moreblocks:micro_circle_stone_bricks','moreblocks:micro_circle_stone_bricks','moreblocks:micro_circle_stone_bricks','moreblocks:micro_circle_stone_bricks','',''),
('moreblocks:stair_circle_stone_bricks_outer','moreblocks:micro_circle_stone_bricks','moreblocks:micro_circle_stone_bricks','moreblocks:micro_circle_stone_bricks','moreblocks:micro_circle_stone_bricks','moreblocks:micro_circle_stone_bricks','','','',''),
('moreblocks:stair_circle_stone_bricks','moreblocks:panel_circle_stone_bricks','moreblocks:panel_circle_stone_bricks','moreblocks:panel_circle_stone_bricks','','','','','',''),
('moreblocks:slab_circle_stone_bricks','moreblocks:micro_circle_stone_bricks','moreblocks:micro_circle_stone_bricks','moreblocks:micro_circle_stone_bricks','moreblocks:micro_circle_stone_bricks','','','','',''),
('moreblocks:circle_stone_bricks','moreblocks:slab_circle_stone_bricks','moreblocks:slab_circle_stone_bricks','','','','','','',''),
('moreblocks:slab_circle_stone_bricks 3','moreblocks:stair_circle_stone_bricks','moreblocks:stair_circle_stone_bricks','','','','','','',''),
('moreblocks:circle_stone_bricks','moreblocks:slope_circle_stone_bricks','moreblocks:slope_circle_stone_bricks','','','','','','',''),
('moreblocks:circle_stone_bricks','moreblocks:slope_circle_stone_bricks_outer_cut','moreblocks:slope_circle_stone_bricks_outer_cut','','','','','','',''),
('moreblocks:circle_stone_bricks','moreblocks:slope_circle_stone_bricks_half','moreblocks:slope_circle_stone_bricks_half_raised','','','','','','',''),
('moreblocks:circle_stone_bricks','moreblocks:slope_circle_stone_bricks_half','moreblocks:slope_circle_stone_bricks_half','moreblocks:slope_circle_stone_bricks_half','moreblocks:slope_circle_stone_bricks_half','','','','',''),
('moreblocks:slab_circle_stone_bricks','moreblocks:slope_circle_stone_bricks_half','moreblocks:slope_circle_stone_bricks_half','','','','','','',''),
('moreblocks:slope_circle_stone_bricks_half_raised','moreblocks:slope_circle_stone_bricks_half','moreblocks:slope_circle_stone_bricks_half','moreblocks:slope_circle_stone_bricks_half','','','','','',''),
('moreblocks:slope_circle_stone_bricks_half_raised','moreblocks:slab_circle_stone_bricks','moreblocks:slope_circle_stone_bricks_half','','','','','','',''),
('moreblocks:slope_circle_stone_bricks_inner_half_raised','moreblocks:slab_circle_stone_bricks','moreblocks:slope_circle_stone_bricks_inner_half','','','','','','',''),
('moreblocks:slope_circle_stone_bricks_outer_half_raised','moreblocks:slab_circle_stone_bricks','moreblocks:slope_circle_stone_bricks_outer_half','','','','','','',''),
('moreblocks:slope_circle_stone_bricks_outer_cut_half_raised','moreblocks:slab_circle_stone_bricks','moreblocks:slope_circle_stone_bricks_outer_cut_half','','','','','','',''),
('moreblocks:slope_circle_stone_bricks_outer_cut','moreblocks:slope_circle_stone_bricks_outer','','','','','','','',''),
('moreblocks:slope_circle_stone_bricks_outer_cut_half','moreblocks:slope_circle_stone_bricks_outer_half','','','','','','','',''),
('moreblocks:slope_circle_stone_bricks_outer_cut_half_raised','moreblocks:slope_circle_stone_bricks_outer_half_raised','','','','','','','',''),
('moreblocks:panel_circle_stone_bricks','moreblocks:micro_circle_stone_bricks','moreblocks:micro_circle_stone_bricks','','','','','','',''),
('moreblocks:circle_stone_bricks','moreblocks:panel_circle_stone_bricks','moreblocks:panel_circle_stone_bricks','moreblocks:panel_circle_stone_bricks','moreblocks:panel_circle_stone_bricks','','','','',''),
('moreblocks:micro_circle_stone_bricks 7','moreblocks:stair_circle_stone_bricks_inner','','','','','','','',''),
('moreblocks:micro_circle_stone_bricks 6','moreblocks:stair_circle_stone_bricks','','','','','','','',''),
('moreblocks:micro_circle_stone_bricks 5','moreblocks:stair_circle_stone_bricks_outer','','','','','','','',''),
('moreblocks:micro_circle_stone_bricks 4','moreblocks:slab_circle_stone_bricks','','','','','','','',''),
('moreblocks:micro_circle_stone_bricks 2','moreblocks:panel_circle_stone_bricks','','','','','','','',''),
('moreblocks:circle_stone_bricks','moreblocks:micro_circle_stone_bricks','moreblocks:micro_circle_stone_bricks','moreblocks:micro_circle_stone_bricks','moreblocks:micro_circle_stone_bricks','moreblocks:micro_circle_stone_bricks','moreblocks:micro_circle_stone_bricks','moreblocks:micro_circle_stone_bricks','moreblocks:micro_circle_stone_bricks',''),
('moreblocks:stair_split_stone_tile','moreblocks:panel_split_stone_tile','moreblocks:slab_split_stone_tile','','','','','','',''),
('moreblocks:stair_split_stone_tile','moreblocks:panel_split_stone_tile','moreblocks:panel_split_stone_tile','moreblocks:panel_split_stone_tile','','','','','',''),
('moreblocks:stair_split_stone_tile_outer','moreblocks:micro_split_stone_tile','moreblocks:slab_split_stone_tile','','','','','','',''),
('moreblocks:stair_split_stone_tile_half','moreblocks:micro_split_stone_tile','moreblocks:micro_split_stone_tile','moreblocks:micro_split_stone_tile','','','','','',''),
('moreblocks:stair_split_stone_tile_half','moreblocks:panel_split_stone_tile','moreblocks:micro_split_stone_tile','','','','','','',''),
('moreblocks:stair_split_stone_tile_right_half','moreblocks:stair_split_stone_tile_half','','','','','','','',''),
('moreblocks:stair_split_stone_tile_half','moreblocks:stair_split_stone_tile_right_half','','','','','','','',''),
('moreblocks:stair_split_stone_tile','moreblocks:micro_split_stone_tile','moreblocks:micro_split_stone_tile','moreblocks:micro_split_stone_tile','moreblocks:micro_split_stone_tile','moreblocks:micro_split_stone_tile','moreblocks:micro_split_stone_tile','','',''),
('moreblocks:stair_split_stone_tile_inner','moreblocks:micro_split_stone_tile','moreblocks:micro_split_stone_tile','moreblocks:micro_split_stone_tile','moreblocks:micro_split_stone_tile','moreblocks:micro_split_stone_tile','moreblocks:micro_split_stone_tile','moreblocks:micro_split_stone_tile','',''),
('moreblocks:stair_split_stone_tile_outer','moreblocks:micro_split_stone_tile','moreblocks:micro_split_stone_tile','moreblocks:micro_split_stone_tile','moreblocks:micro_split_stone_tile','moreblocks:micro_split_stone_tile','','','',''),
('moreblocks:stair_split_stone_tile','moreblocks:panel_split_stone_tile','moreblocks:panel_split_stone_tile','moreblocks:panel_split_stone_tile','','','','','',''),
('moreblocks:slab_split_stone_tile','moreblocks:micro_split_stone_tile','moreblocks:micro_split_stone_tile','moreblocks:micro_split_stone_tile','moreblocks:micro_split_stone_tile','','','','',''),
('moreblocks:split_stone_tile','moreblocks:slab_split_stone_tile','moreblocks:slab_split_stone_tile','','','','','','',''),
('moreblocks:slab_split_stone_tile 3','moreblocks:stair_split_stone_tile','moreblocks:stair_split_stone_tile','','','','','','',''),
('moreblocks:split_stone_tile','moreblocks:slope_split_stone_tile','moreblocks:slope_split_stone_tile','','','','','','',''),
('moreblocks:split_stone_tile','moreblocks:slope_split_stone_tile_outer_cut','moreblocks:slope_split_stone_tile_outer_cut','','','','','','',''),
('moreblocks:split_stone_tile','moreblocks:slope_split_stone_tile_half','moreblocks:slope_split_stone_tile_half_raised','','','','','','',''),
('moreblocks:split_stone_tile','moreblocks:slope_split_stone_tile_half','moreblocks:slope_split_stone_tile_half','moreblocks:slope_split_stone_tile_half','moreblocks:slope_split_stone_tile_half','','','','',''),
('moreblocks:slab_split_stone_tile','moreblocks:slope_split_stone_tile_half','moreblocks:slope_split_stone_tile_half','','','','','','',''),
('moreblocks:slope_split_stone_tile_half_raised','moreblocks:slope_split_stone_tile_half','moreblocks:slope_split_stone_tile_half','moreblocks:slope_split_stone_tile_half','','','','','',''),
('moreblocks:slope_split_stone_tile_half_raised','moreblocks:slab_split_stone_tile','moreblocks:slope_split_stone_tile_half','','','','','','',''),
('moreblocks:slope_split_stone_tile_inner_half_raised','moreblocks:slab_split_stone_tile','moreblocks:slope_split_stone_tile_inner_half','','','','','','',''),
('moreblocks:slope_split_stone_tile_outer_half_raised','moreblocks:slab_split_stone_tile','moreblocks:slope_split_stone_tile_outer_half','','','','','','',''),
('moreblocks:slope_split_stone_tile_outer_cut_half_raised','moreblocks:slab_split_stone_tile','moreblocks:slope_split_stone_tile_outer_cut_half','','','','','','',''),
('moreblocks:slope_split_stone_tile_outer_cut','moreblocks:slope_split_stone_tile_outer','','','','','','','',''),
('moreblocks:slope_split_stone_tile_outer_cut_half','moreblocks:slope_split_stone_tile_outer_half','','','','','','','',''),
('moreblocks:slope_split_stone_tile_outer_cut_half_raised','moreblocks:slope_split_stone_tile_outer_half_raised','','','','','','','',''),
('moreblocks:panel_split_stone_tile','moreblocks:micro_split_stone_tile','moreblocks:micro_split_stone_tile','','','','','','',''),
('moreblocks:split_stone_tile','moreblocks:panel_split_stone_tile','moreblocks:panel_split_stone_tile','moreblocks:panel_split_stone_tile','moreblocks:panel_split_stone_tile','','','','',''),
('moreblocks:micro_split_stone_tile 7','moreblocks:stair_split_stone_tile_inner','','','','','','','',''),
('moreblocks:micro_split_stone_tile 6','moreblocks:stair_split_stone_tile','','','','','','','',''),
('moreblocks:micro_split_stone_tile 5','moreblocks:stair_split_stone_tile_outer','','','','','','','',''),
('moreblocks:micro_split_stone_tile 4','moreblocks:slab_split_stone_tile','','','','','','','',''),
('moreblocks:micro_split_stone_tile 2','moreblocks:panel_split_stone_tile','','','','','','','',''),
('moreblocks:split_stone_tile','moreblocks:micro_split_stone_tile','moreblocks:micro_split_stone_tile','moreblocks:micro_split_stone_tile','moreblocks:micro_split_stone_tile','moreblocks:micro_split_stone_tile','moreblocks:micro_split_stone_tile','moreblocks:micro_split_stone_tile','moreblocks:micro_split_stone_tile',''),
('moreblocks:stair_all_faces_tree','moreblocks:panel_all_faces_tree','moreblocks:slab_all_faces_tree','','','','','','',''),
('moreblocks:stair_all_faces_tree','moreblocks:panel_all_faces_tree','moreblocks:panel_all_faces_tree','moreblocks:panel_all_faces_tree','','','','','',''),
('moreblocks:stair_all_faces_tree_outer','moreblocks:micro_all_faces_tree','moreblocks:slab_all_faces_tree','','','','','','',''),
('moreblocks:stair_all_faces_tree_half','moreblocks:micro_all_faces_tree','moreblocks:micro_all_faces_tree','moreblocks:micro_all_faces_tree','','','','','',''),
('moreblocks:stair_all_faces_tree_half','moreblocks:panel_all_faces_tree','moreblocks:micro_all_faces_tree','','','','','','',''),
('moreblocks:stair_all_faces_tree_right_half','moreblocks:stair_all_faces_tree_half','','','','','','','',''),
('moreblocks:stair_all_faces_tree_half','moreblocks:stair_all_faces_tree_right_half','','','','','','','',''),
('moreblocks:stair_all_faces_tree','moreblocks:micro_all_faces_tree','moreblocks:micro_all_faces_tree','moreblocks:micro_all_faces_tree','moreblocks:micro_all_faces_tree','moreblocks:micro_all_faces_tree','moreblocks:micro_all_faces_tree','','',''),
('moreblocks:stair_all_faces_tree_inner','moreblocks:micro_all_faces_tree','moreblocks:micro_all_faces_tree','moreblocks:micro_all_faces_tree','moreblocks:micro_all_faces_tree','moreblocks:micro_all_faces_tree','moreblocks:micro_all_faces_tree','moreblocks:micro_all_faces_tree','',''),
('moreblocks:stair_all_faces_tree_outer','moreblocks:micro_all_faces_tree','moreblocks:micro_all_faces_tree','moreblocks:micro_all_faces_tree','moreblocks:micro_all_faces_tree','moreblocks:micro_all_faces_tree','','','',''),
('moreblocks:stair_all_faces_tree','moreblocks:panel_all_faces_tree','moreblocks:panel_all_faces_tree','moreblocks:panel_all_faces_tree','','','','','',''),
('moreblocks:slab_all_faces_tree','moreblocks:micro_all_faces_tree','moreblocks:micro_all_faces_tree','moreblocks:micro_all_faces_tree','moreblocks:micro_all_faces_tree','','','','',''),
('moreblocks:all_faces_tree','moreblocks:slab_all_faces_tree','moreblocks:slab_all_faces_tree','','','','','','',''),
('moreblocks:slab_all_faces_tree 3','moreblocks:stair_all_faces_tree','moreblocks:stair_all_faces_tree','','','','','','',''),
('moreblocks:all_faces_tree','moreblocks:slope_all_faces_tree','moreblocks:slope_all_faces_tree','','','','','','',''),
('moreblocks:all_faces_tree','moreblocks:slope_all_faces_tree_outer_cut','moreblocks:slope_all_faces_tree_outer_cut','','','','','','',''),
('moreblocks:all_faces_tree','moreblocks:slope_all_faces_tree_half','moreblocks:slope_all_faces_tree_half_raised','','','','','','',''),
('moreblocks:all_faces_tree','moreblocks:slope_all_faces_tree_half','moreblocks:slope_all_faces_tree_half','moreblocks:slope_all_faces_tree_half','moreblocks:slope_all_faces_tree_half','','','','',''),
('moreblocks:slab_all_faces_tree','moreblocks:slope_all_faces_tree_half','moreblocks:slope_all_faces_tree_half','','','','','','',''),
('moreblocks:slope_all_faces_tree_half_raised','moreblocks:slope_all_faces_tree_half','moreblocks:slope_all_faces_tree_half','moreblocks:slope_all_faces_tree_half','','','','','',''),
('moreblocks:slope_all_faces_tree_half_raised','moreblocks:slab_all_faces_tree','moreblocks:slope_all_faces_tree_half','','','','','','',''),
('moreblocks:slope_all_faces_tree_inner_half_raised','moreblocks:slab_all_faces_tree','moreblocks:slope_all_faces_tree_inner_half','','','','','','',''),
('moreblocks:slope_all_faces_tree_outer_half_raised','moreblocks:slab_all_faces_tree','moreblocks:slope_all_faces_tree_outer_half','','','','','','',''),
('moreblocks:slope_all_faces_tree_outer_cut_half_raised','moreblocks:slab_all_faces_tree','moreblocks:slope_all_faces_tree_outer_cut_half','','','','','','',''),
('moreblocks:slope_all_faces_tree_outer_cut','moreblocks:slope_all_faces_tree_outer','','','','','','','',''),
('moreblocks:slope_all_faces_tree_outer_cut_half','moreblocks:slope_all_faces_tree_outer_half','','','','','','','',''),
('moreblocks:slope_all_faces_tree_outer_cut_half_raised','moreblocks:slope_all_faces_tree_outer_half_raised','','','','','','','',''),
('moreblocks:panel_all_faces_tree','moreblocks:micro_all_faces_tree','moreblocks:micro_all_faces_tree','','','','','','',''),
('moreblocks:all_faces_tree','moreblocks:panel_all_faces_tree','moreblocks:panel_all_faces_tree','moreblocks:panel_all_faces_tree','moreblocks:panel_all_faces_tree','','','','',''),
('moreblocks:micro_all_faces_tree 7','moreblocks:stair_all_faces_tree_inner','','','','','','','',''),
('moreblocks:micro_all_faces_tree 6','moreblocks:stair_all_faces_tree','','','','','','','',''),
('moreblocks:micro_all_faces_tree 5','moreblocks:stair_all_faces_tree_outer','','','','','','','',''),
('moreblocks:micro_all_faces_tree 4','moreblocks:slab_all_faces_tree','','','','','','','',''),
('moreblocks:micro_all_faces_tree 2','moreblocks:panel_all_faces_tree','','','','','','','',''),
('moreblocks:all_faces_tree','moreblocks:micro_all_faces_tree','moreblocks:micro_all_faces_tree','moreblocks:micro_all_faces_tree','moreblocks:micro_all_faces_tree','moreblocks:micro_all_faces_tree','moreblocks:micro_all_faces_tree','moreblocks:micro_all_faces_tree','moreblocks:micro_all_faces_tree',''),
('moreblocks:stair_glow_glass','moreblocks:panel_glow_glass','moreblocks:slab_glow_glass','','','','','','',''),
('moreblocks:stair_glow_glass','moreblocks:panel_glow_glass','moreblocks:panel_glow_glass','moreblocks:panel_glow_glass','','','','','',''),
('moreblocks:stair_glow_glass_outer','moreblocks:micro_glow_glass','moreblocks:slab_glow_glass','','','','','','',''),
('moreblocks:stair_glow_glass_half','moreblocks:micro_glow_glass','moreblocks:micro_glow_glass','moreblocks:micro_glow_glass','','','','','',''),
('moreblocks:stair_glow_glass_half','moreblocks:panel_glow_glass','moreblocks:micro_glow_glass','','','','','','',''),
('moreblocks:stair_glow_glass_right_half','moreblocks:stair_glow_glass_half','','','','','','','',''),
('moreblocks:stair_glow_glass_half','moreblocks:stair_glow_glass_right_half','','','','','','','',''),
('moreblocks:stair_glow_glass','moreblocks:micro_glow_glass','moreblocks:micro_glow_glass','moreblocks:micro_glow_glass','moreblocks:micro_glow_glass','moreblocks:micro_glow_glass','moreblocks:micro_glow_glass','','',''),
('moreblocks:stair_glow_glass_inner','moreblocks:micro_glow_glass','moreblocks:micro_glow_glass','moreblocks:micro_glow_glass','moreblocks:micro_glow_glass','moreblocks:micro_glow_glass','moreblocks:micro_glow_glass','moreblocks:micro_glow_glass','',''),
('moreblocks:stair_glow_glass_outer','moreblocks:micro_glow_glass','moreblocks:micro_glow_glass','moreblocks:micro_glow_glass','moreblocks:micro_glow_glass','moreblocks:micro_glow_glass','','','',''),
('moreblocks:stair_glow_glass','moreblocks:panel_glow_glass','moreblocks:panel_glow_glass','moreblocks:panel_glow_glass','','','','','',''),
('moreblocks:slab_glow_glass','moreblocks:micro_glow_glass','moreblocks:micro_glow_glass','moreblocks:micro_glow_glass','moreblocks:micro_glow_glass','','','','',''),
('moreblocks:glow_glass','moreblocks:slab_glow_glass','moreblocks:slab_glow_glass','','','','','','',''),
('moreblocks:slab_glow_glass 3','moreblocks:stair_glow_glass','moreblocks:stair_glow_glass','','','','','','',''),
('moreblocks:glow_glass','moreblocks:slope_glow_glass','moreblocks:slope_glow_glass','','','','','','',''),
('moreblocks:glow_glass','moreblocks:slope_glow_glass_outer_cut','moreblocks:slope_glow_glass_outer_cut','','','','','','',''),
('moreblocks:glow_glass','moreblocks:slope_glow_glass_half','moreblocks:slope_glow_glass_half_raised','','','','','','',''),
('moreblocks:glow_glass','moreblocks:slope_glow_glass_half','moreblocks:slope_glow_glass_half','moreblocks:slope_glow_glass_half','moreblocks:slope_glow_glass_half','','','','',''),
('moreblocks:slab_glow_glass','moreblocks:slope_glow_glass_half','moreblocks:slope_glow_glass_half','','','','','','',''),
('moreblocks:slope_glow_glass_half_raised','moreblocks:slope_glow_glass_half','moreblocks:slope_glow_glass_half','moreblocks:slope_glow_glass_half','','','','','',''),
('moreblocks:slope_glow_glass_half_raised','moreblocks:slab_glow_glass','moreblocks:slope_glow_glass_half','','','','','','',''),
('moreblocks:slope_glow_glass_inner_half_raised','moreblocks:slab_glow_glass','moreblocks:slope_glow_glass_inner_half','','','','','','',''),
('moreblocks:slope_glow_glass_outer_half_raised','moreblocks:slab_glow_glass','moreblocks:slope_glow_glass_outer_half','','','','','','',''),
('moreblocks:slope_glow_glass_outer_cut_half_raised','moreblocks:slab_glow_glass','moreblocks:slope_glow_glass_outer_cut_half','','','','','','',''),
('moreblocks:slope_glow_glass_outer_cut','moreblocks:slope_glow_glass_outer','','','','','','','',''),
('moreblocks:slope_glow_glass_outer_cut_half','moreblocks:slope_glow_glass_outer_half','','','','','','','',''),
('moreblocks:slope_glow_glass_outer_cut_half_raised','moreblocks:slope_glow_glass_outer_half_raised','','','','','','','',''),
('moreblocks:panel_glow_glass','moreblocks:micro_glow_glass','moreblocks:micro_glow_glass','','','','','','',''),
('moreblocks:glow_glass','moreblocks:panel_glow_glass','moreblocks:panel_glow_glass','moreblocks:panel_glow_glass','moreblocks:panel_glow_glass','','','','',''),
('moreblocks:micro_glow_glass 7','moreblocks:stair_glow_glass_inner','','','','','','','',''),
('moreblocks:micro_glow_glass 6','moreblocks:stair_glow_glass','','','','','','','',''),
('moreblocks:micro_glow_glass 5','moreblocks:stair_glow_glass_outer','','','','','','','',''),
('moreblocks:micro_glow_glass 4','moreblocks:slab_glow_glass','','','','','','','',''),
('moreblocks:micro_glow_glass 2','moreblocks:panel_glow_glass','','','','','','','',''),
('moreblocks:glow_glass','moreblocks:micro_glow_glass','moreblocks:micro_glow_glass','moreblocks:micro_glow_glass','moreblocks:micro_glow_glass','moreblocks:micro_glow_glass','moreblocks:micro_glow_glass','moreblocks:micro_glow_glass','moreblocks:micro_glow_glass',''),
('moreblocks:stair_all_faces_jungle_tree','moreblocks:panel_all_faces_jungle_tree','moreblocks:slab_all_faces_jungle_tree','','','','','','',''),
('moreblocks:stair_all_faces_jungle_tree','moreblocks:panel_all_faces_jungle_tree','moreblocks:panel_all_faces_jungle_tree','moreblocks:panel_all_faces_jungle_tree','','','','','',''),
('moreblocks:stair_all_faces_jungle_tree_outer','moreblocks:micro_all_faces_jungle_tree','moreblocks:slab_all_faces_jungle_tree','','','','','','',''),
('moreblocks:stair_all_faces_jungle_tree_half','moreblocks:micro_all_faces_jungle_tree','moreblocks:micro_all_faces_jungle_tree','moreblocks:micro_all_faces_jungle_tree','','','','','',''),
('moreblocks:stair_all_faces_jungle_tree_half','moreblocks:panel_all_faces_jungle_tree','moreblocks:micro_all_faces_jungle_tree','','','','','','',''),
('moreblocks:stair_all_faces_jungle_tree_right_half','moreblocks:stair_all_faces_jungle_tree_half','','','','','','','',''),
('moreblocks:stair_all_faces_jungle_tree_half','moreblocks:stair_all_faces_jungle_tree_right_half','','','','','','','',''),
('moreblocks:stair_all_faces_jungle_tree','moreblocks:micro_all_faces_jungle_tree','moreblocks:micro_all_faces_jungle_tree','moreblocks:micro_all_faces_jungle_tree','moreblocks:micro_all_faces_jungle_tree','moreblocks:micro_all_faces_jungle_tree','moreblocks:micro_all_faces_jungle_tree','','',''),
('moreblocks:stair_all_faces_jungle_tree_inner','moreblocks:micro_all_faces_jungle_tree','moreblocks:micro_all_faces_jungle_tree','moreblocks:micro_all_faces_jungle_tree','moreblocks:micro_all_faces_jungle_tree','moreblocks:micro_all_faces_jungle_tree','moreblocks:micro_all_faces_jungle_tree','moreblocks:micro_all_faces_jungle_tree','',''),
('moreblocks:stair_all_faces_jungle_tree_outer','moreblocks:micro_all_faces_jungle_tree','moreblocks:micro_all_faces_jungle_tree','moreblocks:micro_all_faces_jungle_tree','moreblocks:micro_all_faces_jungle_tree','moreblocks:micro_all_faces_jungle_tree','','','',''),
('moreblocks:stair_all_faces_jungle_tree','moreblocks:panel_all_faces_jungle_tree','moreblocks:panel_all_faces_jungle_tree','moreblocks:panel_all_faces_jungle_tree','','','','','',''),
('moreblocks:slab_all_faces_jungle_tree','moreblocks:micro_all_faces_jungle_tree','moreblocks:micro_all_faces_jungle_tree','moreblocks:micro_all_faces_jungle_tree','moreblocks:micro_all_faces_jungle_tree','','','','',''),
('moreblocks:all_faces_jungle_tree','moreblocks:slab_all_faces_jungle_tree','moreblocks:slab_all_faces_jungle_tree','','','','','','',''),
('moreblocks:slab_all_faces_jungle_tree 3','moreblocks:stair_all_faces_jungle_tree','moreblocks:stair_all_faces_jungle_tree','','','','','','',''),
('moreblocks:all_faces_jungle_tree','moreblocks:slope_all_faces_jungle_tree','moreblocks:slope_all_faces_jungle_tree','','','','','','',''),
('moreblocks:all_faces_jungle_tree','moreblocks:slope_all_faces_jungle_tree_outer_cut','moreblocks:slope_all_faces_jungle_tree_outer_cut','','','','','','',''),
('moreblocks:all_faces_jungle_tree','moreblocks:slope_all_faces_jungle_tree_half','moreblocks:slope_all_faces_jungle_tree_half_raised','','','','','','',''),
('moreblocks:all_faces_jungle_tree','moreblocks:slope_all_faces_jungle_tree_half','moreblocks:slope_all_faces_jungle_tree_half','moreblocks:slope_all_faces_jungle_tree_half','moreblocks:slope_all_faces_jungle_tree_half','','','','',''),
('moreblocks:slab_all_faces_jungle_tree','moreblocks:slope_all_faces_jungle_tree_half','moreblocks:slope_all_faces_jungle_tree_half','','','','','','',''),
('moreblocks:slope_all_faces_jungle_tree_half_raised','moreblocks:slope_all_faces_jungle_tree_half','moreblocks:slope_all_faces_jungle_tree_half','moreblocks:slope_all_faces_jungle_tree_half','','','','','',''),
('moreblocks:slope_all_faces_jungle_tree_half_raised','moreblocks:slab_all_faces_jungle_tree','moreblocks:slope_all_faces_jungle_tree_half','','','','','','',''),
('moreblocks:slope_all_faces_jungle_tree_inner_half_raised','moreblocks:slab_all_faces_jungle_tree','moreblocks:slope_all_faces_jungle_tree_inner_half','','','','','','',''),
('moreblocks:slope_all_faces_jungle_tree_outer_half_raised','moreblocks:slab_all_faces_jungle_tree','moreblocks:slope_all_faces_jungle_tree_outer_half','','','','','','',''),
('moreblocks:slope_all_faces_jungle_tree_outer_cut_half_raised','moreblocks:slab_all_faces_jungle_tree','moreblocks:slope_all_faces_jungle_tree_outer_cut_half','','','','','','',''),
('moreblocks:slope_all_faces_jungle_tree_outer_cut','moreblocks:slope_all_faces_jungle_tree_outer','','','','','','','',''),
('moreblocks:slope_all_faces_jungle_tree_outer_cut_half','moreblocks:slope_all_faces_jungle_tree_outer_half','','','','','','','',''),
('moreblocks:slope_all_faces_jungle_tree_outer_cut_half_raised','moreblocks:slope_all_faces_jungle_tree_outer_half_raised','','','','','','','',''),
('moreblocks:panel_all_faces_jungle_tree','moreblocks:micro_all_faces_jungle_tree','moreblocks:micro_all_faces_jungle_tree','','','','','','',''),
('moreblocks:all_faces_jungle_tree','moreblocks:panel_all_faces_jungle_tree','moreblocks:panel_all_faces_jungle_tree','moreblocks:panel_all_faces_jungle_tree','moreblocks:panel_all_faces_jungle_tree','','','','',''),
('moreblocks:micro_all_faces_jungle_tree 7','moreblocks:stair_all_faces_jungle_tree_inner','','','','','','','',''),
('moreblocks:micro_all_faces_jungle_tree 6','moreblocks:stair_all_faces_jungle_tree','','','','','','','',''),
('moreblocks:micro_all_faces_jungle_tree 5','moreblocks:stair_all_faces_jungle_tree_outer','','','','','','','',''),
('moreblocks:micro_all_faces_jungle_tree 4','moreblocks:slab_all_faces_jungle_tree','','','','','','','',''),
('moreblocks:micro_all_faces_jungle_tree 2','moreblocks:panel_all_faces_jungle_tree','','','','','','','',''),
('moreblocks:all_faces_jungle_tree','moreblocks:micro_all_faces_jungle_tree','moreblocks:micro_all_faces_jungle_tree','moreblocks:micro_all_faces_jungle_tree','moreblocks:micro_all_faces_jungle_tree','moreblocks:micro_all_faces_jungle_tree','moreblocks:micro_all_faces_jungle_tree','moreblocks:micro_all_faces_jungle_tree','moreblocks:micro_all_faces_jungle_tree',''),
('moreblocks:stair_tar','moreblocks:panel_tar','moreblocks:slab_tar','','','','','','',''),
('moreblocks:stair_tar','moreblocks:panel_tar','moreblocks:panel_tar','moreblocks:panel_tar','','','','','',''),
('moreblocks:stair_tar_outer','moreblocks:micro_tar','moreblocks:slab_tar','','','','','','',''),
('moreblocks:stair_tar_half','moreblocks:micro_tar','moreblocks:micro_tar','moreblocks:micro_tar','','','','','',''),
('moreblocks:stair_tar_half','moreblocks:panel_tar','moreblocks:micro_tar','','','','','','',''),
('moreblocks:stair_tar_right_half','moreblocks:stair_tar_half','','','','','','','',''),
('moreblocks:stair_tar_half','moreblocks:stair_tar_right_half','','','','','','','',''),
('moreblocks:stair_tar','moreblocks:micro_tar','moreblocks:micro_tar','moreblocks:micro_tar','moreblocks:micro_tar','moreblocks:micro_tar','moreblocks:micro_tar','','',''),
('moreblocks:stair_tar_inner','moreblocks:micro_tar','moreblocks:micro_tar','moreblocks:micro_tar','moreblocks:micro_tar','moreblocks:micro_tar','moreblocks:micro_tar','moreblocks:micro_tar','',''),
('moreblocks:stair_tar_outer','moreblocks:micro_tar','moreblocks:micro_tar','moreblocks:micro_tar','moreblocks:micro_tar','moreblocks:micro_tar','','','',''),
('moreblocks:stair_tar','moreblocks:panel_tar','moreblocks:panel_tar','moreblocks:panel_tar','','','','','',''),
('moreblocks:slab_tar','moreblocks:micro_tar','moreblocks:micro_tar','moreblocks:micro_tar','moreblocks:micro_tar','','','','',''),
('moreblocks:tar','moreblocks:slab_tar','moreblocks:slab_tar','','','','','','',''),
('moreblocks:slab_tar 3','moreblocks:stair_tar','moreblocks:stair_tar','','','','','','',''),
('moreblocks:tar','moreblocks:slope_tar','moreblocks:slope_tar','','','','','','',''),
('moreblocks:tar','moreblocks:slope_tar_outer_cut','moreblocks:slope_tar_outer_cut','','','','','','',''),
('moreblocks:tar','moreblocks:slope_tar_half','moreblocks:slope_tar_half_raised','','','','','','',''),
('moreblocks:tar','moreblocks:slope_tar_half','moreblocks:slope_tar_half','moreblocks:slope_tar_half','moreblocks:slope_tar_half','','','','',''),
('moreblocks:slab_tar','moreblocks:slope_tar_half','moreblocks:slope_tar_half','','','','','','',''),
('moreblocks:slope_tar_half_raised','moreblocks:slope_tar_half','moreblocks:slope_tar_half','moreblocks:slope_tar_half','','','','','',''),
('moreblocks:slope_tar_half_raised','moreblocks:slab_tar','moreblocks:slope_tar_half','','','','','','',''),
('moreblocks:slope_tar_inner_half_raised','moreblocks:slab_tar','moreblocks:slope_tar_inner_half','','','','','','',''),
('moreblocks:slope_tar_outer_half_raised','moreblocks:slab_tar','moreblocks:slope_tar_outer_half','','','','','','',''),
('moreblocks:slope_tar_outer_cut_half_raised','moreblocks:slab_tar','moreblocks:slope_tar_outer_cut_half','','','','','','',''),
('moreblocks:slope_tar_outer_cut','moreblocks:slope_tar_outer','','','','','','','',''),
('moreblocks:slope_tar_outer_cut_half','moreblocks:slope_tar_outer_half','','','','','','','',''),
('moreblocks:slope_tar_outer_cut_half_raised','moreblocks:slope_tar_outer_half_raised','','','','','','','',''),
('moreblocks:panel_tar','moreblocks:micro_tar','moreblocks:micro_tar','','','','','','',''),
('moreblocks:tar','moreblocks:panel_tar','moreblocks:panel_tar','moreblocks:panel_tar','moreblocks:panel_tar','','','','',''),
('moreblocks:micro_tar 7','moreblocks:stair_tar_inner','','','','','','','',''),
('moreblocks:micro_tar 6','moreblocks:stair_tar','','','','','','','',''),
('moreblocks:micro_tar 5','moreblocks:stair_tar_outer','','','','','','','',''),
('moreblocks:micro_tar 4','moreblocks:slab_tar','','','','','','','',''),
('moreblocks:micro_tar 2','moreblocks:panel_tar','','','','','','','',''),
('moreblocks:tar','moreblocks:micro_tar','moreblocks:micro_tar','moreblocks:micro_tar','moreblocks:micro_tar','moreblocks:micro_tar','moreblocks:micro_tar','moreblocks:micro_tar','moreblocks:micro_tar',''),
('moreblocks:stair_plankstone','moreblocks:panel_plankstone','moreblocks:slab_plankstone','','','','','','',''),
('moreblocks:stair_plankstone','moreblocks:panel_plankstone','moreblocks:panel_plankstone','moreblocks:panel_plankstone','','','','','',''),
('moreblocks:stair_plankstone_outer','moreblocks:micro_plankstone','moreblocks:slab_plankstone','','','','','','',''),
('moreblocks:stair_plankstone_half','moreblocks:micro_plankstone','moreblocks:micro_plankstone','moreblocks:micro_plankstone','','','','','',''),
('moreblocks:stair_plankstone_half','moreblocks:panel_plankstone','moreblocks:micro_plankstone','','','','','','',''),
('moreblocks:stair_plankstone_right_half','moreblocks:stair_plankstone_half','','','','','','','',''),
('moreblocks:stair_plankstone_half','moreblocks:stair_plankstone_right_half','','','','','','','',''),
('moreblocks:stair_plankstone','moreblocks:micro_plankstone','moreblocks:micro_plankstone','moreblocks:micro_plankstone','moreblocks:micro_plankstone','moreblocks:micro_plankstone','moreblocks:micro_plankstone','','',''),
('moreblocks:stair_plankstone_inner','moreblocks:micro_plankstone','moreblocks:micro_plankstone','moreblocks:micro_plankstone','moreblocks:micro_plankstone','moreblocks:micro_plankstone','moreblocks:micro_plankstone','moreblocks:micro_plankstone','',''),
('moreblocks:stair_plankstone_outer','moreblocks:micro_plankstone','moreblocks:micro_plankstone','moreblocks:micro_plankstone','moreblocks:micro_plankstone','moreblocks:micro_plankstone','','','',''),
('moreblocks:stair_plankstone','moreblocks:panel_plankstone','moreblocks:panel_plankstone','moreblocks:panel_plankstone','','','','','',''),
('moreblocks:slab_plankstone','moreblocks:micro_plankstone','moreblocks:micro_plankstone','moreblocks:micro_plankstone','moreblocks:micro_plankstone','','','','',''),
('moreblocks:plankstone','moreblocks:slab_plankstone','moreblocks:slab_plankstone','','','','','','',''),
('moreblocks:slab_plankstone 3','moreblocks:stair_plankstone','moreblocks:stair_plankstone','','','','','','',''),
('moreblocks:plankstone','moreblocks:slope_plankstone','moreblocks:slope_plankstone','','','','','','',''),
('moreblocks:plankstone','moreblocks:slope_plankstone_outer_cut','moreblocks:slope_plankstone_outer_cut','','','','','','',''),
('moreblocks:plankstone','moreblocks:slope_plankstone_half','moreblocks:slope_plankstone_half_raised','','','','','','',''),
('moreblocks:plankstone','moreblocks:slope_plankstone_half','moreblocks:slope_plankstone_half','moreblocks:slope_plankstone_half','moreblocks:slope_plankstone_half','','','','',''),
('moreblocks:slab_plankstone','moreblocks:slope_plankstone_half','moreblocks:slope_plankstone_half','','','','','','',''),
('moreblocks:slope_plankstone_half_raised','moreblocks:slope_plankstone_half','moreblocks:slope_plankstone_half','moreblocks:slope_plankstone_half','','','','','',''),
('moreblocks:slope_plankstone_half_raised','moreblocks:slab_plankstone','moreblocks:slope_plankstone_half','','','','','','',''),
('moreblocks:slope_plankstone_inner_half_raised','moreblocks:slab_plankstone','moreblocks:slope_plankstone_inner_half','','','','','','',''),
('moreblocks:slope_plankstone_outer_half_raised','moreblocks:slab_plankstone','moreblocks:slope_plankstone_outer_half','','','','','','',''),
('moreblocks:slope_plankstone_outer_cut_half_raised','moreblocks:slab_plankstone','moreblocks:slope_plankstone_outer_cut_half','','','','','','',''),
('moreblocks:slope_plankstone_outer_cut','moreblocks:slope_plankstone_outer','','','','','','','',''),
('moreblocks:slope_plankstone_outer_cut_half','moreblocks:slope_plankstone_outer_half','','','','','','','',''),
('moreblocks:slope_plankstone_outer_cut_half_raised','moreblocks:slope_plankstone_outer_half_raised','','','','','','','',''),
('moreblocks:panel_plankstone','moreblocks:micro_plankstone','moreblocks:micro_plankstone','','','','','','',''),
('moreblocks:plankstone','moreblocks:panel_plankstone','moreblocks:panel_plankstone','moreblocks:panel_plankstone','moreblocks:panel_plankstone','','','','',''),
('moreblocks:micro_plankstone 7','moreblocks:stair_plankstone_inner','','','','','','','',''),
('moreblocks:micro_plankstone 6','moreblocks:stair_plankstone','','','','','','','',''),
('moreblocks:micro_plankstone 5','moreblocks:stair_plankstone_outer','','','','','','','',''),
('moreblocks:micro_plankstone 4','moreblocks:slab_plankstone','','','','','','','',''),
('moreblocks:micro_plankstone 2','moreblocks:panel_plankstone','','','','','','','',''),
('moreblocks:plankstone','moreblocks:micro_plankstone','moreblocks:micro_plankstone','moreblocks:micro_plankstone','moreblocks:micro_plankstone','moreblocks:micro_plankstone','moreblocks:micro_plankstone','moreblocks:micro_plankstone','moreblocks:micro_plankstone',''),
('moreblocks:stair_coal_stone_bricks','moreblocks:panel_coal_stone_bricks','moreblocks:slab_coal_stone_bricks','','','','','','',''),
('moreblocks:stair_coal_stone_bricks','moreblocks:panel_coal_stone_bricks','moreblocks:panel_coal_stone_bricks','moreblocks:panel_coal_stone_bricks','','','','','',''),
('moreblocks:stair_coal_stone_bricks_outer','moreblocks:micro_coal_stone_bricks','moreblocks:slab_coal_stone_bricks','','','','','','',''),
('moreblocks:stair_coal_stone_bricks_half','moreblocks:micro_coal_stone_bricks','moreblocks:micro_coal_stone_bricks','moreblocks:micro_coal_stone_bricks','','','','','',''),
('moreblocks:stair_coal_stone_bricks_half','moreblocks:panel_coal_stone_bricks','moreblocks:micro_coal_stone_bricks','','','','','','',''),
('moreblocks:stair_coal_stone_bricks_right_half','moreblocks:stair_coal_stone_bricks_half','','','','','','','',''),
('moreblocks:stair_coal_stone_bricks_half','moreblocks:stair_coal_stone_bricks_right_half','','','','','','','',''),
('moreblocks:stair_coal_stone_bricks','moreblocks:micro_coal_stone_bricks','moreblocks:micro_coal_stone_bricks','moreblocks:micro_coal_stone_bricks','moreblocks:micro_coal_stone_bricks','moreblocks:micro_coal_stone_bricks','moreblocks:micro_coal_stone_bricks','','',''),
('moreblocks:stair_coal_stone_bricks_inner','moreblocks:micro_coal_stone_bricks','moreblocks:micro_coal_stone_bricks','moreblocks:micro_coal_stone_bricks','moreblocks:micro_coal_stone_bricks','moreblocks:micro_coal_stone_bricks','moreblocks:micro_coal_stone_bricks','moreblocks:micro_coal_stone_bricks','',''),
('moreblocks:stair_coal_stone_bricks_outer','moreblocks:micro_coal_stone_bricks','moreblocks:micro_coal_stone_bricks','moreblocks:micro_coal_stone_bricks','moreblocks:micro_coal_stone_bricks','moreblocks:micro_coal_stone_bricks','','','',''),
('moreblocks:stair_coal_stone_bricks','moreblocks:panel_coal_stone_bricks','moreblocks:panel_coal_stone_bricks','moreblocks:panel_coal_stone_bricks','','','','','',''),
('moreblocks:slab_coal_stone_bricks','moreblocks:micro_coal_stone_bricks','moreblocks:micro_coal_stone_bricks','moreblocks:micro_coal_stone_bricks','moreblocks:micro_coal_stone_bricks','','','','',''),
('moreblocks:coal_stone_bricks','moreblocks:slab_coal_stone_bricks','moreblocks:slab_coal_stone_bricks','','','','','','',''),
('moreblocks:slab_coal_stone_bricks 3','moreblocks:stair_coal_stone_bricks','moreblocks:stair_coal_stone_bricks','','','','','','',''),
('moreblocks:coal_stone_bricks','moreblocks:slope_coal_stone_bricks','moreblocks:slope_coal_stone_bricks','','','','','','',''),
('moreblocks:coal_stone_bricks','moreblocks:slope_coal_stone_bricks_outer_cut','moreblocks:slope_coal_stone_bricks_outer_cut','','','','','','',''),
('moreblocks:coal_stone_bricks','moreblocks:slope_coal_stone_bricks_half','moreblocks:slope_coal_stone_bricks_half_raised','','','','','','',''),
('moreblocks:coal_stone_bricks','moreblocks:slope_coal_stone_bricks_half','moreblocks:slope_coal_stone_bricks_half','moreblocks:slope_coal_stone_bricks_half','moreblocks:slope_coal_stone_bricks_half','','','','',''),
('moreblocks:slab_coal_stone_bricks','moreblocks:slope_coal_stone_bricks_half','moreblocks:slope_coal_stone_bricks_half','','','','','','',''),
('moreblocks:slope_coal_stone_bricks_half_raised','moreblocks:slope_coal_stone_bricks_half','moreblocks:slope_coal_stone_bricks_half','moreblocks:slope_coal_stone_bricks_half','','','','','',''),
('moreblocks:slope_coal_stone_bricks_half_raised','moreblocks:slab_coal_stone_bricks','moreblocks:slope_coal_stone_bricks_half','','','','','','',''),
('moreblocks:slope_coal_stone_bricks_inner_half_raised','moreblocks:slab_coal_stone_bricks','moreblocks:slope_coal_stone_bricks_inner_half','','','','','','',''),
('moreblocks:slope_coal_stone_bricks_outer_half_raised','moreblocks:slab_coal_stone_bricks','moreblocks:slope_coal_stone_bricks_outer_half','','','','','','',''),
('moreblocks:slope_coal_stone_bricks_outer_cut_half_raised','moreblocks:slab_coal_stone_bricks','moreblocks:slope_coal_stone_bricks_outer_cut_half','','','','','','',''),
('moreblocks:slope_coal_stone_bricks_outer_cut','moreblocks:slope_coal_stone_bricks_outer','','','','','','','',''),
('moreblocks:slope_coal_stone_bricks_outer_cut_half','moreblocks:slope_coal_stone_bricks_outer_half','','','','','','','',''),
('moreblocks:slope_coal_stone_bricks_outer_cut_half_raised','moreblocks:slope_coal_stone_bricks_outer_half_raised','','','','','','','',''),
('moreblocks:panel_coal_stone_bricks','moreblocks:micro_coal_stone_bricks','moreblocks:micro_coal_stone_bricks','','','','','','',''),
('moreblocks:coal_stone_bricks','moreblocks:panel_coal_stone_bricks','moreblocks:panel_coal_stone_bricks','moreblocks:panel_coal_stone_bricks','moreblocks:panel_coal_stone_bricks','','','','',''),
('moreblocks:micro_coal_stone_bricks 7','moreblocks:stair_coal_stone_bricks_inner','','','','','','','',''),
('moreblocks:micro_coal_stone_bricks 6','moreblocks:stair_coal_stone_bricks','','','','','','','',''),
('moreblocks:micro_coal_stone_bricks 5','moreblocks:stair_coal_stone_bricks_outer','','','','','','','',''),
('moreblocks:micro_coal_stone_bricks 4','moreblocks:slab_coal_stone_bricks','','','','','','','',''),
('moreblocks:micro_coal_stone_bricks 2','moreblocks:panel_coal_stone_bricks','','','','','','','',''),
('moreblocks:coal_stone_bricks','moreblocks:micro_coal_stone_bricks','moreblocks:micro_coal_stone_bricks','moreblocks:micro_coal_stone_bricks','moreblocks:micro_coal_stone_bricks','moreblocks:micro_coal_stone_bricks','moreblocks:micro_coal_stone_bricks','moreblocks:micro_coal_stone_bricks','moreblocks:micro_coal_stone_bricks',''),
('moreblocks:stair_iron_stone_bricks','moreblocks:panel_iron_stone_bricks','moreblocks:slab_iron_stone_bricks','','','','','','',''),
('moreblocks:stair_iron_stone_bricks','moreblocks:panel_iron_stone_bricks','moreblocks:panel_iron_stone_bricks','moreblocks:panel_iron_stone_bricks','','','','','',''),
('moreblocks:stair_iron_stone_bricks_outer','moreblocks:micro_iron_stone_bricks','moreblocks:slab_iron_stone_bricks','','','','','','',''),
('moreblocks:stair_iron_stone_bricks_half','moreblocks:micro_iron_stone_bricks','moreblocks:micro_iron_stone_bricks','moreblocks:micro_iron_stone_bricks','','','','','',''),
('moreblocks:stair_iron_stone_bricks_half','moreblocks:panel_iron_stone_bricks','moreblocks:micro_iron_stone_bricks','','','','','','',''),
('moreblocks:stair_iron_stone_bricks_right_half','moreblocks:stair_iron_stone_bricks_half','','','','','','','',''),
('moreblocks:stair_iron_stone_bricks_half','moreblocks:stair_iron_stone_bricks_right_half','','','','','','','',''),
('moreblocks:stair_iron_stone_bricks','moreblocks:micro_iron_stone_bricks','moreblocks:micro_iron_stone_bricks','moreblocks:micro_iron_stone_bricks','moreblocks:micro_iron_stone_bricks','moreblocks:micro_iron_stone_bricks','moreblocks:micro_iron_stone_bricks','','',''),
('moreblocks:stair_iron_stone_bricks_inner','moreblocks:micro_iron_stone_bricks','moreblocks:micro_iron_stone_bricks','moreblocks:micro_iron_stone_bricks','moreblocks:micro_iron_stone_bricks','moreblocks:micro_iron_stone_bricks','moreblocks:micro_iron_stone_bricks','moreblocks:micro_iron_stone_bricks','',''),
('moreblocks:stair_iron_stone_bricks_outer','moreblocks:micro_iron_stone_bricks','moreblocks:micro_iron_stone_bricks','moreblocks:micro_iron_stone_bricks','moreblocks:micro_iron_stone_bricks','moreblocks:micro_iron_stone_bricks','','','',''),
('moreblocks:stair_iron_stone_bricks','moreblocks:panel_iron_stone_bricks','moreblocks:panel_iron_stone_bricks','moreblocks:panel_iron_stone_bricks','','','','','',''),
('moreblocks:slab_iron_stone_bricks','moreblocks:micro_iron_stone_bricks','moreblocks:micro_iron_stone_bricks','moreblocks:micro_iron_stone_bricks','moreblocks:micro_iron_stone_bricks','','','','',''),
('moreblocks:iron_stone_bricks','moreblocks:slab_iron_stone_bricks','moreblocks:slab_iron_stone_bricks','','','','','','',''),
('moreblocks:slab_iron_stone_bricks 3','moreblocks:stair_iron_stone_bricks','moreblocks:stair_iron_stone_bricks','','','','','','',''),
('moreblocks:iron_stone_bricks','moreblocks:slope_iron_stone_bricks','moreblocks:slope_iron_stone_bricks','','','','','','',''),
('moreblocks:iron_stone_bricks','moreblocks:slope_iron_stone_bricks_outer_cut','moreblocks:slope_iron_stone_bricks_outer_cut','','','','','','',''),
('moreblocks:iron_stone_bricks','moreblocks:slope_iron_stone_bricks_half','moreblocks:slope_iron_stone_bricks_half_raised','','','','','','',''),
('moreblocks:iron_stone_bricks','moreblocks:slope_iron_stone_bricks_half','moreblocks:slope_iron_stone_bricks_half','moreblocks:slope_iron_stone_bricks_half','moreblocks:slope_iron_stone_bricks_half','','','','',''),
('moreblocks:slab_iron_stone_bricks','moreblocks:slope_iron_stone_bricks_half','moreblocks:slope_iron_stone_bricks_half','','','','','','',''),
('moreblocks:slope_iron_stone_bricks_half_raised','moreblocks:slope_iron_stone_bricks_half','moreblocks:slope_iron_stone_bricks_half','moreblocks:slope_iron_stone_bricks_half','','','','','',''),
('moreblocks:slope_iron_stone_bricks_half_raised','moreblocks:slab_iron_stone_bricks','moreblocks:slope_iron_stone_bricks_half','','','','','','',''),
('moreblocks:slope_iron_stone_bricks_inner_half_raised','moreblocks:slab_iron_stone_bricks','moreblocks:slope_iron_stone_bricks_inner_half','','','','','','',''),
('moreblocks:slope_iron_stone_bricks_outer_half_raised','moreblocks:slab_iron_stone_bricks','moreblocks:slope_iron_stone_bricks_outer_half','','','','','','',''),
('moreblocks:slope_iron_stone_bricks_outer_cut_half_raised','moreblocks:slab_iron_stone_bricks','moreblocks:slope_iron_stone_bricks_outer_cut_half','','','','','','',''),
('moreblocks:slope_iron_stone_bricks_outer_cut','moreblocks:slope_iron_stone_bricks_outer','','','','','','','',''),
('moreblocks:slope_iron_stone_bricks_outer_cut_half','moreblocks:slope_iron_stone_bricks_outer_half','','','','','','','',''),
('moreblocks:slope_iron_stone_bricks_outer_cut_half_raised','moreblocks:slope_iron_stone_bricks_outer_half_raised','','','','','','','',''),
('moreblocks:panel_iron_stone_bricks','moreblocks:micro_iron_stone_bricks','moreblocks:micro_iron_stone_bricks','','','','','','',''),
('moreblocks:iron_stone_bricks','moreblocks:panel_iron_stone_bricks','moreblocks:panel_iron_stone_bricks','moreblocks:panel_iron_stone_bricks','moreblocks:panel_iron_stone_bricks','','','','',''),
('moreblocks:micro_iron_stone_bricks 7','moreblocks:stair_iron_stone_bricks_inner','','','','','','','',''),
('moreblocks:micro_iron_stone_bricks 6','moreblocks:stair_iron_stone_bricks','','','','','','','',''),
('moreblocks:micro_iron_stone_bricks 5','moreblocks:stair_iron_stone_bricks_outer','','','','','','','',''),
('moreblocks:micro_iron_stone_bricks 4','moreblocks:slab_iron_stone_bricks','','','','','','','',''),
('moreblocks:micro_iron_stone_bricks 2','moreblocks:panel_iron_stone_bricks','','','','','','','',''),
('moreblocks:iron_stone_bricks','moreblocks:micro_iron_stone_bricks','moreblocks:micro_iron_stone_bricks','moreblocks:micro_iron_stone_bricks','moreblocks:micro_iron_stone_bricks','moreblocks:micro_iron_stone_bricks','moreblocks:micro_iron_stone_bricks','moreblocks:micro_iron_stone_bricks','moreblocks:micro_iron_stone_bricks','');

INSERT INTO craft_shaped (craftoutput, craftwidth, recipe1, recipe2, recipe3, recipe4, recipe5, recipe6, recipe7, recipe8, recipe9) VALUES
('moreblocks:stair_stone 8',3,'default:stone','','','default:stone','default:stone','','default:stone','default:stone','default:stone'),
('moreblocks:stair_stone 8',3,'','','default:stone','','default:stone','default:stone','default:stone','default:stone','default:stone'),
('moreblocks:stair_stone_alt',2,'moreblocks:panel_stone','','','moreblocks:panel_stone','','','','',''),
('moreblocks:stair_stone_alt',2,'','moreblocks:panel_stone','moreblocks:panel_stone','','','','','',''),
('moreblocks:slab_stone 6',3,'default:stone','default:stone','default:stone','','','','','',''),
('moreblocks:slab_stone',2,'moreblocks:panel_stone','moreblocks:panel_stone','','','','','','',''),
('moreblocks:slab_stone',1,'moreblocks:panel_stone','moreblocks:panel_stone','','','','','','',''),
('moreblocks:slope_stone 7',3,'moreblocks:panel_stone','','','default:stone','moreblocks:panel_stone','','default:stone','default:stone','moreblocks:panel_stone'),
('moreblocks:slope_stone 7',3,'','','moreblocks:panel_stone','','moreblocks:panel_stone','default:stone','moreblocks:panel_stone','default:stone','default:stone'),
('moreblocks:slope_stone_half 10',3,'moreblocks:panel_stone','','','default:stone','default:stone','moreblocks:panel_stone','','',''),
('moreblocks:slope_stone_half 10',3,'','','moreblocks:panel_stone','moreblocks:panel_stone','default:stone','default:stone','','',''),
('moreblocks:slope_stone_half_raised 7',3,'moreblocks:panel_stone','','','default:stone','default:stone','moreblocks:panel_stone','default:stone','default:stone','default:stone'),
('moreblocks:slope_stone_half_raised 7',3,'','','moreblocks:panel_stone','moreblocks:panel_stone','default:stone','default:stone','default:stone','default:stone','default:stone'),
('moreblocks:slope_stone_inner 7',3,'moreblocks:stair_stone_half','','','default:stone','moreblocks:stair_stone_half','','default:stone','default:stone','moreblocks:stair_stone_half'),
('moreblocks:slope_stone_inner 7',3,'','','moreblocks:stair_stone_half','','moreblocks:stair_stone_half','default:stone','moreblocks:stair_stone_half','default:stone','default:stone'),
('moreblocks:slope_stone_inner_half 10',3,'moreblocks:stair_stone_half','','','default:stone','default:stone','moreblocks:stair_stone_half','','',''),
('moreblocks:slope_stone_inner_half 10',3,'','','moreblocks:stair_stone_half','moreblocks:stair_stone_half','default:stone','default:stone','','',''),
('moreblocks:slope_stone_inner_half_raised 7',3,'moreblocks:stair_stone_half','','','default:stone','default:stone','moreblocks:stair_stone_half','default:stone','default:stone','default:stone'),
('moreblocks:slope_stone_inner_half_raised 7',3,'','','moreblocks:stair_stone_half','moreblocks:stair_stone_half','default:stone','default:stone','default:stone','default:stone','default:stone'),
('moreblocks:slope_stone_outer 7',3,'moreblocks:micro_stone','','','default:stone','moreblocks:micro_stone','','default:stone','default:stone','moreblocks:micro_stone'),
('moreblocks:slope_stone_outer 7',3,'','','moreblocks:micro_stone','','moreblocks:micro_stone','default:stone','moreblocks:micro_stone','default:stone','default:stone'),
('moreblocks:slope_stone_outer_half 10',3,'moreblocks:micro_stone','','','default:stone','default:stone','moreblocks:micro_stone','','',''),
('moreblocks:slope_stone_outer_half 10',3,'','','moreblocks:micro_stone','moreblocks:micro_stone','default:stone','default:stone','','',''),
('moreblocks:slope_stone_outer_half_raised 7',3,'moreblocks:micro_stone','','','default:stone','default:stone','moreblocks:micro_stone','default:stone','default:stone','default:stone'),
('moreblocks:slope_stone_outer_half_raised 7',3,'','','moreblocks:micro_stone','moreblocks:micro_stone','default:stone','default:stone','default:stone','default:stone','default:stone'),
('moreblocks:panel_stone 12',2,'default:stone','','default:stone','default:stone','','','','',''),
('moreblocks:panel_stone 12',2,'','default:stone','default:stone','default:stone','','','','',''),
('moreblocks:stair_cobble 8',3,'default:cobble','','','default:cobble','default:cobble','','default:cobble','default:cobble','default:cobble'),
('moreblocks:stair_cobble 8',3,'','','default:cobble','','default:cobble','default:cobble','default:cobble','default:cobble','default:cobble'),
('moreblocks:stair_cobble_alt',2,'moreblocks:panel_cobble','','','moreblocks:panel_cobble','','','','',''),
('moreblocks:stair_cobble_alt',2,'','moreblocks:panel_cobble','moreblocks:panel_cobble','','','','','',''),
('moreblocks:slab_cobble 6',3,'default:cobble','default:cobble','default:cobble','','','','','',''),
('moreblocks:slab_cobble',2,'moreblocks:panel_cobble','moreblocks:panel_cobble','','','','','','',''),
('moreblocks:slab_cobble',1,'moreblocks:panel_cobble','moreblocks:panel_cobble','','','','','','',''),
('moreblocks:slope_cobble 7',3,'moreblocks:panel_cobble','','','default:cobble','moreblocks:panel_cobble','','default:cobble','default:cobble','moreblocks:panel_cobble'),
('moreblocks:slope_cobble 7',3,'','','moreblocks:panel_cobble','','moreblocks:panel_cobble','default:cobble','moreblocks:panel_cobble','default:cobble','default:cobble'),
('moreblocks:slope_cobble_half 10',3,'moreblocks:panel_cobble','','','default:cobble','default:cobble','moreblocks:panel_cobble','','',''),
('moreblocks:slope_cobble_half 10',3,'','','moreblocks:panel_cobble','moreblocks:panel_cobble','default:cobble','default:cobble','','',''),
('moreblocks:slope_cobble_half_raised 7',3,'moreblocks:panel_cobble','','','default:cobble','default:cobble','moreblocks:panel_cobble','default:cobble','default:cobble','default:cobble'),
('moreblocks:slope_cobble_half_raised 7',3,'','','moreblocks:panel_cobble','moreblocks:panel_cobble','default:cobble','default:cobble','default:cobble','default:cobble','default:cobble'),
('moreblocks:slope_cobble_inner 7',3,'moreblocks:stair_cobble_half','','','default:cobble','moreblocks:stair_cobble_half','','default:cobble','default:cobble','moreblocks:stair_cobble_half'),
('moreblocks:slope_cobble_inner 7',3,'','','moreblocks:stair_cobble_half','','moreblocks:stair_cobble_half','default:cobble','moreblocks:stair_cobble_half','default:cobble','default:cobble'),
('moreblocks:slope_cobble_inner_half 10',3,'moreblocks:stair_cobble_half','','','default:cobble','default:cobble','moreblocks:stair_cobble_half','','',''),
('moreblocks:slope_cobble_inner_half 10',3,'','','moreblocks:stair_cobble_half','moreblocks:stair_cobble_half','default:cobble','default:cobble','','',''),
('moreblocks:slope_cobble_inner_half_raised 7',3,'moreblocks:stair_cobble_half','','','default:cobble','default:cobble','moreblocks:stair_cobble_half','default:cobble','default:cobble','default:cobble'),
('moreblocks:slope_cobble_inner_half_raised 7',3,'','','moreblocks:stair_cobble_half','moreblocks:stair_cobble_half','default:cobble','default:cobble','default:cobble','default:cobble','default:cobble'),
('moreblocks:slope_cobble_outer 7',3,'moreblocks:micro_cobble','','','default:cobble','moreblocks:micro_cobble','','default:cobble','default:cobble','moreblocks:micro_cobble'),
('moreblocks:slope_cobble_outer 7',3,'','','moreblocks:micro_cobble','','moreblocks:micro_cobble','default:cobble','moreblocks:micro_cobble','default:cobble','default:cobble'),
('moreblocks:slope_cobble_outer_half 10',3,'moreblocks:micro_cobble','','','default:cobble','default:cobble','moreblocks:micro_cobble','','',''),
('moreblocks:slope_cobble_outer_half 10',3,'','','moreblocks:micro_cobble','moreblocks:micro_cobble','default:cobble','default:cobble','','',''),
('moreblocks:slope_cobble_outer_half_raised 7',3,'moreblocks:micro_cobble','','','default:cobble','default:cobble','moreblocks:micro_cobble','default:cobble','default:cobble','default:cobble'),
('moreblocks:slope_cobble_outer_half_raised 7',3,'','','moreblocks:micro_cobble','moreblocks:micro_cobble','default:cobble','default:cobble','default:cobble','default:cobble','default:cobble'),
('moreblocks:panel_cobble 12',2,'default:cobble','','default:cobble','default:cobble','','','','',''),
('moreblocks:panel_cobble 12',2,'','default:cobble','default:cobble','default:cobble','','','','',''),
('moreblocks:stair_mossycobble 8',3,'default:mossycobble','','','default:mossycobble','default:mossycobble','','default:mossycobble','default:mossycobble','default:mossycobble'),
('moreblocks:stair_mossycobble 8',3,'','','default:mossycobble','','default:mossycobble','default:mossycobble','default:mossycobble','default:mossycobble','default:mossycobble'),
('moreblocks:stair_mossycobble_alt',2,'moreblocks:panel_mossycobble','','','moreblocks:panel_mossycobble','','','','',''),
('moreblocks:stair_mossycobble_alt',2,'','moreblocks:panel_mossycobble','moreblocks:panel_mossycobble','','','','','',''),
('moreblocks:slab_mossycobble 6',3,'default:mossycobble','default:mossycobble','default:mossycobble','','','','','',''),
('moreblocks:slab_mossycobble',2,'moreblocks:panel_mossycobble','moreblocks:panel_mossycobble','','','','','','',''),
('moreblocks:slab_mossycobble',1,'moreblocks:panel_mossycobble','moreblocks:panel_mossycobble','','','','','','',''),
('moreblocks:slope_mossycobble 7',3,'moreblocks:panel_mossycobble','','','default:mossycobble','moreblocks:panel_mossycobble','','default:mossycobble','default:mossycobble','moreblocks:panel_mossycobble'),
('moreblocks:slope_mossycobble 7',3,'','','moreblocks:panel_mossycobble','','moreblocks:panel_mossycobble','default:mossycobble','moreblocks:panel_mossycobble','default:mossycobble','default:mossycobble'),
('moreblocks:slope_mossycobble_half 10',3,'moreblocks:panel_mossycobble','','','default:mossycobble','default:mossycobble','moreblocks:panel_mossycobble','','',''),
('moreblocks:slope_mossycobble_half 10',3,'','','moreblocks:panel_mossycobble','moreblocks:panel_mossycobble','default:mossycobble','default:mossycobble','','',''),
('moreblocks:slope_mossycobble_half_raised 7',3,'moreblocks:panel_mossycobble','','','default:mossycobble','default:mossycobble','moreblocks:panel_mossycobble','default:mossycobble','default:mossycobble','default:mossycobble'),
('moreblocks:slope_mossycobble_half_raised 7',3,'','','moreblocks:panel_mossycobble','moreblocks:panel_mossycobble','default:mossycobble','default:mossycobble','default:mossycobble','default:mossycobble','default:mossycobble'),
('moreblocks:slope_mossycobble_inner 7',3,'moreblocks:stair_mossycobble_half','','','default:mossycobble','moreblocks:stair_mossycobble_half','','default:mossycobble','default:mossycobble','moreblocks:stair_mossycobble_half'),
('moreblocks:slope_mossycobble_inner 7',3,'','','moreblocks:stair_mossycobble_half','','moreblocks:stair_mossycobble_half','default:mossycobble','moreblocks:stair_mossycobble_half','default:mossycobble','default:mossycobble'),
('moreblocks:slope_mossycobble_inner_half 10',3,'moreblocks:stair_mossycobble_half','','','default:mossycobble','default:mossycobble','moreblocks:stair_mossycobble_half','','',''),
('moreblocks:slope_mossycobble_inner_half 10',3,'','','moreblocks:stair_mossycobble_half','moreblocks:stair_mossycobble_half','default:mossycobble','default:mossycobble','','',''),
('moreblocks:slope_mossycobble_inner_half_raised 7',3,'moreblocks:stair_mossycobble_half','','','default:mossycobble','default:mossycobble','moreblocks:stair_mossycobble_half','default:mossycobble','default:mossycobble','default:mossycobble'),
('moreblocks:slope_mossycobble_inner_half_raised 7',3,'','','moreblocks:stair_mossycobble_half','moreblocks:stair_mossycobble_half','default:mossycobble','default:mossycobble','default:mossycobble','default:mossycobble','default:mossycobble'),
('moreblocks:slope_mossycobble_outer 7',3,'moreblocks:micro_mossycobble','','','default:mossycobble','moreblocks:micro_mossycobble','','default:mossycobble','default:mossycobble','moreblocks:micro_mossycobble'),
('moreblocks:slope_mossycobble_outer 7',3,'','','moreblocks:micro_mossycobble','','moreblocks:micro_mossycobble','default:mossycobble','moreblocks:micro_mossycobble','default:mossycobble','default:mossycobble'),
('moreblocks:slope_mossycobble_outer_half 10',3,'moreblocks:micro_mossycobble','','','default:mossycobble','default:mossycobble','moreblocks:micro_mossycobble','','',''),
('moreblocks:slope_mossycobble_outer_half 10',3,'','','moreblocks:micro_mossycobble','moreblocks:micro_mossycobble','default:mossycobble','default:mossycobble','','',''),
('moreblocks:slope_mossycobble_outer_half_raised 7',3,'moreblocks:micro_mossycobble','','','default:mossycobble','default:mossycobble','moreblocks:micro_mossycobble','default:mossycobble','default:mossycobble','default:mossycobble'),
('moreblocks:slope_mossycobble_outer_half_raised 7',3,'','','moreblocks:micro_mossycobble','moreblocks:micro_mossycobble','default:mossycobble','default:mossycobble','default:mossycobble','default:mossycobble','default:mossycobble'),
('moreblocks:panel_mossycobble 12',2,'default:mossycobble','','default:mossycobble','default:mossycobble','','','','',''),
('moreblocks:panel_mossycobble 12',2,'','default:mossycobble','default:mossycobble','default:mossycobble','','','','',''),
('moreblocks:stair_brick 8',3,'default:brick','','','default:brick','default:brick','','default:brick','default:brick','default:brick'),
('moreblocks:stair_brick 8',3,'','','default:brick','','default:brick','default:brick','default:brick','default:brick','default:brick'),
('moreblocks:stair_brick_alt',2,'moreblocks:panel_brick','','','moreblocks:panel_brick','','','','',''),
('moreblocks:stair_brick_alt',2,'','moreblocks:panel_brick','moreblocks:panel_brick','','','','','',''),
('moreblocks:slab_brick 6',3,'default:brick','default:brick','default:brick','','','','','',''),
('moreblocks:slab_brick',2,'moreblocks:panel_brick','moreblocks:panel_brick','','','','','','',''),
('moreblocks:slab_brick',1,'moreblocks:panel_brick','moreblocks:panel_brick','','','','','','',''),
('moreblocks:slope_brick 7',3,'moreblocks:panel_brick','','','default:brick','moreblocks:panel_brick','','default:brick','default:brick','moreblocks:panel_brick'),
('moreblocks:slope_brick 7',3,'','','moreblocks:panel_brick','','moreblocks:panel_brick','default:brick','moreblocks:panel_brick','default:brick','default:brick'),
('moreblocks:slope_brick_half 10',3,'moreblocks:panel_brick','','','default:brick','default:brick','moreblocks:panel_brick','','',''),
('moreblocks:slope_brick_half 10',3,'','','moreblocks:panel_brick','moreblocks:panel_brick','default:brick','default:brick','','',''),
('moreblocks:slope_brick_half_raised 7',3,'moreblocks:panel_brick','','','default:brick','default:brick','moreblocks:panel_brick','default:brick','default:brick','default:brick'),
('moreblocks:slope_brick_half_raised 7',3,'','','moreblocks:panel_brick','moreblocks:panel_brick','default:brick','default:brick','default:brick','default:brick','default:brick'),
('moreblocks:slope_brick_inner 7',3,'moreblocks:stair_brick_half','','','default:brick','moreblocks:stair_brick_half','','default:brick','default:brick','moreblocks:stair_brick_half'),
('moreblocks:slope_brick_inner 7',3,'','','moreblocks:stair_brick_half','','moreblocks:stair_brick_half','default:brick','moreblocks:stair_brick_half','default:brick','default:brick'),
('moreblocks:slope_brick_inner_half 10',3,'moreblocks:stair_brick_half','','','default:brick','default:brick','moreblocks:stair_brick_half','','',''),
('moreblocks:slope_brick_inner_half 10',3,'','','moreblocks:stair_brick_half','moreblocks:stair_brick_half','default:brick','default:brick','','',''),
('moreblocks:slope_brick_inner_half_raised 7',3,'moreblocks:stair_brick_half','','','default:brick','default:brick','moreblocks:stair_brick_half','default:brick','default:brick','default:brick'),
('moreblocks:slope_brick_inner_half_raised 7',3,'','','moreblocks:stair_brick_half','moreblocks:stair_brick_half','default:brick','default:brick','default:brick','default:brick','default:brick'),
('moreblocks:slope_brick_outer 7',3,'moreblocks:micro_brick','','','default:brick','moreblocks:micro_brick','','default:brick','default:brick','moreblocks:micro_brick'),
('moreblocks:slope_brick_outer 7',3,'','','moreblocks:micro_brick','','moreblocks:micro_brick','default:brick','moreblocks:micro_brick','default:brick','default:brick'),
('moreblocks:slope_brick_outer_half 10',3,'moreblocks:micro_brick','','','default:brick','default:brick','moreblocks:micro_brick','','',''),
('moreblocks:slope_brick_outer_half 10',3,'','','moreblocks:micro_brick','moreblocks:micro_brick','default:brick','default:brick','','',''),
('moreblocks:slope_brick_outer_half_raised 7',3,'moreblocks:micro_brick','','','default:brick','default:brick','moreblocks:micro_brick','default:brick','default:brick','default:brick'),
('moreblocks:slope_brick_outer_half_raised 7',3,'','','moreblocks:micro_brick','moreblocks:micro_brick','default:brick','default:brick','default:brick','default:brick','default:brick'),
('moreblocks:panel_brick 12',2,'default:brick','','default:brick','default:brick','','','','',''),
('moreblocks:panel_brick 12',2,'','default:brick','default:brick','default:brick','','','','',''),
('moreblocks:stair_sandstone 8',3,'default:sandstone','','','default:sandstone','default:sandstone','','default:sandstone','default:sandstone','default:sandstone'),
('moreblocks:stair_sandstone 8',3,'','','default:sandstone','','default:sandstone','default:sandstone','default:sandstone','default:sandstone','default:sandstone'),
('moreblocks:stair_sandstone_alt',2,'moreblocks:panel_sandstone','','','moreblocks:panel_sandstone','','','','',''),
('moreblocks:stair_sandstone_alt',2,'','moreblocks:panel_sandstone','moreblocks:panel_sandstone','','','','','',''),
('moreblocks:slab_sandstone 6',3,'default:sandstone','default:sandstone','default:sandstone','','','','','',''),
('moreblocks:slab_sandstone',2,'moreblocks:panel_sandstone','moreblocks:panel_sandstone','','','','','','',''),
('moreblocks:slab_sandstone',1,'moreblocks:panel_sandstone','moreblocks:panel_sandstone','','','','','','',''),
('moreblocks:slope_sandstone 7',3,'moreblocks:panel_sandstone','','','default:sandstone','moreblocks:panel_sandstone','','default:sandstone','default:sandstone','moreblocks:panel_sandstone'),
('moreblocks:slope_sandstone 7',3,'','','moreblocks:panel_sandstone','','moreblocks:panel_sandstone','default:sandstone','moreblocks:panel_sandstone','default:sandstone','default:sandstone'),
('moreblocks:slope_sandstone_half 10',3,'moreblocks:panel_sandstone','','','default:sandstone','default:sandstone','moreblocks:panel_sandstone','','',''),
('moreblocks:slope_sandstone_half 10',3,'','','moreblocks:panel_sandstone','moreblocks:panel_sandstone','default:sandstone','default:sandstone','','',''),
('moreblocks:slope_sandstone_half_raised 7',3,'moreblocks:panel_sandstone','','','default:sandstone','default:sandstone','moreblocks:panel_sandstone','default:sandstone','default:sandstone','default:sandstone'),
('moreblocks:slope_sandstone_half_raised 7',3,'','','moreblocks:panel_sandstone','moreblocks:panel_sandstone','default:sandstone','default:sandstone','default:sandstone','default:sandstone','default:sandstone'),
('moreblocks:slope_sandstone_inner 7',3,'moreblocks:stair_sandstone_half','','','default:sandstone','moreblocks:stair_sandstone_half','','default:sandstone','default:sandstone','moreblocks:stair_sandstone_half'),
('moreblocks:slope_sandstone_inner 7',3,'','','moreblocks:stair_sandstone_half','','moreblocks:stair_sandstone_half','default:sandstone','moreblocks:stair_sandstone_half','default:sandstone','default:sandstone'),
('moreblocks:slope_sandstone_inner_half 10',3,'moreblocks:stair_sandstone_half','','','default:sandstone','default:sandstone','moreblocks:stair_sandstone_half','','',''),
('moreblocks:slope_sandstone_inner_half 10',3,'','','moreblocks:stair_sandstone_half','moreblocks:stair_sandstone_half','default:sandstone','default:sandstone','','',''),
('moreblocks:slope_sandstone_inner_half_raised 7',3,'moreblocks:stair_sandstone_half','','','default:sandstone','default:sandstone','moreblocks:stair_sandstone_half','default:sandstone','default:sandstone','default:sandstone'),
('moreblocks:slope_sandstone_inner_half_raised 7',3,'','','moreblocks:stair_sandstone_half','moreblocks:stair_sandstone_half','default:sandstone','default:sandstone','default:sandstone','default:sandstone','default:sandstone'),
('moreblocks:slope_sandstone_outer 7',3,'moreblocks:micro_sandstone','','','default:sandstone','moreblocks:micro_sandstone','','default:sandstone','default:sandstone','moreblocks:micro_sandstone'),
('moreblocks:slope_sandstone_outer 7',3,'','','moreblocks:micro_sandstone','','moreblocks:micro_sandstone','default:sandstone','moreblocks:micro_sandstone','default:sandstone','default:sandstone'),
('moreblocks:slope_sandstone_outer_half 10',3,'moreblocks:micro_sandstone','','','default:sandstone','default:sandstone','moreblocks:micro_sandstone','','',''),
('moreblocks:slope_sandstone_outer_half 10',3,'','','moreblocks:micro_sandstone','moreblocks:micro_sandstone','default:sandstone','default:sandstone','','',''),
('moreblocks:slope_sandstone_outer_half_raised 7',3,'moreblocks:micro_sandstone','','','default:sandstone','default:sandstone','moreblocks:micro_sandstone','default:sandstone','default:sandstone','default:sandstone'),
('moreblocks:slope_sandstone_outer_half_raised 7',3,'','','moreblocks:micro_sandstone','moreblocks:micro_sandstone','default:sandstone','default:sandstone','default:sandstone','default:sandstone','default:sandstone'),
('moreblocks:panel_sandstone 12',2,'default:sandstone','','default:sandstone','default:sandstone','','','','',''),
('moreblocks:panel_sandstone 12',2,'','default:sandstone','default:sandstone','default:sandstone','','','','',''),
('moreblocks:stair_steelblock 8',3,'default:steelblock','','','default:steelblock','default:steelblock','','default:steelblock','default:steelblock','default:steelblock'),
('moreblocks:stair_steelblock 8',3,'','','default:steelblock','','default:steelblock','default:steelblock','default:steelblock','default:steelblock','default:steelblock'),
('moreblocks:stair_steelblock_alt',2,'moreblocks:panel_steelblock','','','moreblocks:panel_steelblock','','','','',''),
('moreblocks:stair_steelblock_alt',2,'','moreblocks:panel_steelblock','moreblocks:panel_steelblock','','','','','',''),
('moreblocks:slab_steelblock 6',3,'default:steelblock','default:steelblock','default:steelblock','','','','','',''),
('moreblocks:slab_steelblock',2,'moreblocks:panel_steelblock','moreblocks:panel_steelblock','','','','','','',''),
('moreblocks:slab_steelblock',1,'moreblocks:panel_steelblock','moreblocks:panel_steelblock','','','','','','',''),
('moreblocks:slope_steelblock 7',3,'moreblocks:panel_steelblock','','','default:steelblock','moreblocks:panel_steelblock','','default:steelblock','default:steelblock','moreblocks:panel_steelblock'),
('moreblocks:slope_steelblock 7',3,'','','moreblocks:panel_steelblock','','moreblocks:panel_steelblock','default:steelblock','moreblocks:panel_steelblock','default:steelblock','default:steelblock'),
('moreblocks:slope_steelblock_half 10',3,'moreblocks:panel_steelblock','','','default:steelblock','default:steelblock','moreblocks:panel_steelblock','','',''),
('moreblocks:slope_steelblock_half 10',3,'','','moreblocks:panel_steelblock','moreblocks:panel_steelblock','default:steelblock','default:steelblock','','',''),
('moreblocks:slope_steelblock_half_raised 7',3,'moreblocks:panel_steelblock','','','default:steelblock','default:steelblock','moreblocks:panel_steelblock','default:steelblock','default:steelblock','default:steelblock'),
('moreblocks:slope_steelblock_half_raised 7',3,'','','moreblocks:panel_steelblock','moreblocks:panel_steelblock','default:steelblock','default:steelblock','default:steelblock','default:steelblock','default:steelblock'),
('moreblocks:slope_steelblock_inner 7',3,'moreblocks:stair_steelblock_half','','','default:steelblock','moreblocks:stair_steelblock_half','','default:steelblock','default:steelblock','moreblocks:stair_steelblock_half'),
('moreblocks:slope_steelblock_inner 7',3,'','','moreblocks:stair_steelblock_half','','moreblocks:stair_steelblock_half','default:steelblock','moreblocks:stair_steelblock_half','default:steelblock','default:steelblock'),
('moreblocks:slope_steelblock_inner_half 10',3,'moreblocks:stair_steelblock_half','','','default:steelblock','default:steelblock','moreblocks:stair_steelblock_half','','',''),
('moreblocks:slope_steelblock_inner_half 10',3,'','','moreblocks:stair_steelblock_half','moreblocks:stair_steelblock_half','default:steelblock','default:steelblock','','',''),
('moreblocks:slope_steelblock_inner_half_raised 7',3,'moreblocks:stair_steelblock_half','','','default:steelblock','default:steelblock','moreblocks:stair_steelblock_half','default:steelblock','default:steelblock','default:steelblock'),
('moreblocks:slope_steelblock_inner_half_raised 7',3,'','','moreblocks:stair_steelblock_half','moreblocks:stair_steelblock_half','default:steelblock','default:steelblock','default:steelblock','default:steelblock','default:steelblock'),
('moreblocks:slope_steelblock_outer 7',3,'moreblocks:micro_steelblock','','','default:steelblock','moreblocks:micro_steelblock','','default:steelblock','default:steelblock','moreblocks:micro_steelblock'),
('moreblocks:slope_steelblock_outer 7',3,'','','moreblocks:micro_steelblock','','moreblocks:micro_steelblock','default:steelblock','moreblocks:micro_steelblock','default:steelblock','default:steelblock'),
('moreblocks:slope_steelblock_outer_half 10',3,'moreblocks:micro_steelblock','','','default:steelblock','default:steelblock','moreblocks:micro_steelblock','','',''),
('moreblocks:slope_steelblock_outer_half 10',3,'','','moreblocks:micro_steelblock','moreblocks:micro_steelblock','default:steelblock','default:steelblock','','',''),
('moreblocks:slope_steelblock_outer_half_raised 7',3,'moreblocks:micro_steelblock','','','default:steelblock','default:steelblock','moreblocks:micro_steelblock','default:steelblock','default:steelblock','default:steelblock'),
('moreblocks:slope_steelblock_outer_half_raised 7',3,'','','moreblocks:micro_steelblock','moreblocks:micro_steelblock','default:steelblock','default:steelblock','default:steelblock','default:steelblock','default:steelblock'),
('moreblocks:panel_steelblock 12',2,'default:steelblock','','default:steelblock','default:steelblock','','','','',''),
('moreblocks:panel_steelblock 12',2,'','default:steelblock','default:steelblock','default:steelblock','','','','',''),
('moreblocks:stair_goldblock 8',3,'default:goldblock','','','default:goldblock','default:goldblock','','default:goldblock','default:goldblock','default:goldblock'),
('moreblocks:stair_goldblock 8',3,'','','default:goldblock','','default:goldblock','default:goldblock','default:goldblock','default:goldblock','default:goldblock'),
('moreblocks:stair_goldblock_alt',2,'moreblocks:panel_goldblock','','','moreblocks:panel_goldblock','','','','',''),
('moreblocks:stair_goldblock_alt',2,'','moreblocks:panel_goldblock','moreblocks:panel_goldblock','','','','','',''),
('moreblocks:slab_goldblock 6',3,'default:goldblock','default:goldblock','default:goldblock','','','','','',''),
('moreblocks:slab_goldblock',2,'moreblocks:panel_goldblock','moreblocks:panel_goldblock','','','','','','',''),
('moreblocks:slab_goldblock',1,'moreblocks:panel_goldblock','moreblocks:panel_goldblock','','','','','','',''),
('moreblocks:slope_goldblock 7',3,'moreblocks:panel_goldblock','','','default:goldblock','moreblocks:panel_goldblock','','default:goldblock','default:goldblock','moreblocks:panel_goldblock'),
('moreblocks:slope_goldblock 7',3,'','','moreblocks:panel_goldblock','','moreblocks:panel_goldblock','default:goldblock','moreblocks:panel_goldblock','default:goldblock','default:goldblock'),
('moreblocks:slope_goldblock_half 10',3,'moreblocks:panel_goldblock','','','default:goldblock','default:goldblock','moreblocks:panel_goldblock','','',''),
('moreblocks:slope_goldblock_half 10',3,'','','moreblocks:panel_goldblock','moreblocks:panel_goldblock','default:goldblock','default:goldblock','','',''),
('moreblocks:slope_goldblock_half_raised 7',3,'moreblocks:panel_goldblock','','','default:goldblock','default:goldblock','moreblocks:panel_goldblock','default:goldblock','default:goldblock','default:goldblock'),
('moreblocks:slope_goldblock_half_raised 7',3,'','','moreblocks:panel_goldblock','moreblocks:panel_goldblock','default:goldblock','default:goldblock','default:goldblock','default:goldblock','default:goldblock'),
('moreblocks:slope_goldblock_inner 7',3,'moreblocks:stair_goldblock_half','','','default:goldblock','moreblocks:stair_goldblock_half','','default:goldblock','default:goldblock','moreblocks:stair_goldblock_half'),
('moreblocks:slope_goldblock_inner 7',3,'','','moreblocks:stair_goldblock_half','','moreblocks:stair_goldblock_half','default:goldblock','moreblocks:stair_goldblock_half','default:goldblock','default:goldblock'),
('moreblocks:slope_goldblock_inner_half 10',3,'moreblocks:stair_goldblock_half','','','default:goldblock','default:goldblock','moreblocks:stair_goldblock_half','','',''),
('moreblocks:slope_goldblock_inner_half 10',3,'','','moreblocks:stair_goldblock_half','moreblocks:stair_goldblock_half','default:goldblock','default:goldblock','','',''),
('moreblocks:slope_goldblock_inner_half_raised 7',3,'moreblocks:stair_goldblock_half','','','default:goldblock','default:goldblock','moreblocks:stair_goldblock_half','default:goldblock','default:goldblock','default:goldblock'),
('moreblocks:slope_goldblock_inner_half_raised 7',3,'','','moreblocks:stair_goldblock_half','moreblocks:stair_goldblock_half','default:goldblock','default:goldblock','default:goldblock','default:goldblock','default:goldblock'),
('moreblocks:slope_goldblock_outer 7',3,'moreblocks:micro_goldblock','','','default:goldblock','moreblocks:micro_goldblock','','default:goldblock','default:goldblock','moreblocks:micro_goldblock'),
('moreblocks:slope_goldblock_outer 7',3,'','','moreblocks:micro_goldblock','','moreblocks:micro_goldblock','default:goldblock','moreblocks:micro_goldblock','default:goldblock','default:goldblock'),
('moreblocks:slope_goldblock_outer_half 10',3,'moreblocks:micro_goldblock','','','default:goldblock','default:goldblock','moreblocks:micro_goldblock','','',''),
('moreblocks:slope_goldblock_outer_half 10',3,'','','moreblocks:micro_goldblock','moreblocks:micro_goldblock','default:goldblock','default:goldblock','','',''),
('moreblocks:slope_goldblock_outer_half_raised 7',3,'moreblocks:micro_goldblock','','','default:goldblock','default:goldblock','moreblocks:micro_goldblock','default:goldblock','default:goldblock','default:goldblock'),
('moreblocks:slope_goldblock_outer_half_raised 7',3,'','','moreblocks:micro_goldblock','moreblocks:micro_goldblock','default:goldblock','default:goldblock','default:goldblock','default:goldblock','default:goldblock'),
('moreblocks:panel_goldblock 12',2,'default:goldblock','','default:goldblock','default:goldblock','','','','',''),
('moreblocks:panel_goldblock 12',2,'','default:goldblock','default:goldblock','default:goldblock','','','','',''),
('moreblocks:stair_copperblock 8',3,'default:copperblock','','','default:copperblock','default:copperblock','','default:copperblock','default:copperblock','default:copperblock'),
('moreblocks:stair_copperblock 8',3,'','','default:copperblock','','default:copperblock','default:copperblock','default:copperblock','default:copperblock','default:copperblock'),
('moreblocks:stair_copperblock_alt',2,'moreblocks:panel_copperblock','','','moreblocks:panel_copperblock','','','','',''),
('moreblocks:stair_copperblock_alt',2,'','moreblocks:panel_copperblock','moreblocks:panel_copperblock','','','','','',''),
('moreblocks:slab_copperblock 6',3,'default:copperblock','default:copperblock','default:copperblock','','','','','',''),
('moreblocks:slab_copperblock',2,'moreblocks:panel_copperblock','moreblocks:panel_copperblock','','','','','','',''),
('moreblocks:slab_copperblock',1,'moreblocks:panel_copperblock','moreblocks:panel_copperblock','','','','','','',''),
('moreblocks:slope_copperblock 7',3,'moreblocks:panel_copperblock','','','default:copperblock','moreblocks:panel_copperblock','','default:copperblock','default:copperblock','moreblocks:panel_copperblock'),
('moreblocks:slope_copperblock 7',3,'','','moreblocks:panel_copperblock','','moreblocks:panel_copperblock','default:copperblock','moreblocks:panel_copperblock','default:copperblock','default:copperblock'),
('moreblocks:slope_copperblock_half 10',3,'moreblocks:panel_copperblock','','','default:copperblock','default:copperblock','moreblocks:panel_copperblock','','',''),
('moreblocks:slope_copperblock_half 10',3,'','','moreblocks:panel_copperblock','moreblocks:panel_copperblock','default:copperblock','default:copperblock','','',''),
('moreblocks:slope_copperblock_half_raised 7',3,'moreblocks:panel_copperblock','','','default:copperblock','default:copperblock','moreblocks:panel_copperblock','default:copperblock','default:copperblock','default:copperblock'),
('moreblocks:slope_copperblock_half_raised 7',3,'','','moreblocks:panel_copperblock','moreblocks:panel_copperblock','default:copperblock','default:copperblock','default:copperblock','default:copperblock','default:copperblock'),
('moreblocks:slope_copperblock_inner 7',3,'moreblocks:stair_copperblock_half','','','default:copperblock','moreblocks:stair_copperblock_half','','default:copperblock','default:copperblock','moreblocks:stair_copperblock_half'),
('moreblocks:slope_copperblock_inner 7',3,'','','moreblocks:stair_copperblock_half','','moreblocks:stair_copperblock_half','default:copperblock','moreblocks:stair_copperblock_half','default:copperblock','default:copperblock'),
('moreblocks:slope_copperblock_inner_half 10',3,'moreblocks:stair_copperblock_half','','','default:copperblock','default:copperblock','moreblocks:stair_copperblock_half','','',''),
('moreblocks:slope_copperblock_inner_half 10',3,'','','moreblocks:stair_copperblock_half','moreblocks:stair_copperblock_half','default:copperblock','default:copperblock','','',''),
('moreblocks:slope_copperblock_inner_half_raised 7',3,'moreblocks:stair_copperblock_half','','','default:copperblock','default:copperblock','moreblocks:stair_copperblock_half','default:copperblock','default:copperblock','default:copperblock'),
('moreblocks:slope_copperblock_inner_half_raised 7',3,'','','moreblocks:stair_copperblock_half','moreblocks:stair_copperblock_half','default:copperblock','default:copperblock','default:copperblock','default:copperblock','default:copperblock'),
('moreblocks:slope_copperblock_outer 7',3,'moreblocks:micro_copperblock','','','default:copperblock','moreblocks:micro_copperblock','','default:copperblock','default:copperblock','moreblocks:micro_copperblock'),
('moreblocks:slope_copperblock_outer 7',3,'','','moreblocks:micro_copperblock','','moreblocks:micro_copperblock','default:copperblock','moreblocks:micro_copperblock','default:copperblock','default:copperblock'),
('moreblocks:slope_copperblock_outer_half 10',3,'moreblocks:micro_copperblock','','','default:copperblock','default:copperblock','moreblocks:micro_copperblock','','',''),
('moreblocks:slope_copperblock_outer_half 10',3,'','','moreblocks:micro_copperblock','moreblocks:micro_copperblock','default:copperblock','default:copperblock','','',''),
('moreblocks:slope_copperblock_outer_half_raised 7',3,'moreblocks:micro_copperblock','','','default:copperblock','default:copperblock','moreblocks:micro_copperblock','default:copperblock','default:copperblock','default:copperblock'),
('moreblocks:slope_copperblock_outer_half_raised 7',3,'','','moreblocks:micro_copperblock','moreblocks:micro_copperblock','default:copperblock','default:copperblock','default:copperblock','default:copperblock','default:copperblock'),
('moreblocks:panel_copperblock 12',2,'default:copperblock','','default:copperblock','default:copperblock','','','','',''),
('moreblocks:panel_copperblock 12',2,'','default:copperblock','default:copperblock','default:copperblock','','','','',''),
('moreblocks:stair_bronzeblock 8',3,'default:bronzeblock','','','default:bronzeblock','default:bronzeblock','','default:bronzeblock','default:bronzeblock','default:bronzeblock'),
('moreblocks:stair_bronzeblock 8',3,'','','default:bronzeblock','','default:bronzeblock','default:bronzeblock','default:bronzeblock','default:bronzeblock','default:bronzeblock'),
('moreblocks:stair_bronzeblock_alt',2,'moreblocks:panel_bronzeblock','','','moreblocks:panel_bronzeblock','','','','',''),
('moreblocks:stair_bronzeblock_alt',2,'','moreblocks:panel_bronzeblock','moreblocks:panel_bronzeblock','','','','','',''),
('moreblocks:slab_bronzeblock 6',3,'default:bronzeblock','default:bronzeblock','default:bronzeblock','','','','','',''),
('moreblocks:slab_bronzeblock',2,'moreblocks:panel_bronzeblock','moreblocks:panel_bronzeblock','','','','','','',''),
('moreblocks:slab_bronzeblock',1,'moreblocks:panel_bronzeblock','moreblocks:panel_bronzeblock','','','','','','',''),
('moreblocks:slope_bronzeblock 7',3,'moreblocks:panel_bronzeblock','','','default:bronzeblock','moreblocks:panel_bronzeblock','','default:bronzeblock','default:bronzeblock','moreblocks:panel_bronzeblock'),
('moreblocks:slope_bronzeblock 7',3,'','','moreblocks:panel_bronzeblock','','moreblocks:panel_bronzeblock','default:bronzeblock','moreblocks:panel_bronzeblock','default:bronzeblock','default:bronzeblock'),
('moreblocks:slope_bronzeblock_half 10',3,'moreblocks:panel_bronzeblock','','','default:bronzeblock','default:bronzeblock','moreblocks:panel_bronzeblock','','',''),
('moreblocks:slope_bronzeblock_half 10',3,'','','moreblocks:panel_bronzeblock','moreblocks:panel_bronzeblock','default:bronzeblock','default:bronzeblock','','',''),
('moreblocks:slope_bronzeblock_half_raised 7',3,'moreblocks:panel_bronzeblock','','','default:bronzeblock','default:bronzeblock','moreblocks:panel_bronzeblock','default:bronzeblock','default:bronzeblock','default:bronzeblock'),
('moreblocks:slope_bronzeblock_half_raised 7',3,'','','moreblocks:panel_bronzeblock','moreblocks:panel_bronzeblock','default:bronzeblock','default:bronzeblock','default:bronzeblock','default:bronzeblock','default:bronzeblock'),
('moreblocks:slope_bronzeblock_inner 7',3,'moreblocks:stair_bronzeblock_half','','','default:bronzeblock','moreblocks:stair_bronzeblock_half','','default:bronzeblock','default:bronzeblock','moreblocks:stair_bronzeblock_half'),
('moreblocks:slope_bronzeblock_inner 7',3,'','','moreblocks:stair_bronzeblock_half','','moreblocks:stair_bronzeblock_half','default:bronzeblock','moreblocks:stair_bronzeblock_half','default:bronzeblock','default:bronzeblock'),
('moreblocks:slope_bronzeblock_inner_half 10',3,'moreblocks:stair_bronzeblock_half','','','default:bronzeblock','default:bronzeblock','moreblocks:stair_bronzeblock_half','','',''),
('moreblocks:slope_bronzeblock_inner_half 10',3,'','','moreblocks:stair_bronzeblock_half','moreblocks:stair_bronzeblock_half','default:bronzeblock','default:bronzeblock','','',''),
('moreblocks:slope_bronzeblock_inner_half_raised 7',3,'moreblocks:stair_bronzeblock_half','','','default:bronzeblock','default:bronzeblock','moreblocks:stair_bronzeblock_half','default:bronzeblock','default:bronzeblock','default:bronzeblock'),
('moreblocks:slope_bronzeblock_inner_half_raised 7',3,'','','moreblocks:stair_bronzeblock_half','moreblocks:stair_bronzeblock_half','default:bronzeblock','default:bronzeblock','default:bronzeblock','default:bronzeblock','default:bronzeblock'),
('moreblocks:slope_bronzeblock_outer 7',3,'moreblocks:micro_bronzeblock','','','default:bronzeblock','moreblocks:micro_bronzeblock','','default:bronzeblock','default:bronzeblock','moreblocks:micro_bronzeblock'),
('moreblocks:slope_bronzeblock_outer 7',3,'','','moreblocks:micro_bronzeblock','','moreblocks:micro_bronzeblock','default:bronzeblock','moreblocks:micro_bronzeblock','default:bronzeblock','default:bronzeblock'),
('moreblocks:slope_bronzeblock_outer_half 10',3,'moreblocks:micro_bronzeblock','','','default:bronzeblock','default:bronzeblock','moreblocks:micro_bronzeblock','','',''),
('moreblocks:slope_bronzeblock_outer_half 10',3,'','','moreblocks:micro_bronzeblock','moreblocks:micro_bronzeblock','default:bronzeblock','default:bronzeblock','','',''),
('moreblocks:slope_bronzeblock_outer_half_raised 7',3,'moreblocks:micro_bronzeblock','','','default:bronzeblock','default:bronzeblock','moreblocks:micro_bronzeblock','default:bronzeblock','default:bronzeblock','default:bronzeblock'),
('moreblocks:slope_bronzeblock_outer_half_raised 7',3,'','','moreblocks:micro_bronzeblock','moreblocks:micro_bronzeblock','default:bronzeblock','default:bronzeblock','default:bronzeblock','default:bronzeblock','default:bronzeblock'),
('moreblocks:panel_bronzeblock 12',2,'default:bronzeblock','','default:bronzeblock','default:bronzeblock','','','','',''),
('moreblocks:panel_bronzeblock 12',2,'','default:bronzeblock','default:bronzeblock','default:bronzeblock','','','','',''),
('moreblocks:stair_diamondblock 8',3,'default:diamondblock','','','default:diamondblock','default:diamondblock','','default:diamondblock','default:diamondblock','default:diamondblock'),
('moreblocks:stair_diamondblock 8',3,'','','default:diamondblock','','default:diamondblock','default:diamondblock','default:diamondblock','default:diamondblock','default:diamondblock'),
('moreblocks:stair_diamondblock_alt',2,'moreblocks:panel_diamondblock','','','moreblocks:panel_diamondblock','','','','',''),
('moreblocks:stair_diamondblock_alt',2,'','moreblocks:panel_diamondblock','moreblocks:panel_diamondblock','','','','','',''),
('moreblocks:slab_diamondblock 6',3,'default:diamondblock','default:diamondblock','default:diamondblock','','','','','',''),
('moreblocks:slab_diamondblock',2,'moreblocks:panel_diamondblock','moreblocks:panel_diamondblock','','','','','','',''),
('moreblocks:slab_diamondblock',1,'moreblocks:panel_diamondblock','moreblocks:panel_diamondblock','','','','','','',''),
('moreblocks:slope_diamondblock 7',3,'moreblocks:panel_diamondblock','','','default:diamondblock','moreblocks:panel_diamondblock','','default:diamondblock','default:diamondblock','moreblocks:panel_diamondblock'),
('moreblocks:slope_diamondblock 7',3,'','','moreblocks:panel_diamondblock','','moreblocks:panel_diamondblock','default:diamondblock','moreblocks:panel_diamondblock','default:diamondblock','default:diamondblock'),
('moreblocks:slope_diamondblock_half 10',3,'moreblocks:panel_diamondblock','','','default:diamondblock','default:diamondblock','moreblocks:panel_diamondblock','','',''),
('moreblocks:slope_diamondblock_half 10',3,'','','moreblocks:panel_diamondblock','moreblocks:panel_diamondblock','default:diamondblock','default:diamondblock','','',''),
('moreblocks:slope_diamondblock_half_raised 7',3,'moreblocks:panel_diamondblock','','','default:diamondblock','default:diamondblock','moreblocks:panel_diamondblock','default:diamondblock','default:diamondblock','default:diamondblock'),
('moreblocks:slope_diamondblock_half_raised 7',3,'','','moreblocks:panel_diamondblock','moreblocks:panel_diamondblock','default:diamondblock','default:diamondblock','default:diamondblock','default:diamondblock','default:diamondblock'),
('moreblocks:slope_diamondblock_inner 7',3,'moreblocks:stair_diamondblock_half','','','default:diamondblock','moreblocks:stair_diamondblock_half','','default:diamondblock','default:diamondblock','moreblocks:stair_diamondblock_half'),
('moreblocks:slope_diamondblock_inner 7',3,'','','moreblocks:stair_diamondblock_half','','moreblocks:stair_diamondblock_half','default:diamondblock','moreblocks:stair_diamondblock_half','default:diamondblock','default:diamondblock'),
('moreblocks:slope_diamondblock_inner_half 10',3,'moreblocks:stair_diamondblock_half','','','default:diamondblock','default:diamondblock','moreblocks:stair_diamondblock_half','','',''),
('moreblocks:slope_diamondblock_inner_half 10',3,'','','moreblocks:stair_diamondblock_half','moreblocks:stair_diamondblock_half','default:diamondblock','default:diamondblock','','',''),
('moreblocks:slope_diamondblock_inner_half_raised 7',3,'moreblocks:stair_diamondblock_half','','','default:diamondblock','default:diamondblock','moreblocks:stair_diamondblock_half','default:diamondblock','default:diamondblock','default:diamondblock'),
('moreblocks:slope_diamondblock_inner_half_raised 7',3,'','','moreblocks:stair_diamondblock_half','moreblocks:stair_diamondblock_half','default:diamondblock','default:diamondblock','default:diamondblock','default:diamondblock','default:diamondblock'),
('moreblocks:slope_diamondblock_outer 7',3,'moreblocks:micro_diamondblock','','','default:diamondblock','moreblocks:micro_diamondblock','','default:diamondblock','default:diamondblock','moreblocks:micro_diamondblock'),
('moreblocks:slope_diamondblock_outer 7',3,'','','moreblocks:micro_diamondblock','','moreblocks:micro_diamondblock','default:diamondblock','moreblocks:micro_diamondblock','default:diamondblock','default:diamondblock'),
('moreblocks:slope_diamondblock_outer_half 10',3,'moreblocks:micro_diamondblock','','','default:diamondblock','default:diamondblock','moreblocks:micro_diamondblock','','',''),
('moreblocks:slope_diamondblock_outer_half 10',3,'','','moreblocks:micro_diamondblock','moreblocks:micro_diamondblock','default:diamondblock','default:diamondblock','','',''),
('moreblocks:slope_diamondblock_outer_half_raised 7',3,'moreblocks:micro_diamondblock','','','default:diamondblock','default:diamondblock','moreblocks:micro_diamondblock','default:diamondblock','default:diamondblock','default:diamondblock'),
('moreblocks:slope_diamondblock_outer_half_raised 7',3,'','','moreblocks:micro_diamondblock','moreblocks:micro_diamondblock','default:diamondblock','default:diamondblock','default:diamondblock','default:diamondblock','default:diamondblock'),
('moreblocks:panel_diamondblock 12',2,'default:diamondblock','','default:diamondblock','default:diamondblock','','','','',''),
('moreblocks:panel_diamondblock 12',2,'','default:diamondblock','default:diamondblock','default:diamondblock','','','','',''),
('moreblocks:stair_desert_stone 8',3,'default:desert_stone','','','default:desert_stone','default:desert_stone','','default:desert_stone','default:desert_stone','default:desert_stone'),
('moreblocks:stair_desert_stone 8',3,'','','default:desert_stone','','default:desert_stone','default:desert_stone','default:desert_stone','default:desert_stone','default:desert_stone'),
('moreblocks:stair_desert_stone_alt',2,'moreblocks:panel_desert_stone','','','moreblocks:panel_desert_stone','','','','',''),
('moreblocks:stair_desert_stone_alt',2,'','moreblocks:panel_desert_stone','moreblocks:panel_desert_stone','','','','','',''),
('moreblocks:slab_desert_stone 6',3,'default:desert_stone','default:desert_stone','default:desert_stone','','','','','',''),
('moreblocks:slab_desert_stone',2,'moreblocks:panel_desert_stone','moreblocks:panel_desert_stone','','','','','','',''),
('moreblocks:slab_desert_stone',1,'moreblocks:panel_desert_stone','moreblocks:panel_desert_stone','','','','','','',''),
('moreblocks:slope_desert_stone 7',3,'moreblocks:panel_desert_stone','','','default:desert_stone','moreblocks:panel_desert_stone','','default:desert_stone','default:desert_stone','moreblocks:panel_desert_stone'),
('moreblocks:slope_desert_stone 7',3,'','','moreblocks:panel_desert_stone','','moreblocks:panel_desert_stone','default:desert_stone','moreblocks:panel_desert_stone','default:desert_stone','default:desert_stone'),
('moreblocks:slope_desert_stone_half 10',3,'moreblocks:panel_desert_stone','','','default:desert_stone','default:desert_stone','moreblocks:panel_desert_stone','','',''),
('moreblocks:slope_desert_stone_half 10',3,'','','moreblocks:panel_desert_stone','moreblocks:panel_desert_stone','default:desert_stone','default:desert_stone','','',''),
('moreblocks:slope_desert_stone_half_raised 7',3,'moreblocks:panel_desert_stone','','','default:desert_stone','default:desert_stone','moreblocks:panel_desert_stone','default:desert_stone','default:desert_stone','default:desert_stone'),
('moreblocks:slope_desert_stone_half_raised 7',3,'','','moreblocks:panel_desert_stone','moreblocks:panel_desert_stone','default:desert_stone','default:desert_stone','default:desert_stone','default:desert_stone','default:desert_stone'),
('moreblocks:slope_desert_stone_inner 7',3,'moreblocks:stair_desert_stone_half','','','default:desert_stone','moreblocks:stair_desert_stone_half','','default:desert_stone','default:desert_stone','moreblocks:stair_desert_stone_half'),
('moreblocks:slope_desert_stone_inner 7',3,'','','moreblocks:stair_desert_stone_half','','moreblocks:stair_desert_stone_half','default:desert_stone','moreblocks:stair_desert_stone_half','default:desert_stone','default:desert_stone'),
('moreblocks:slope_desert_stone_inner_half 10',3,'moreblocks:stair_desert_stone_half','','','default:desert_stone','default:desert_stone','moreblocks:stair_desert_stone_half','','',''),
('moreblocks:slope_desert_stone_inner_half 10',3,'','','moreblocks:stair_desert_stone_half','moreblocks:stair_desert_stone_half','default:desert_stone','default:desert_stone','','',''),
('moreblocks:slope_desert_stone_inner_half_raised 7',3,'moreblocks:stair_desert_stone_half','','','default:desert_stone','default:desert_stone','moreblocks:stair_desert_stone_half','default:desert_stone','default:desert_stone','default:desert_stone'),
('moreblocks:slope_desert_stone_inner_half_raised 7',3,'','','moreblocks:stair_desert_stone_half','moreblocks:stair_desert_stone_half','default:desert_stone','default:desert_stone','default:desert_stone','default:desert_stone','default:desert_stone'),
('moreblocks:slope_desert_stone_outer 7',3,'moreblocks:micro_desert_stone','','','default:desert_stone','moreblocks:micro_desert_stone','','default:desert_stone','default:desert_stone','moreblocks:micro_desert_stone'),
('moreblocks:slope_desert_stone_outer 7',3,'','','moreblocks:micro_desert_stone','','moreblocks:micro_desert_stone','default:desert_stone','moreblocks:micro_desert_stone','default:desert_stone','default:desert_stone'),
('moreblocks:slope_desert_stone_outer_half 10',3,'moreblocks:micro_desert_stone','','','default:desert_stone','default:desert_stone','moreblocks:micro_desert_stone','','',''),
('moreblocks:slope_desert_stone_outer_half 10',3,'','','moreblocks:micro_desert_stone','moreblocks:micro_desert_stone','default:desert_stone','default:desert_stone','','',''),
('moreblocks:slope_desert_stone_outer_half_raised 7',3,'moreblocks:micro_desert_stone','','','default:desert_stone','default:desert_stone','moreblocks:micro_desert_stone','default:desert_stone','default:desert_stone','default:desert_stone'),
('moreblocks:slope_desert_stone_outer_half_raised 7',3,'','','moreblocks:micro_desert_stone','moreblocks:micro_desert_stone','default:desert_stone','default:desert_stone','default:desert_stone','default:desert_stone','default:desert_stone'),
('moreblocks:panel_desert_stone 12',2,'default:desert_stone','','default:desert_stone','default:desert_stone','','','','',''),
('moreblocks:panel_desert_stone 12',2,'','default:desert_stone','default:desert_stone','default:desert_stone','','','','',''),
('moreblocks:stair_desert_cobble 8',3,'default:desert_cobble','','','default:desert_cobble','default:desert_cobble','','default:desert_cobble','default:desert_cobble','default:desert_cobble'),
('moreblocks:stair_desert_cobble 8',3,'','','default:desert_cobble','','default:desert_cobble','default:desert_cobble','default:desert_cobble','default:desert_cobble','default:desert_cobble'),
('moreblocks:stair_desert_cobble_alt',2,'moreblocks:panel_desert_cobble','','','moreblocks:panel_desert_cobble','','','','',''),
('moreblocks:stair_desert_cobble_alt',2,'','moreblocks:panel_desert_cobble','moreblocks:panel_desert_cobble','','','','','',''),
('moreblocks:slab_desert_cobble 6',3,'default:desert_cobble','default:desert_cobble','default:desert_cobble','','','','','',''),
('moreblocks:slab_desert_cobble',2,'moreblocks:panel_desert_cobble','moreblocks:panel_desert_cobble','','','','','','',''),
('moreblocks:slab_desert_cobble',1,'moreblocks:panel_desert_cobble','moreblocks:panel_desert_cobble','','','','','','',''),
('moreblocks:slope_desert_cobble 7',3,'moreblocks:panel_desert_cobble','','','default:desert_cobble','moreblocks:panel_desert_cobble','','default:desert_cobble','default:desert_cobble','moreblocks:panel_desert_cobble'),
('moreblocks:slope_desert_cobble 7',3,'','','moreblocks:panel_desert_cobble','','moreblocks:panel_desert_cobble','default:desert_cobble','moreblocks:panel_desert_cobble','default:desert_cobble','default:desert_cobble'),
('moreblocks:slope_desert_cobble_half 10',3,'moreblocks:panel_desert_cobble','','','default:desert_cobble','default:desert_cobble','moreblocks:panel_desert_cobble','','',''),
('moreblocks:slope_desert_cobble_half 10',3,'','','moreblocks:panel_desert_cobble','moreblocks:panel_desert_cobble','default:desert_cobble','default:desert_cobble','','',''),
('moreblocks:slope_desert_cobble_half_raised 7',3,'moreblocks:panel_desert_cobble','','','default:desert_cobble','default:desert_cobble','moreblocks:panel_desert_cobble','default:desert_cobble','default:desert_cobble','default:desert_cobble'),
('moreblocks:slope_desert_cobble_half_raised 7',3,'','','moreblocks:panel_desert_cobble','moreblocks:panel_desert_cobble','default:desert_cobble','default:desert_cobble','default:desert_cobble','default:desert_cobble','default:desert_cobble'),
('moreblocks:slope_desert_cobble_inner 7',3,'moreblocks:stair_desert_cobble_half','','','default:desert_cobble','moreblocks:stair_desert_cobble_half','','default:desert_cobble','default:desert_cobble','moreblocks:stair_desert_cobble_half'),
('moreblocks:slope_desert_cobble_inner 7',3,'','','moreblocks:stair_desert_cobble_half','','moreblocks:stair_desert_cobble_half','default:desert_cobble','moreblocks:stair_desert_cobble_half','default:desert_cobble','default:desert_cobble'),
('moreblocks:slope_desert_cobble_inner_half 10',3,'moreblocks:stair_desert_cobble_half','','','default:desert_cobble','default:desert_cobble','moreblocks:stair_desert_cobble_half','','',''),
('moreblocks:slope_desert_cobble_inner_half 10',3,'','','moreblocks:stair_desert_cobble_half','moreblocks:stair_desert_cobble_half','default:desert_cobble','default:desert_cobble','','',''),
('moreblocks:slope_desert_cobble_inner_half_raised 7',3,'moreblocks:stair_desert_cobble_half','','','default:desert_cobble','default:desert_cobble','moreblocks:stair_desert_cobble_half','default:desert_cobble','default:desert_cobble','default:desert_cobble'),
('moreblocks:slope_desert_cobble_inner_half_raised 7',3,'','','moreblocks:stair_desert_cobble_half','moreblocks:stair_desert_cobble_half','default:desert_cobble','default:desert_cobble','default:desert_cobble','default:desert_cobble','default:desert_cobble'),
('moreblocks:slope_desert_cobble_outer 7',3,'moreblocks:micro_desert_cobble','','','default:desert_cobble','moreblocks:micro_desert_cobble','','default:desert_cobble','default:desert_cobble','moreblocks:micro_desert_cobble'),
('moreblocks:slope_desert_cobble_outer 7',3,'','','moreblocks:micro_desert_cobble','','moreblocks:micro_desert_cobble','default:desert_cobble','moreblocks:micro_desert_cobble','default:desert_cobble','default:desert_cobble'),
('moreblocks:slope_desert_cobble_outer_half 10',3,'moreblocks:micro_desert_cobble','','','default:desert_cobble','default:desert_cobble','moreblocks:micro_desert_cobble','','',''),
('moreblocks:slope_desert_cobble_outer_half 10',3,'','','moreblocks:micro_desert_cobble','moreblocks:micro_desert_cobble','default:desert_cobble','default:desert_cobble','','',''),
('moreblocks:slope_desert_cobble_outer_half_raised 7',3,'moreblocks:micro_desert_cobble','','','default:desert_cobble','default:desert_cobble','moreblocks:micro_desert_cobble','default:desert_cobble','default:desert_cobble','default:desert_cobble'),
('moreblocks:slope_desert_cobble_outer_half_raised 7',3,'','','moreblocks:micro_desert_cobble','moreblocks:micro_desert_cobble','default:desert_cobble','default:desert_cobble','default:desert_cobble','default:desert_cobble','default:desert_cobble'),
('moreblocks:panel_desert_cobble 12',2,'default:desert_cobble','','default:desert_cobble','default:desert_cobble','','','','',''),
('moreblocks:panel_desert_cobble 12',2,'','default:desert_cobble','default:desert_cobble','default:desert_cobble','','','','',''),
('moreblocks:stair_glass 8',3,'default:glass','','','default:glass','default:glass','','default:glass','default:glass','default:glass'),
('moreblocks:stair_glass 8',3,'','','default:glass','','default:glass','default:glass','default:glass','default:glass','default:glass'),
('moreblocks:stair_glass_alt',2,'moreblocks:panel_glass','','','moreblocks:panel_glass','','','','',''),
('moreblocks:stair_glass_alt',2,'','moreblocks:panel_glass','moreblocks:panel_glass','','','','','',''),
('moreblocks:slab_glass 6',3,'default:glass','default:glass','default:glass','','','','','',''),
('moreblocks:slab_glass',2,'moreblocks:panel_glass','moreblocks:panel_glass','','','','','','',''),
('moreblocks:slab_glass',1,'moreblocks:panel_glass','moreblocks:panel_glass','','','','','','',''),
('moreblocks:slope_glass 7',3,'moreblocks:panel_glass','','','default:glass','moreblocks:panel_glass','','default:glass','default:glass','moreblocks:panel_glass'),
('moreblocks:slope_glass 7',3,'','','moreblocks:panel_glass','','moreblocks:panel_glass','default:glass','moreblocks:panel_glass','default:glass','default:glass'),
('moreblocks:slope_glass_half 10',3,'moreblocks:panel_glass','','','default:glass','default:glass','moreblocks:panel_glass','','',''),
('moreblocks:slope_glass_half 10',3,'','','moreblocks:panel_glass','moreblocks:panel_glass','default:glass','default:glass','','',''),
('moreblocks:slope_glass_half_raised 7',3,'moreblocks:panel_glass','','','default:glass','default:glass','moreblocks:panel_glass','default:glass','default:glass','default:glass'),
('moreblocks:slope_glass_half_raised 7',3,'','','moreblocks:panel_glass','moreblocks:panel_glass','default:glass','default:glass','default:glass','default:glass','default:glass'),
('moreblocks:slope_glass_inner 7',3,'moreblocks:stair_glass_half','','','default:glass','moreblocks:stair_glass_half','','default:glass','default:glass','moreblocks:stair_glass_half'),
('moreblocks:slope_glass_inner 7',3,'','','moreblocks:stair_glass_half','','moreblocks:stair_glass_half','default:glass','moreblocks:stair_glass_half','default:glass','default:glass'),
('moreblocks:slope_glass_inner_half 10',3,'moreblocks:stair_glass_half','','','default:glass','default:glass','moreblocks:stair_glass_half','','',''),
('moreblocks:slope_glass_inner_half 10',3,'','','moreblocks:stair_glass_half','moreblocks:stair_glass_half','default:glass','default:glass','','',''),
('moreblocks:slope_glass_inner_half_raised 7',3,'moreblocks:stair_glass_half','','','default:glass','default:glass','moreblocks:stair_glass_half','default:glass','default:glass','default:glass'),
('moreblocks:slope_glass_inner_half_raised 7',3,'','','moreblocks:stair_glass_half','moreblocks:stair_glass_half','default:glass','default:glass','default:glass','default:glass','default:glass'),
('moreblocks:slope_glass_outer 7',3,'moreblocks:micro_glass','','','default:glass','moreblocks:micro_glass','','default:glass','default:glass','moreblocks:micro_glass'),
('moreblocks:slope_glass_outer 7',3,'','','moreblocks:micro_glass','','moreblocks:micro_glass','default:glass','moreblocks:micro_glass','default:glass','default:glass'),
('moreblocks:slope_glass_outer_half 10',3,'moreblocks:micro_glass','','','default:glass','default:glass','moreblocks:micro_glass','','',''),
('moreblocks:slope_glass_outer_half 10',3,'','','moreblocks:micro_glass','moreblocks:micro_glass','default:glass','default:glass','','',''),
('moreblocks:slope_glass_outer_half_raised 7',3,'moreblocks:micro_glass','','','default:glass','default:glass','moreblocks:micro_glass','default:glass','default:glass','default:glass'),
('moreblocks:slope_glass_outer_half_raised 7',3,'','','moreblocks:micro_glass','moreblocks:micro_glass','default:glass','default:glass','default:glass','default:glass','default:glass'),
('moreblocks:panel_glass 12',2,'default:glass','','default:glass','default:glass','','','','',''),
('moreblocks:panel_glass 12',2,'','default:glass','default:glass','default:glass','','','','',''),
('moreblocks:stair_tree 8',3,'default:tree','','','default:tree','default:tree','','default:tree','default:tree','default:tree'),
('moreblocks:stair_tree 8',3,'','','default:tree','','default:tree','default:tree','default:tree','default:tree','default:tree'),
('moreblocks:stair_tree_alt',2,'moreblocks:panel_tree','','','moreblocks:panel_tree','','','','',''),
('moreblocks:stair_tree_alt',2,'','moreblocks:panel_tree','moreblocks:panel_tree','','','','','',''),
('moreblocks:slab_tree 6',3,'default:tree','default:tree','default:tree','','','','','',''),
('moreblocks:slab_tree',2,'moreblocks:panel_tree','moreblocks:panel_tree','','','','','','',''),
('moreblocks:slab_tree',1,'moreblocks:panel_tree','moreblocks:panel_tree','','','','','','',''),
('moreblocks:slope_tree 7',3,'moreblocks:panel_tree','','','default:tree','moreblocks:panel_tree','','default:tree','default:tree','moreblocks:panel_tree'),
('moreblocks:slope_tree 7',3,'','','moreblocks:panel_tree','','moreblocks:panel_tree','default:tree','moreblocks:panel_tree','default:tree','default:tree'),
('moreblocks:slope_tree_half 10',3,'moreblocks:panel_tree','','','default:tree','default:tree','moreblocks:panel_tree','','',''),
('moreblocks:slope_tree_half 10',3,'','','moreblocks:panel_tree','moreblocks:panel_tree','default:tree','default:tree','','',''),
('moreblocks:slope_tree_half_raised 7',3,'moreblocks:panel_tree','','','default:tree','default:tree','moreblocks:panel_tree','default:tree','default:tree','default:tree'),
('moreblocks:slope_tree_half_raised 7',3,'','','moreblocks:panel_tree','moreblocks:panel_tree','default:tree','default:tree','default:tree','default:tree','default:tree'),
('moreblocks:slope_tree_inner 7',3,'moreblocks:stair_tree_half','','','default:tree','moreblocks:stair_tree_half','','default:tree','default:tree','moreblocks:stair_tree_half'),
('moreblocks:slope_tree_inner 7',3,'','','moreblocks:stair_tree_half','','moreblocks:stair_tree_half','default:tree','moreblocks:stair_tree_half','default:tree','default:tree'),
('moreblocks:slope_tree_inner_half 10',3,'moreblocks:stair_tree_half','','','default:tree','default:tree','moreblocks:stair_tree_half','','',''),
('moreblocks:slope_tree_inner_half 10',3,'','','moreblocks:stair_tree_half','moreblocks:stair_tree_half','default:tree','default:tree','','',''),
('moreblocks:slope_tree_inner_half_raised 7',3,'moreblocks:stair_tree_half','','','default:tree','default:tree','moreblocks:stair_tree_half','default:tree','default:tree','default:tree'),
('moreblocks:slope_tree_inner_half_raised 7',3,'','','moreblocks:stair_tree_half','moreblocks:stair_tree_half','default:tree','default:tree','default:tree','default:tree','default:tree'),
('moreblocks:slope_tree_outer 7',3,'moreblocks:micro_tree','','','default:tree','moreblocks:micro_tree','','default:tree','default:tree','moreblocks:micro_tree'),
('moreblocks:slope_tree_outer 7',3,'','','moreblocks:micro_tree','','moreblocks:micro_tree','default:tree','moreblocks:micro_tree','default:tree','default:tree'),
('moreblocks:slope_tree_outer_half 10',3,'moreblocks:micro_tree','','','default:tree','default:tree','moreblocks:micro_tree','','',''),
('moreblocks:slope_tree_outer_half 10',3,'','','moreblocks:micro_tree','moreblocks:micro_tree','default:tree','default:tree','','',''),
('moreblocks:slope_tree_outer_half_raised 7',3,'moreblocks:micro_tree','','','default:tree','default:tree','moreblocks:micro_tree','default:tree','default:tree','default:tree'),
('moreblocks:slope_tree_outer_half_raised 7',3,'','','moreblocks:micro_tree','moreblocks:micro_tree','default:tree','default:tree','default:tree','default:tree','default:tree'),
('moreblocks:panel_tree 12',2,'default:tree','','default:tree','default:tree','','','','',''),
('moreblocks:panel_tree 12',2,'','default:tree','default:tree','default:tree','','','','',''),
('moreblocks:stair_wood 8',3,'default:wood','','','default:wood','default:wood','','default:wood','default:wood','default:wood'),
('moreblocks:stair_wood 8',3,'','','default:wood','','default:wood','default:wood','default:wood','default:wood','default:wood'),
('moreblocks:stair_wood_alt',2,'moreblocks:panel_wood','','','moreblocks:panel_wood','','','','',''),
('moreblocks:stair_wood_alt',2,'','moreblocks:panel_wood','moreblocks:panel_wood','','','','','',''),
('moreblocks:slab_wood 6',3,'default:wood','default:wood','default:wood','','','','','',''),
('moreblocks:slab_wood',2,'moreblocks:panel_wood','moreblocks:panel_wood','','','','','','',''),
('moreblocks:slab_wood',1,'moreblocks:panel_wood','moreblocks:panel_wood','','','','','','',''),
('moreblocks:slope_wood 7',3,'moreblocks:panel_wood','','','default:wood','moreblocks:panel_wood','','default:wood','default:wood','moreblocks:panel_wood'),
('moreblocks:slope_wood 7',3,'','','moreblocks:panel_wood','','moreblocks:panel_wood','default:wood','moreblocks:panel_wood','default:wood','default:wood'),
('moreblocks:slope_wood_half 10',3,'moreblocks:panel_wood','','','default:wood','default:wood','moreblocks:panel_wood','','',''),
('moreblocks:slope_wood_half 10',3,'','','moreblocks:panel_wood','moreblocks:panel_wood','default:wood','default:wood','','',''),
('moreblocks:slope_wood_half_raised 7',3,'moreblocks:panel_wood','','','default:wood','default:wood','moreblocks:panel_wood','default:wood','default:wood','default:wood'),
('moreblocks:slope_wood_half_raised 7',3,'','','moreblocks:panel_wood','moreblocks:panel_wood','default:wood','default:wood','default:wood','default:wood','default:wood'),
('moreblocks:slope_wood_inner 7',3,'moreblocks:stair_wood_half','','','default:wood','moreblocks:stair_wood_half','','default:wood','default:wood','moreblocks:stair_wood_half'),
('moreblocks:slope_wood_inner 7',3,'','','moreblocks:stair_wood_half','','moreblocks:stair_wood_half','default:wood','moreblocks:stair_wood_half','default:wood','default:wood'),
('moreblocks:slope_wood_inner_half 10',3,'moreblocks:stair_wood_half','','','default:wood','default:wood','moreblocks:stair_wood_half','','',''),
('moreblocks:slope_wood_inner_half 10',3,'','','moreblocks:stair_wood_half','moreblocks:stair_wood_half','default:wood','default:wood','','',''),
('moreblocks:slope_wood_inner_half_raised 7',3,'moreblocks:stair_wood_half','','','default:wood','default:wood','moreblocks:stair_wood_half','default:wood','default:wood','default:wood'),
('moreblocks:slope_wood_inner_half_raised 7',3,'','','moreblocks:stair_wood_half','moreblocks:stair_wood_half','default:wood','default:wood','default:wood','default:wood','default:wood'),
('moreblocks:slope_wood_outer 7',3,'moreblocks:micro_wood','','','default:wood','moreblocks:micro_wood','','default:wood','default:wood','moreblocks:micro_wood'),
('moreblocks:slope_wood_outer 7',3,'','','moreblocks:micro_wood','','moreblocks:micro_wood','default:wood','moreblocks:micro_wood','default:wood','default:wood'),
('moreblocks:slope_wood_outer_half 10',3,'moreblocks:micro_wood','','','default:wood','default:wood','moreblocks:micro_wood','','',''),
('moreblocks:slope_wood_outer_half 10',3,'','','moreblocks:micro_wood','moreblocks:micro_wood','default:wood','default:wood','','',''),
('moreblocks:slope_wood_outer_half_raised 7',3,'moreblocks:micro_wood','','','default:wood','default:wood','moreblocks:micro_wood','default:wood','default:wood','default:wood'),
('moreblocks:slope_wood_outer_half_raised 7',3,'','','moreblocks:micro_wood','moreblocks:micro_wood','default:wood','default:wood','default:wood','default:wood','default:wood'),
('moreblocks:panel_wood 12',2,'default:wood','','default:wood','default:wood','','','','',''),
('moreblocks:panel_wood 12',2,'','default:wood','default:wood','default:wood','','','','',''),
('moreblocks:stair_jungletree 8',3,'default:jungletree','','','default:jungletree','default:jungletree','','default:jungletree','default:jungletree','default:jungletree'),
('moreblocks:stair_jungletree 8',3,'','','default:jungletree','','default:jungletree','default:jungletree','default:jungletree','default:jungletree','default:jungletree'),
('moreblocks:stair_jungletree_alt',2,'moreblocks:panel_jungletree','','','moreblocks:panel_jungletree','','','','',''),
('moreblocks:stair_jungletree_alt',2,'','moreblocks:panel_jungletree','moreblocks:panel_jungletree','','','','','',''),
('moreblocks:slab_jungletree 6',3,'default:jungletree','default:jungletree','default:jungletree','','','','','',''),
('moreblocks:slab_jungletree',2,'moreblocks:panel_jungletree','moreblocks:panel_jungletree','','','','','','',''),
('moreblocks:slab_jungletree',1,'moreblocks:panel_jungletree','moreblocks:panel_jungletree','','','','','','',''),
('moreblocks:slope_jungletree 7',3,'moreblocks:panel_jungletree','','','default:jungletree','moreblocks:panel_jungletree','','default:jungletree','default:jungletree','moreblocks:panel_jungletree'),
('moreblocks:slope_jungletree 7',3,'','','moreblocks:panel_jungletree','','moreblocks:panel_jungletree','default:jungletree','moreblocks:panel_jungletree','default:jungletree','default:jungletree'),
('moreblocks:slope_jungletree_half 10',3,'moreblocks:panel_jungletree','','','default:jungletree','default:jungletree','moreblocks:panel_jungletree','','',''),
('moreblocks:slope_jungletree_half 10',3,'','','moreblocks:panel_jungletree','moreblocks:panel_jungletree','default:jungletree','default:jungletree','','',''),
('moreblocks:slope_jungletree_half_raised 7',3,'moreblocks:panel_jungletree','','','default:jungletree','default:jungletree','moreblocks:panel_jungletree','default:jungletree','default:jungletree','default:jungletree'),
('moreblocks:slope_jungletree_half_raised 7',3,'','','moreblocks:panel_jungletree','moreblocks:panel_jungletree','default:jungletree','default:jungletree','default:jungletree','default:jungletree','default:jungletree'),
('moreblocks:slope_jungletree_inner 7',3,'moreblocks:stair_jungletree_half','','','default:jungletree','moreblocks:stair_jungletree_half','','default:jungletree','default:jungletree','moreblocks:stair_jungletree_half'),
('moreblocks:slope_jungletree_inner 7',3,'','','moreblocks:stair_jungletree_half','','moreblocks:stair_jungletree_half','default:jungletree','moreblocks:stair_jungletree_half','default:jungletree','default:jungletree'),
('moreblocks:slope_jungletree_inner_half 10',3,'moreblocks:stair_jungletree_half','','','default:jungletree','default:jungletree','moreblocks:stair_jungletree_half','','',''),
('moreblocks:slope_jungletree_inner_half 10',3,'','','moreblocks:stair_jungletree_half','moreblocks:stair_jungletree_half','default:jungletree','default:jungletree','','',''),
('moreblocks:slope_jungletree_inner_half_raised 7',3,'moreblocks:stair_jungletree_half','','','default:jungletree','default:jungletree','moreblocks:stair_jungletree_half','default:jungletree','default:jungletree','default:jungletree'),
('moreblocks:slope_jungletree_inner_half_raised 7',3,'','','moreblocks:stair_jungletree_half','moreblocks:stair_jungletree_half','default:jungletree','default:jungletree','default:jungletree','default:jungletree','default:jungletree'),
('moreblocks:slope_jungletree_outer 7',3,'moreblocks:micro_jungletree','','','default:jungletree','moreblocks:micro_jungletree','','default:jungletree','default:jungletree','moreblocks:micro_jungletree'),
('moreblocks:slope_jungletree_outer 7',3,'','','moreblocks:micro_jungletree','','moreblocks:micro_jungletree','default:jungletree','moreblocks:micro_jungletree','default:jungletree','default:jungletree'),
('moreblocks:slope_jungletree_outer_half 10',3,'moreblocks:micro_jungletree','','','default:jungletree','default:jungletree','moreblocks:micro_jungletree','','',''),
('moreblocks:slope_jungletree_outer_half 10',3,'','','moreblocks:micro_jungletree','moreblocks:micro_jungletree','default:jungletree','default:jungletree','','',''),
('moreblocks:slope_jungletree_outer_half_raised 7',3,'moreblocks:micro_jungletree','','','default:jungletree','default:jungletree','moreblocks:micro_jungletree','default:jungletree','default:jungletree','default:jungletree'),
('moreblocks:slope_jungletree_outer_half_raised 7',3,'','','moreblocks:micro_jungletree','moreblocks:micro_jungletree','default:jungletree','default:jungletree','default:jungletree','default:jungletree','default:jungletree'),
('moreblocks:panel_jungletree 12',2,'default:jungletree','','default:jungletree','default:jungletree','','','','',''),
('moreblocks:panel_jungletree 12',2,'','default:jungletree','default:jungletree','default:jungletree','','','','',''),
('moreblocks:stair_junglewood 8',3,'default:junglewood','','','default:junglewood','default:junglewood','','default:junglewood','default:junglewood','default:junglewood'),
('moreblocks:stair_junglewood 8',3,'','','default:junglewood','','default:junglewood','default:junglewood','default:junglewood','default:junglewood','default:junglewood'),
('moreblocks:stair_junglewood_alt',2,'moreblocks:panel_junglewood','','','moreblocks:panel_junglewood','','','','',''),
('moreblocks:stair_junglewood_alt',2,'','moreblocks:panel_junglewood','moreblocks:panel_junglewood','','','','','',''),
('moreblocks:slab_junglewood 6',3,'default:junglewood','default:junglewood','default:junglewood','','','','','',''),
('moreblocks:slab_junglewood',2,'moreblocks:panel_junglewood','moreblocks:panel_junglewood','','','','','','',''),
('moreblocks:slab_junglewood',1,'moreblocks:panel_junglewood','moreblocks:panel_junglewood','','','','','','',''),
('moreblocks:slope_junglewood 7',3,'moreblocks:panel_junglewood','','','default:junglewood','moreblocks:panel_junglewood','','default:junglewood','default:junglewood','moreblocks:panel_junglewood'),
('moreblocks:slope_junglewood 7',3,'','','moreblocks:panel_junglewood','','moreblocks:panel_junglewood','default:junglewood','moreblocks:panel_junglewood','default:junglewood','default:junglewood'),
('moreblocks:slope_junglewood_half 10',3,'moreblocks:panel_junglewood','','','default:junglewood','default:junglewood','moreblocks:panel_junglewood','','',''),
('moreblocks:slope_junglewood_half 10',3,'','','moreblocks:panel_junglewood','moreblocks:panel_junglewood','default:junglewood','default:junglewood','','',''),
('moreblocks:slope_junglewood_half_raised 7',3,'moreblocks:panel_junglewood','','','default:junglewood','default:junglewood','moreblocks:panel_junglewood','default:junglewood','default:junglewood','default:junglewood'),
('moreblocks:slope_junglewood_half_raised 7',3,'','','moreblocks:panel_junglewood','moreblocks:panel_junglewood','default:junglewood','default:junglewood','default:junglewood','default:junglewood','default:junglewood'),
('moreblocks:slope_junglewood_inner 7',3,'moreblocks:stair_junglewood_half','','','default:junglewood','moreblocks:stair_junglewood_half','','default:junglewood','default:junglewood','moreblocks:stair_junglewood_half'),
('moreblocks:slope_junglewood_inner 7',3,'','','moreblocks:stair_junglewood_half','','moreblocks:stair_junglewood_half','default:junglewood','moreblocks:stair_junglewood_half','default:junglewood','default:junglewood'),
('moreblocks:slope_junglewood_inner_half 10',3,'moreblocks:stair_junglewood_half','','','default:junglewood','default:junglewood','moreblocks:stair_junglewood_half','','',''),
('moreblocks:slope_junglewood_inner_half 10',3,'','','moreblocks:stair_junglewood_half','moreblocks:stair_junglewood_half','default:junglewood','default:junglewood','','',''),
('moreblocks:slope_junglewood_inner_half_raised 7',3,'moreblocks:stair_junglewood_half','','','default:junglewood','default:junglewood','moreblocks:stair_junglewood_half','default:junglewood','default:junglewood','default:junglewood'),
('moreblocks:slope_junglewood_inner_half_raised 7',3,'','','moreblocks:stair_junglewood_half','moreblocks:stair_junglewood_half','default:junglewood','default:junglewood','default:junglewood','default:junglewood','default:junglewood'),
('moreblocks:slope_junglewood_outer 7',3,'moreblocks:micro_junglewood','','','default:junglewood','moreblocks:micro_junglewood','','default:junglewood','default:junglewood','moreblocks:micro_junglewood'),
('moreblocks:slope_junglewood_outer 7',3,'','','moreblocks:micro_junglewood','','moreblocks:micro_junglewood','default:junglewood','moreblocks:micro_junglewood','default:junglewood','default:junglewood'),
('moreblocks:slope_junglewood_outer_half 10',3,'moreblocks:micro_junglewood','','','default:junglewood','default:junglewood','moreblocks:micro_junglewood','','',''),
('moreblocks:slope_junglewood_outer_half 10',3,'','','moreblocks:micro_junglewood','moreblocks:micro_junglewood','default:junglewood','default:junglewood','','',''),
('moreblocks:slope_junglewood_outer_half_raised 7',3,'moreblocks:micro_junglewood','','','default:junglewood','default:junglewood','moreblocks:micro_junglewood','default:junglewood','default:junglewood','default:junglewood'),
('moreblocks:slope_junglewood_outer_half_raised 7',3,'','','moreblocks:micro_junglewood','moreblocks:micro_junglewood','default:junglewood','default:junglewood','default:junglewood','default:junglewood','default:junglewood'),
('moreblocks:panel_junglewood 12',2,'default:junglewood','','default:junglewood','default:junglewood','','','','',''),
('moreblocks:panel_junglewood 12',2,'','default:junglewood','default:junglewood','default:junglewood','','','','',''),
('moreblocks:stair_pinetree 8',3,'default:pinetree','','','default:pinetree','default:pinetree','','default:pinetree','default:pinetree','default:pinetree'),
('moreblocks:stair_pinetree 8',3,'','','default:pinetree','','default:pinetree','default:pinetree','default:pinetree','default:pinetree','default:pinetree'),
('moreblocks:stair_pinetree_alt',2,'moreblocks:panel_pinetree','','','moreblocks:panel_pinetree','','','','',''),
('moreblocks:stair_pinetree_alt',2,'','moreblocks:panel_pinetree','moreblocks:panel_pinetree','','','','','',''),
('moreblocks:slab_pinetree 6',3,'default:pinetree','default:pinetree','default:pinetree','','','','','',''),
('moreblocks:slab_pinetree',2,'moreblocks:panel_pinetree','moreblocks:panel_pinetree','','','','','','',''),
('moreblocks:slab_pinetree',1,'moreblocks:panel_pinetree','moreblocks:panel_pinetree','','','','','','',''),
('moreblocks:slope_pinetree 7',3,'moreblocks:panel_pinetree','','','default:pinetree','moreblocks:panel_pinetree','','default:pinetree','default:pinetree','moreblocks:panel_pinetree'),
('moreblocks:slope_pinetree 7',3,'','','moreblocks:panel_pinetree','','moreblocks:panel_pinetree','default:pinetree','moreblocks:panel_pinetree','default:pinetree','default:pinetree'),
('moreblocks:slope_pinetree_half 10',3,'moreblocks:panel_pinetree','','','default:pinetree','default:pinetree','moreblocks:panel_pinetree','','',''),
('moreblocks:slope_pinetree_half 10',3,'','','moreblocks:panel_pinetree','moreblocks:panel_pinetree','default:pinetree','default:pinetree','','',''),
('moreblocks:slope_pinetree_half_raised 7',3,'moreblocks:panel_pinetree','','','default:pinetree','default:pinetree','moreblocks:panel_pinetree','default:pinetree','default:pinetree','default:pinetree'),
('moreblocks:slope_pinetree_half_raised 7',3,'','','moreblocks:panel_pinetree','moreblocks:panel_pinetree','default:pinetree','default:pinetree','default:pinetree','default:pinetree','default:pinetree'),
('moreblocks:slope_pinetree_inner 7',3,'moreblocks:stair_pinetree_half','','','default:pinetree','moreblocks:stair_pinetree_half','','default:pinetree','default:pinetree','moreblocks:stair_pinetree_half'),
('moreblocks:slope_pinetree_inner 7',3,'','','moreblocks:stair_pinetree_half','','moreblocks:stair_pinetree_half','default:pinetree','moreblocks:stair_pinetree_half','default:pinetree','default:pinetree'),
('moreblocks:slope_pinetree_inner_half 10',3,'moreblocks:stair_pinetree_half','','','default:pinetree','default:pinetree','moreblocks:stair_pinetree_half','','',''),
('moreblocks:slope_pinetree_inner_half 10',3,'','','moreblocks:stair_pinetree_half','moreblocks:stair_pinetree_half','default:pinetree','default:pinetree','','',''),
('moreblocks:slope_pinetree_inner_half_raised 7',3,'moreblocks:stair_pinetree_half','','','default:pinetree','default:pinetree','moreblocks:stair_pinetree_half','default:pinetree','default:pinetree','default:pinetree'),
('moreblocks:slope_pinetree_inner_half_raised 7',3,'','','moreblocks:stair_pinetree_half','moreblocks:stair_pinetree_half','default:pinetree','default:pinetree','default:pinetree','default:pinetree','default:pinetree'),
('moreblocks:slope_pinetree_outer 7',3,'moreblocks:micro_pinetree','','','default:pinetree','moreblocks:micro_pinetree','','default:pinetree','default:pinetree','moreblocks:micro_pinetree'),
('moreblocks:slope_pinetree_outer 7',3,'','','moreblocks:micro_pinetree','','moreblocks:micro_pinetree','default:pinetree','moreblocks:micro_pinetree','default:pinetree','default:pinetree'),
('moreblocks:slope_pinetree_outer_half 10',3,'moreblocks:micro_pinetree','','','default:pinetree','default:pinetree','moreblocks:micro_pinetree','','',''),
('moreblocks:slope_pinetree_outer_half 10',3,'','','moreblocks:micro_pinetree','moreblocks:micro_pinetree','default:pinetree','default:pinetree','','',''),
('moreblocks:slope_pinetree_outer_half_raised 7',3,'moreblocks:micro_pinetree','','','default:pinetree','default:pinetree','moreblocks:micro_pinetree','default:pinetree','default:pinetree','default:pinetree'),
('moreblocks:slope_pinetree_outer_half_raised 7',3,'','','moreblocks:micro_pinetree','moreblocks:micro_pinetree','default:pinetree','default:pinetree','default:pinetree','default:pinetree','default:pinetree'),
('moreblocks:panel_pinetree 12',2,'default:pinetree','','default:pinetree','default:pinetree','','','','',''),
('moreblocks:panel_pinetree 12',2,'','default:pinetree','default:pinetree','default:pinetree','','','','',''),
('moreblocks:stair_pinewood 8',3,'default:pinewood','','','default:pinewood','default:pinewood','','default:pinewood','default:pinewood','default:pinewood'),
('moreblocks:stair_pinewood 8',3,'','','default:pinewood','','default:pinewood','default:pinewood','default:pinewood','default:pinewood','default:pinewood'),
('moreblocks:stair_pinewood_alt',2,'moreblocks:panel_pinewood','','','moreblocks:panel_pinewood','','','','',''),
('moreblocks:stair_pinewood_alt',2,'','moreblocks:panel_pinewood','moreblocks:panel_pinewood','','','','','',''),
('moreblocks:slab_pinewood 6',3,'default:pinewood','default:pinewood','default:pinewood','','','','','',''),
('moreblocks:slab_pinewood',2,'moreblocks:panel_pinewood','moreblocks:panel_pinewood','','','','','','',''),
('moreblocks:slab_pinewood',1,'moreblocks:panel_pinewood','moreblocks:panel_pinewood','','','','','','',''),
('moreblocks:slope_pinewood 7',3,'moreblocks:panel_pinewood','','','default:pinewood','moreblocks:panel_pinewood','','default:pinewood','default:pinewood','moreblocks:panel_pinewood'),
('moreblocks:slope_pinewood 7',3,'','','moreblocks:panel_pinewood','','moreblocks:panel_pinewood','default:pinewood','moreblocks:panel_pinewood','default:pinewood','default:pinewood'),
('moreblocks:slope_pinewood_half 10',3,'moreblocks:panel_pinewood','','','default:pinewood','default:pinewood','moreblocks:panel_pinewood','','',''),
('moreblocks:slope_pinewood_half 10',3,'','','moreblocks:panel_pinewood','moreblocks:panel_pinewood','default:pinewood','default:pinewood','','',''),
('moreblocks:slope_pinewood_half_raised 7',3,'moreblocks:panel_pinewood','','','default:pinewood','default:pinewood','moreblocks:panel_pinewood','default:pinewood','default:pinewood','default:pinewood'),
('moreblocks:slope_pinewood_half_raised 7',3,'','','moreblocks:panel_pinewood','moreblocks:panel_pinewood','default:pinewood','default:pinewood','default:pinewood','default:pinewood','default:pinewood'),
('moreblocks:slope_pinewood_inner 7',3,'moreblocks:stair_pinewood_half','','','default:pinewood','moreblocks:stair_pinewood_half','','default:pinewood','default:pinewood','moreblocks:stair_pinewood_half'),
('moreblocks:slope_pinewood_inner 7',3,'','','moreblocks:stair_pinewood_half','','moreblocks:stair_pinewood_half','default:pinewood','moreblocks:stair_pinewood_half','default:pinewood','default:pinewood'),
('moreblocks:slope_pinewood_inner_half 10',3,'moreblocks:stair_pinewood_half','','','default:pinewood','default:pinewood','moreblocks:stair_pinewood_half','','',''),
('moreblocks:slope_pinewood_inner_half 10',3,'','','moreblocks:stair_pinewood_half','moreblocks:stair_pinewood_half','default:pinewood','default:pinewood','','',''),
('moreblocks:slope_pinewood_inner_half_raised 7',3,'moreblocks:stair_pinewood_half','','','default:pinewood','default:pinewood','moreblocks:stair_pinewood_half','default:pinewood','default:pinewood','default:pinewood'),
('moreblocks:slope_pinewood_inner_half_raised 7',3,'','','moreblocks:stair_pinewood_half','moreblocks:stair_pinewood_half','default:pinewood','default:pinewood','default:pinewood','default:pinewood','default:pinewood'),
('moreblocks:slope_pinewood_outer 7',3,'moreblocks:micro_pinewood','','','default:pinewood','moreblocks:micro_pinewood','','default:pinewood','default:pinewood','moreblocks:micro_pinewood'),
('moreblocks:slope_pinewood_outer 7',3,'','','moreblocks:micro_pinewood','','moreblocks:micro_pinewood','default:pinewood','moreblocks:micro_pinewood','default:pinewood','default:pinewood'),
('moreblocks:slope_pinewood_outer_half 10',3,'moreblocks:micro_pinewood','','','default:pinewood','default:pinewood','moreblocks:micro_pinewood','','',''),
('moreblocks:slope_pinewood_outer_half 10',3,'','','moreblocks:micro_pinewood','moreblocks:micro_pinewood','default:pinewood','default:pinewood','','',''),
('moreblocks:slope_pinewood_outer_half_raised 7',3,'moreblocks:micro_pinewood','','','default:pinewood','default:pinewood','moreblocks:micro_pinewood','default:pinewood','default:pinewood','default:pinewood'),
('moreblocks:slope_pinewood_outer_half_raised 7',3,'','','moreblocks:micro_pinewood','moreblocks:micro_pinewood','default:pinewood','default:pinewood','default:pinewood','default:pinewood','default:pinewood'),
('moreblocks:panel_pinewood 12',2,'default:pinewood','','default:pinewood','default:pinewood','','','','',''),
('moreblocks:panel_pinewood 12',2,'','default:pinewood','default:pinewood','default:pinewood','','','','',''),
('moreblocks:stair_obsidian 8',3,'default:obsidian','','','default:obsidian','default:obsidian','','default:obsidian','default:obsidian','default:obsidian'),
('moreblocks:stair_obsidian 8',3,'','','default:obsidian','','default:obsidian','default:obsidian','default:obsidian','default:obsidian','default:obsidian'),
('moreblocks:stair_obsidian_alt',2,'moreblocks:panel_obsidian','','','moreblocks:panel_obsidian','','','','',''),
('moreblocks:stair_obsidian_alt',2,'','moreblocks:panel_obsidian','moreblocks:panel_obsidian','','','','','',''),
('moreblocks:slab_obsidian 6',3,'default:obsidian','default:obsidian','default:obsidian','','','','','',''),
('moreblocks:slab_obsidian',2,'moreblocks:panel_obsidian','moreblocks:panel_obsidian','','','','','','',''),
('moreblocks:slab_obsidian',1,'moreblocks:panel_obsidian','moreblocks:panel_obsidian','','','','','','',''),
('moreblocks:slope_obsidian 7',3,'moreblocks:panel_obsidian','','','default:obsidian','moreblocks:panel_obsidian','','default:obsidian','default:obsidian','moreblocks:panel_obsidian'),
('moreblocks:slope_obsidian 7',3,'','','moreblocks:panel_obsidian','','moreblocks:panel_obsidian','default:obsidian','moreblocks:panel_obsidian','default:obsidian','default:obsidian'),
('moreblocks:slope_obsidian_half 10',3,'moreblocks:panel_obsidian','','','default:obsidian','default:obsidian','moreblocks:panel_obsidian','','',''),
('moreblocks:slope_obsidian_half 10',3,'','','moreblocks:panel_obsidian','moreblocks:panel_obsidian','default:obsidian','default:obsidian','','',''),
('moreblocks:slope_obsidian_half_raised 7',3,'moreblocks:panel_obsidian','','','default:obsidian','default:obsidian','moreblocks:panel_obsidian','default:obsidian','default:obsidian','default:obsidian'),
('moreblocks:slope_obsidian_half_raised 7',3,'','','moreblocks:panel_obsidian','moreblocks:panel_obsidian','default:obsidian','default:obsidian','default:obsidian','default:obsidian','default:obsidian'),
('moreblocks:slope_obsidian_inner 7',3,'moreblocks:stair_obsidian_half','','','default:obsidian','moreblocks:stair_obsidian_half','','default:obsidian','default:obsidian','moreblocks:stair_obsidian_half'),
('moreblocks:slope_obsidian_inner 7',3,'','','moreblocks:stair_obsidian_half','','moreblocks:stair_obsidian_half','default:obsidian','moreblocks:stair_obsidian_half','default:obsidian','default:obsidian'),
('moreblocks:slope_obsidian_inner_half 10',3,'moreblocks:stair_obsidian_half','','','default:obsidian','default:obsidian','moreblocks:stair_obsidian_half','','',''),
('moreblocks:slope_obsidian_inner_half 10',3,'','','moreblocks:stair_obsidian_half','moreblocks:stair_obsidian_half','default:obsidian','default:obsidian','','',''),
('moreblocks:slope_obsidian_inner_half_raised 7',3,'moreblocks:stair_obsidian_half','','','default:obsidian','default:obsidian','moreblocks:stair_obsidian_half','default:obsidian','default:obsidian','default:obsidian'),
('moreblocks:slope_obsidian_inner_half_raised 7',3,'','','moreblocks:stair_obsidian_half','moreblocks:stair_obsidian_half','default:obsidian','default:obsidian','default:obsidian','default:obsidian','default:obsidian'),
('moreblocks:slope_obsidian_outer 7',3,'moreblocks:micro_obsidian','','','default:obsidian','moreblocks:micro_obsidian','','default:obsidian','default:obsidian','moreblocks:micro_obsidian'),
('moreblocks:slope_obsidian_outer 7',3,'','','moreblocks:micro_obsidian','','moreblocks:micro_obsidian','default:obsidian','moreblocks:micro_obsidian','default:obsidian','default:obsidian'),
('moreblocks:slope_obsidian_outer_half 10',3,'moreblocks:micro_obsidian','','','default:obsidian','default:obsidian','moreblocks:micro_obsidian','','',''),
('moreblocks:slope_obsidian_outer_half 10',3,'','','moreblocks:micro_obsidian','moreblocks:micro_obsidian','default:obsidian','default:obsidian','','',''),
('moreblocks:slope_obsidian_outer_half_raised 7',3,'moreblocks:micro_obsidian','','','default:obsidian','default:obsidian','moreblocks:micro_obsidian','default:obsidian','default:obsidian','default:obsidian'),
('moreblocks:slope_obsidian_outer_half_raised 7',3,'','','moreblocks:micro_obsidian','moreblocks:micro_obsidian','default:obsidian','default:obsidian','default:obsidian','default:obsidian','default:obsidian'),
('moreblocks:panel_obsidian 12',2,'default:obsidian','','default:obsidian','default:obsidian','','','','',''),
('moreblocks:panel_obsidian 12',2,'','default:obsidian','default:obsidian','default:obsidian','','','','',''),
('moreblocks:stair_obsidian_glass 8',3,'default:obsidian_glass','','','default:obsidian_glass','default:obsidian_glass','','default:obsidian_glass','default:obsidian_glass','default:obsidian_glass'),
('moreblocks:stair_obsidian_glass 8',3,'','','default:obsidian_glass','','default:obsidian_glass','default:obsidian_glass','default:obsidian_glass','default:obsidian_glass','default:obsidian_glass'),
('moreblocks:stair_obsidian_glass_alt',2,'moreblocks:panel_obsidian_glass','','','moreblocks:panel_obsidian_glass','','','','',''),
('moreblocks:stair_obsidian_glass_alt',2,'','moreblocks:panel_obsidian_glass','moreblocks:panel_obsidian_glass','','','','','',''),
('moreblocks:slab_obsidian_glass 6',3,'default:obsidian_glass','default:obsidian_glass','default:obsidian_glass','','','','','',''),
('moreblocks:slab_obsidian_glass',2,'moreblocks:panel_obsidian_glass','moreblocks:panel_obsidian_glass','','','','','','',''),
('moreblocks:slab_obsidian_glass',1,'moreblocks:panel_obsidian_glass','moreblocks:panel_obsidian_glass','','','','','','',''),
('moreblocks:slope_obsidian_glass 7',3,'moreblocks:panel_obsidian_glass','','','default:obsidian_glass','moreblocks:panel_obsidian_glass','','default:obsidian_glass','default:obsidian_glass','moreblocks:panel_obsidian_glass'),
('moreblocks:slope_obsidian_glass 7',3,'','','moreblocks:panel_obsidian_glass','','moreblocks:panel_obsidian_glass','default:obsidian_glass','moreblocks:panel_obsidian_glass','default:obsidian_glass','default:obsidian_glass'),
('moreblocks:slope_obsidian_glass_half 10',3,'moreblocks:panel_obsidian_glass','','','default:obsidian_glass','default:obsidian_glass','moreblocks:panel_obsidian_glass','','',''),
('moreblocks:slope_obsidian_glass_half 10',3,'','','moreblocks:panel_obsidian_glass','moreblocks:panel_obsidian_glass','default:obsidian_glass','default:obsidian_glass','','',''),
('moreblocks:slope_obsidian_glass_half_raised 7',3,'moreblocks:panel_obsidian_glass','','','default:obsidian_glass','default:obsidian_glass','moreblocks:panel_obsidian_glass','default:obsidian_glass','default:obsidian_glass','default:obsidian_glass'),
('moreblocks:slope_obsidian_glass_half_raised 7',3,'','','moreblocks:panel_obsidian_glass','moreblocks:panel_obsidian_glass','default:obsidian_glass','default:obsidian_glass','default:obsidian_glass','default:obsidian_glass','default:obsidian_glass'),
('moreblocks:slope_obsidian_glass_inner 7',3,'moreblocks:stair_obsidian_glass_half','','','default:obsidian_glass','moreblocks:stair_obsidian_glass_half','','default:obsidian_glass','default:obsidian_glass','moreblocks:stair_obsidian_glass_half'),
('moreblocks:slope_obsidian_glass_inner 7',3,'','','moreblocks:stair_obsidian_glass_half','','moreblocks:stair_obsidian_glass_half','default:obsidian_glass','moreblocks:stair_obsidian_glass_half','default:obsidian_glass','default:obsidian_glass'),
('moreblocks:slope_obsidian_glass_inner_half 10',3,'moreblocks:stair_obsidian_glass_half','','','default:obsidian_glass','default:obsidian_glass','moreblocks:stair_obsidian_glass_half','','',''),
('moreblocks:slope_obsidian_glass_inner_half 10',3,'','','moreblocks:stair_obsidian_glass_half','moreblocks:stair_obsidian_glass_half','default:obsidian_glass','default:obsidian_glass','','',''),
('moreblocks:slope_obsidian_glass_inner_half_raised 7',3,'moreblocks:stair_obsidian_glass_half','','','default:obsidian_glass','default:obsidian_glass','moreblocks:stair_obsidian_glass_half','default:obsidian_glass','default:obsidian_glass','default:obsidian_glass'),
('moreblocks:slope_obsidian_glass_inner_half_raised 7',3,'','','moreblocks:stair_obsidian_glass_half','moreblocks:stair_obsidian_glass_half','default:obsidian_glass','default:obsidian_glass','default:obsidian_glass','default:obsidian_glass','default:obsidian_glass'),
('moreblocks:slope_obsidian_glass_outer 7',3,'moreblocks:micro_obsidian_glass','','','default:obsidian_glass','moreblocks:micro_obsidian_glass','','default:obsidian_glass','default:obsidian_glass','moreblocks:micro_obsidian_glass'),
('moreblocks:slope_obsidian_glass_outer 7',3,'','','moreblocks:micro_obsidian_glass','','moreblocks:micro_obsidian_glass','default:obsidian_glass','moreblocks:micro_obsidian_glass','default:obsidian_glass','default:obsidian_glass'),
('moreblocks:slope_obsidian_glass_outer_half 10',3,'moreblocks:micro_obsidian_glass','','','default:obsidian_glass','default:obsidian_glass','moreblocks:micro_obsidian_glass','','',''),
('moreblocks:slope_obsidian_glass_outer_half 10',3,'','','moreblocks:micro_obsidian_glass','moreblocks:micro_obsidian_glass','default:obsidian_glass','default:obsidian_glass','','',''),
('moreblocks:slope_obsidian_glass_outer_half_raised 7',3,'moreblocks:micro_obsidian_glass','','','default:obsidian_glass','default:obsidian_glass','moreblocks:micro_obsidian_glass','default:obsidian_glass','default:obsidian_glass','default:obsidian_glass'),
('moreblocks:slope_obsidian_glass_outer_half_raised 7',3,'','','moreblocks:micro_obsidian_glass','moreblocks:micro_obsidian_glass','default:obsidian_glass','default:obsidian_glass','default:obsidian_glass','default:obsidian_glass','default:obsidian_glass'),
('moreblocks:panel_obsidian_glass 12',2,'default:obsidian_glass','','default:obsidian_glass','default:obsidian_glass','','','','',''),
('moreblocks:panel_obsidian_glass 12',2,'','default:obsidian_glass','default:obsidian_glass','default:obsidian_glass','','','','',''),
('moreblocks:stair_stonebrick 8',3,'default:stonebrick','','','default:stonebrick','default:stonebrick','','default:stonebrick','default:stonebrick','default:stonebrick'),
('moreblocks:stair_stonebrick 8',3,'','','default:stonebrick','','default:stonebrick','default:stonebrick','default:stonebrick','default:stonebrick','default:stonebrick'),
('moreblocks:stair_stonebrick_alt',2,'moreblocks:panel_stonebrick','','','moreblocks:panel_stonebrick','','','','',''),
('moreblocks:stair_stonebrick_alt',2,'','moreblocks:panel_stonebrick','moreblocks:panel_stonebrick','','','','','',''),
('moreblocks:slab_stonebrick 6',3,'default:stonebrick','default:stonebrick','default:stonebrick','','','','','',''),
('moreblocks:slab_stonebrick',2,'moreblocks:panel_stonebrick','moreblocks:panel_stonebrick','','','','','','',''),
('moreblocks:slab_stonebrick',1,'moreblocks:panel_stonebrick','moreblocks:panel_stonebrick','','','','','','',''),
('moreblocks:slope_stonebrick 7',3,'moreblocks:panel_stonebrick','','','default:stonebrick','moreblocks:panel_stonebrick','','default:stonebrick','default:stonebrick','moreblocks:panel_stonebrick'),
('moreblocks:slope_stonebrick 7',3,'','','moreblocks:panel_stonebrick','','moreblocks:panel_stonebrick','default:stonebrick','moreblocks:panel_stonebrick','default:stonebrick','default:stonebrick'),
('moreblocks:slope_stonebrick_half 10',3,'moreblocks:panel_stonebrick','','','default:stonebrick','default:stonebrick','moreblocks:panel_stonebrick','','',''),
('moreblocks:slope_stonebrick_half 10',3,'','','moreblocks:panel_stonebrick','moreblocks:panel_stonebrick','default:stonebrick','default:stonebrick','','',''),
('moreblocks:slope_stonebrick_half_raised 7',3,'moreblocks:panel_stonebrick','','','default:stonebrick','default:stonebrick','moreblocks:panel_stonebrick','default:stonebrick','default:stonebrick','default:stonebrick'),
('moreblocks:slope_stonebrick_half_raised 7',3,'','','moreblocks:panel_stonebrick','moreblocks:panel_stonebrick','default:stonebrick','default:stonebrick','default:stonebrick','default:stonebrick','default:stonebrick'),
('moreblocks:slope_stonebrick_inner 7',3,'moreblocks:stair_stonebrick_half','','','default:stonebrick','moreblocks:stair_stonebrick_half','','default:stonebrick','default:stonebrick','moreblocks:stair_stonebrick_half'),
('moreblocks:slope_stonebrick_inner 7',3,'','','moreblocks:stair_stonebrick_half','','moreblocks:stair_stonebrick_half','default:stonebrick','moreblocks:stair_stonebrick_half','default:stonebrick','default:stonebrick'),
('moreblocks:slope_stonebrick_inner_half 10',3,'moreblocks:stair_stonebrick_half','','','default:stonebrick','default:stonebrick','moreblocks:stair_stonebrick_half','','',''),
('moreblocks:slope_stonebrick_inner_half 10',3,'','','moreblocks:stair_stonebrick_half','moreblocks:stair_stonebrick_half','default:stonebrick','default:stonebrick','','',''),
('moreblocks:slope_stonebrick_inner_half_raised 7',3,'moreblocks:stair_stonebrick_half','','','default:stonebrick','default:stonebrick','moreblocks:stair_stonebrick_half','default:stonebrick','default:stonebrick','default:stonebrick'),
('moreblocks:slope_stonebrick_inner_half_raised 7',3,'','','moreblocks:stair_stonebrick_half','moreblocks:stair_stonebrick_half','default:stonebrick','default:stonebrick','default:stonebrick','default:stonebrick','default:stonebrick'),
('moreblocks:slope_stonebrick_outer 7',3,'moreblocks:micro_stonebrick','','','default:stonebrick','moreblocks:micro_stonebrick','','default:stonebrick','default:stonebrick','moreblocks:micro_stonebrick'),
('moreblocks:slope_stonebrick_outer 7',3,'','','moreblocks:micro_stonebrick','','moreblocks:micro_stonebrick','default:stonebrick','moreblocks:micro_stonebrick','default:stonebrick','default:stonebrick'),
('moreblocks:slope_stonebrick_outer_half 10',3,'moreblocks:micro_stonebrick','','','default:stonebrick','default:stonebrick','moreblocks:micro_stonebrick','','',''),
('moreblocks:slope_stonebrick_outer_half 10',3,'','','moreblocks:micro_stonebrick','moreblocks:micro_stonebrick','default:stonebrick','default:stonebrick','','',''),
('moreblocks:slope_stonebrick_outer_half_raised 7',3,'moreblocks:micro_stonebrick','','','default:stonebrick','default:stonebrick','moreblocks:micro_stonebrick','default:stonebrick','default:stonebrick','default:stonebrick'),
('moreblocks:slope_stonebrick_outer_half_raised 7',3,'','','moreblocks:micro_stonebrick','moreblocks:micro_stonebrick','default:stonebrick','default:stonebrick','default:stonebrick','default:stonebrick','default:stonebrick'),
('moreblocks:panel_stonebrick 12',2,'default:stonebrick','','default:stonebrick','default:stonebrick','','','','',''),
('moreblocks:panel_stonebrick 12',2,'','default:stonebrick','default:stonebrick','default:stonebrick','','','','',''),
('moreblocks:stair_desert_stonebrick 8',3,'default:desert_stonebrick','','','default:desert_stonebrick','default:desert_stonebrick','','default:desert_stonebrick','default:desert_stonebrick','default:desert_stonebrick'),
('moreblocks:stair_desert_stonebrick 8',3,'','','default:desert_stonebrick','','default:desert_stonebrick','default:desert_stonebrick','default:desert_stonebrick','default:desert_stonebrick','default:desert_stonebrick'),
('moreblocks:stair_desert_stonebrick_alt',2,'moreblocks:panel_desert_stonebrick','','','moreblocks:panel_desert_stonebrick','','','','',''),
('moreblocks:stair_desert_stonebrick_alt',2,'','moreblocks:panel_desert_stonebrick','moreblocks:panel_desert_stonebrick','','','','','',''),
('moreblocks:slab_desert_stonebrick 6',3,'default:desert_stonebrick','default:desert_stonebrick','default:desert_stonebrick','','','','','',''),
('moreblocks:slab_desert_stonebrick',2,'moreblocks:panel_desert_stonebrick','moreblocks:panel_desert_stonebrick','','','','','','',''),
('moreblocks:slab_desert_stonebrick',1,'moreblocks:panel_desert_stonebrick','moreblocks:panel_desert_stonebrick','','','','','','',''),
('moreblocks:slope_desert_stonebrick 7',3,'moreblocks:panel_desert_stonebrick','','','default:desert_stonebrick','moreblocks:panel_desert_stonebrick','','default:desert_stonebrick','default:desert_stonebrick','moreblocks:panel_desert_stonebrick'),
('moreblocks:slope_desert_stonebrick 7',3,'','','moreblocks:panel_desert_stonebrick','','moreblocks:panel_desert_stonebrick','default:desert_stonebrick','moreblocks:panel_desert_stonebrick','default:desert_stonebrick','default:desert_stonebrick'),
('moreblocks:slope_desert_stonebrick_half 10',3,'moreblocks:panel_desert_stonebrick','','','default:desert_stonebrick','default:desert_stonebrick','moreblocks:panel_desert_stonebrick','','',''),
('moreblocks:slope_desert_stonebrick_half 10',3,'','','moreblocks:panel_desert_stonebrick','moreblocks:panel_desert_stonebrick','default:desert_stonebrick','default:desert_stonebrick','','',''),
('moreblocks:slope_desert_stonebrick_half_raised 7',3,'moreblocks:panel_desert_stonebrick','','','default:desert_stonebrick','default:desert_stonebrick','moreblocks:panel_desert_stonebrick','default:desert_stonebrick','default:desert_stonebrick','default:desert_stonebrick'),
('moreblocks:slope_desert_stonebrick_half_raised 7',3,'','','moreblocks:panel_desert_stonebrick','moreblocks:panel_desert_stonebrick','default:desert_stonebrick','default:desert_stonebrick','default:desert_stonebrick','default:desert_stonebrick','default:desert_stonebrick'),
('moreblocks:slope_desert_stonebrick_inner 7',3,'moreblocks:stair_desert_stonebrick_half','','','default:desert_stonebrick','moreblocks:stair_desert_stonebrick_half','','default:desert_stonebrick','default:desert_stonebrick','moreblocks:stair_desert_stonebrick_half'),
('moreblocks:slope_desert_stonebrick_inner 7',3,'','','moreblocks:stair_desert_stonebrick_half','','moreblocks:stair_desert_stonebrick_half','default:desert_stonebrick','moreblocks:stair_desert_stonebrick_half','default:desert_stonebrick','default:desert_stonebrick'),
('moreblocks:slope_desert_stonebrick_inner_half 10',3,'moreblocks:stair_desert_stonebrick_half','','','default:desert_stonebrick','default:desert_stonebrick','moreblocks:stair_desert_stonebrick_half','','',''),
('moreblocks:slope_desert_stonebrick_inner_half 10',3,'','','moreblocks:stair_desert_stonebrick_half','moreblocks:stair_desert_stonebrick_half','default:desert_stonebrick','default:desert_stonebrick','','',''),
('moreblocks:slope_desert_stonebrick_inner_half_raised 7',3,'moreblocks:stair_desert_stonebrick_half','','','default:desert_stonebrick','default:desert_stonebrick','moreblocks:stair_desert_stonebrick_half','default:desert_stonebrick','default:desert_stonebrick','default:desert_stonebrick'),
('moreblocks:slope_desert_stonebrick_inner_half_raised 7',3,'','','moreblocks:stair_desert_stonebrick_half','moreblocks:stair_desert_stonebrick_half','default:desert_stonebrick','default:desert_stonebrick','default:desert_stonebrick','default:desert_stonebrick','default:desert_stonebrick'),
('moreblocks:slope_desert_stonebrick_outer 7',3,'moreblocks:micro_desert_stonebrick','','','default:desert_stonebrick','moreblocks:micro_desert_stonebrick','','default:desert_stonebrick','default:desert_stonebrick','moreblocks:micro_desert_stonebrick'),
('moreblocks:slope_desert_stonebrick_outer 7',3,'','','moreblocks:micro_desert_stonebrick','','moreblocks:micro_desert_stonebrick','default:desert_stonebrick','moreblocks:micro_desert_stonebrick','default:desert_stonebrick','default:desert_stonebrick'),
('moreblocks:slope_desert_stonebrick_outer_half 10',3,'moreblocks:micro_desert_stonebrick','','','default:desert_stonebrick','default:desert_stonebrick','moreblocks:micro_desert_stonebrick','','',''),
('moreblocks:slope_desert_stonebrick_outer_half 10',3,'','','moreblocks:micro_desert_stonebrick','moreblocks:micro_desert_stonebrick','default:desert_stonebrick','default:desert_stonebrick','','',''),
('moreblocks:slope_desert_stonebrick_outer_half_raised 7',3,'moreblocks:micro_desert_stonebrick','','','default:desert_stonebrick','default:desert_stonebrick','moreblocks:micro_desert_stonebrick','default:desert_stonebrick','default:desert_stonebrick','default:desert_stonebrick'),
('moreblocks:slope_desert_stonebrick_outer_half_raised 7',3,'','','moreblocks:micro_desert_stonebrick','moreblocks:micro_desert_stonebrick','default:desert_stonebrick','default:desert_stonebrick','default:desert_stonebrick','default:desert_stonebrick','default:desert_stonebrick'),
('moreblocks:panel_desert_stonebrick 12',2,'default:desert_stonebrick','','default:desert_stonebrick','default:desert_stonebrick','','','','',''),
('moreblocks:panel_desert_stonebrick 12',2,'','default:desert_stonebrick','default:desert_stonebrick','default:desert_stonebrick','','','','',''),
('moreblocks:stair_sandstonebrick 8',3,'default:sandstonebrick','','','default:sandstonebrick','default:sandstonebrick','','default:sandstonebrick','default:sandstonebrick','default:sandstonebrick'),
('moreblocks:stair_sandstonebrick 8',3,'','','default:sandstonebrick','','default:sandstonebrick','default:sandstonebrick','default:sandstonebrick','default:sandstonebrick','default:sandstonebrick'),
('moreblocks:stair_sandstonebrick_alt',2,'moreblocks:panel_sandstonebrick','','','moreblocks:panel_sandstonebrick','','','','',''),
('moreblocks:stair_sandstonebrick_alt',2,'','moreblocks:panel_sandstonebrick','moreblocks:panel_sandstonebrick','','','','','',''),
('moreblocks:slab_sandstonebrick 6',3,'default:sandstonebrick','default:sandstonebrick','default:sandstonebrick','','','','','',''),
('moreblocks:slab_sandstonebrick',2,'moreblocks:panel_sandstonebrick','moreblocks:panel_sandstonebrick','','','','','','',''),
('moreblocks:slab_sandstonebrick',1,'moreblocks:panel_sandstonebrick','moreblocks:panel_sandstonebrick','','','','','','',''),
('moreblocks:slope_sandstonebrick 7',3,'moreblocks:panel_sandstonebrick','','','default:sandstonebrick','moreblocks:panel_sandstonebrick','','default:sandstonebrick','default:sandstonebrick','moreblocks:panel_sandstonebrick'),
('moreblocks:slope_sandstonebrick 7',3,'','','moreblocks:panel_sandstonebrick','','moreblocks:panel_sandstonebrick','default:sandstonebrick','moreblocks:panel_sandstonebrick','default:sandstonebrick','default:sandstonebrick'),
('moreblocks:slope_sandstonebrick_half 10',3,'moreblocks:panel_sandstonebrick','','','default:sandstonebrick','default:sandstonebrick','moreblocks:panel_sandstonebrick','','',''),
('moreblocks:slope_sandstonebrick_half 10',3,'','','moreblocks:panel_sandstonebrick','moreblocks:panel_sandstonebrick','default:sandstonebrick','default:sandstonebrick','','',''),
('moreblocks:slope_sandstonebrick_half_raised 7',3,'moreblocks:panel_sandstonebrick','','','default:sandstonebrick','default:sandstonebrick','moreblocks:panel_sandstonebrick','default:sandstonebrick','default:sandstonebrick','default:sandstonebrick'),
('moreblocks:slope_sandstonebrick_half_raised 7',3,'','','moreblocks:panel_sandstonebrick','moreblocks:panel_sandstonebrick','default:sandstonebrick','default:sandstonebrick','default:sandstonebrick','default:sandstonebrick','default:sandstonebrick'),
('moreblocks:slope_sandstonebrick_inner 7',3,'moreblocks:stair_sandstonebrick_half','','','default:sandstonebrick','moreblocks:stair_sandstonebrick_half','','default:sandstonebrick','default:sandstonebrick','moreblocks:stair_sandstonebrick_half'),
('moreblocks:slope_sandstonebrick_inner 7',3,'','','moreblocks:stair_sandstonebrick_half','','moreblocks:stair_sandstonebrick_half','default:sandstonebrick','moreblocks:stair_sandstonebrick_half','default:sandstonebrick','default:sandstonebrick'),
('moreblocks:slope_sandstonebrick_inner_half 10',3,'moreblocks:stair_sandstonebrick_half','','','default:sandstonebrick','default:sandstonebrick','moreblocks:stair_sandstonebrick_half','','',''),
('moreblocks:slope_sandstonebrick_inner_half 10',3,'','','moreblocks:stair_sandstonebrick_half','moreblocks:stair_sandstonebrick_half','default:sandstonebrick','default:sandstonebrick','','',''),
('moreblocks:slope_sandstonebrick_inner_half_raised 7',3,'moreblocks:stair_sandstonebrick_half','','','default:sandstonebrick','default:sandstonebrick','moreblocks:stair_sandstonebrick_half','default:sandstonebrick','default:sandstonebrick','default:sandstonebrick'),
('moreblocks:slope_sandstonebrick_inner_half_raised 7',3,'','','moreblocks:stair_sandstonebrick_half','moreblocks:stair_sandstonebrick_half','default:sandstonebrick','default:sandstonebrick','default:sandstonebrick','default:sandstonebrick','default:sandstonebrick'),
('moreblocks:slope_sandstonebrick_outer 7',3,'moreblocks:micro_sandstonebrick','','','default:sandstonebrick','moreblocks:micro_sandstonebrick','','default:sandstonebrick','default:sandstonebrick','moreblocks:micro_sandstonebrick'),
('moreblocks:slope_sandstonebrick_outer 7',3,'','','moreblocks:micro_sandstonebrick','','moreblocks:micro_sandstonebrick','default:sandstonebrick','moreblocks:micro_sandstonebrick','default:sandstonebrick','default:sandstonebrick'),
('moreblocks:slope_sandstonebrick_outer_half 10',3,'moreblocks:micro_sandstonebrick','','','default:sandstonebrick','default:sandstonebrick','moreblocks:micro_sandstonebrick','','',''),
('moreblocks:slope_sandstonebrick_outer_half 10',3,'','','moreblocks:micro_sandstonebrick','moreblocks:micro_sandstonebrick','default:sandstonebrick','default:sandstonebrick','','',''),
('moreblocks:slope_sandstonebrick_outer_half_raised 7',3,'moreblocks:micro_sandstonebrick','','','default:sandstonebrick','default:sandstonebrick','moreblocks:micro_sandstonebrick','default:sandstonebrick','default:sandstonebrick','default:sandstonebrick'),
('moreblocks:slope_sandstonebrick_outer_half_raised 7',3,'','','moreblocks:micro_sandstonebrick','moreblocks:micro_sandstonebrick','default:sandstonebrick','default:sandstonebrick','default:sandstonebrick','default:sandstonebrick','default:sandstonebrick'),
('moreblocks:panel_sandstonebrick 12',2,'default:sandstonebrick','','default:sandstonebrick','default:sandstonebrick','','','','',''),
('moreblocks:panel_sandstonebrick 12',2,'','default:sandstonebrick','default:sandstonebrick','default:sandstonebrick','','','','',''),
('moreblocks:stair_iron_glass 8',3,'moreblocks:iron_glass','','','moreblocks:iron_glass','moreblocks:iron_glass','','moreblocks:iron_glass','moreblocks:iron_glass','moreblocks:iron_glass'),
('moreblocks:stair_iron_glass 8',3,'','','moreblocks:iron_glass','','moreblocks:iron_glass','moreblocks:iron_glass','moreblocks:iron_glass','moreblocks:iron_glass','moreblocks:iron_glass'),
('moreblocks:stair_iron_glass_alt',2,'moreblocks:panel_iron_glass','','','moreblocks:panel_iron_glass','','','','',''),
('moreblocks:stair_iron_glass_alt',2,'','moreblocks:panel_iron_glass','moreblocks:panel_iron_glass','','','','','',''),
('moreblocks:slab_iron_glass 6',3,'moreblocks:iron_glass','moreblocks:iron_glass','moreblocks:iron_glass','','','','','',''),
('moreblocks:slab_iron_glass',2,'moreblocks:panel_iron_glass','moreblocks:panel_iron_glass','','','','','','',''),
('moreblocks:slab_iron_glass',1,'moreblocks:panel_iron_glass','moreblocks:panel_iron_glass','','','','','','',''),
('moreblocks:slope_iron_glass 7',3,'moreblocks:panel_iron_glass','','','moreblocks:iron_glass','moreblocks:panel_iron_glass','','moreblocks:iron_glass','moreblocks:iron_glass','moreblocks:panel_iron_glass'),
('moreblocks:slope_iron_glass 7',3,'','','moreblocks:panel_iron_glass','','moreblocks:panel_iron_glass','moreblocks:iron_glass','moreblocks:panel_iron_glass','moreblocks:iron_glass','moreblocks:iron_glass'),
('moreblocks:slope_iron_glass_half 10',3,'moreblocks:panel_iron_glass','','','moreblocks:iron_glass','moreblocks:iron_glass','moreblocks:panel_iron_glass','','',''),
('moreblocks:slope_iron_glass_half 10',3,'','','moreblocks:panel_iron_glass','moreblocks:panel_iron_glass','moreblocks:iron_glass','moreblocks:iron_glass','','',''),
('moreblocks:slope_iron_glass_half_raised 7',3,'moreblocks:panel_iron_glass','','','moreblocks:iron_glass','moreblocks:iron_glass','moreblocks:panel_iron_glass','moreblocks:iron_glass','moreblocks:iron_glass','moreblocks:iron_glass'),
('moreblocks:slope_iron_glass_half_raised 7',3,'','','moreblocks:panel_iron_glass','moreblocks:panel_iron_glass','moreblocks:iron_glass','moreblocks:iron_glass','moreblocks:iron_glass','moreblocks:iron_glass','moreblocks:iron_glass'),
('moreblocks:slope_iron_glass_inner 7',3,'moreblocks:stair_iron_glass_half','','','moreblocks:iron_glass','moreblocks:stair_iron_glass_half','','moreblocks:iron_glass','moreblocks:iron_glass','moreblocks:stair_iron_glass_half'),
('moreblocks:slope_iron_glass_inner 7',3,'','','moreblocks:stair_iron_glass_half','','moreblocks:stair_iron_glass_half','moreblocks:iron_glass','moreblocks:stair_iron_glass_half','moreblocks:iron_glass','moreblocks:iron_glass'),
('moreblocks:slope_iron_glass_inner_half 10',3,'moreblocks:stair_iron_glass_half','','','moreblocks:iron_glass','moreblocks:iron_glass','moreblocks:stair_iron_glass_half','','',''),
('moreblocks:slope_iron_glass_inner_half 10',3,'','','moreblocks:stair_iron_glass_half','moreblocks:stair_iron_glass_half','moreblocks:iron_glass','moreblocks:iron_glass','','',''),
('moreblocks:slope_iron_glass_inner_half_raised 7',3,'moreblocks:stair_iron_glass_half','','','moreblocks:iron_glass','moreblocks:iron_glass','moreblocks:stair_iron_glass_half','moreblocks:iron_glass','moreblocks:iron_glass','moreblocks:iron_glass'),
('moreblocks:slope_iron_glass_inner_half_raised 7',3,'','','moreblocks:stair_iron_glass_half','moreblocks:stair_iron_glass_half','moreblocks:iron_glass','moreblocks:iron_glass','moreblocks:iron_glass','moreblocks:iron_glass','moreblocks:iron_glass'),
('moreblocks:slope_iron_glass_outer 7',3,'moreblocks:micro_iron_glass','','','moreblocks:iron_glass','moreblocks:micro_iron_glass','','moreblocks:iron_glass','moreblocks:iron_glass','moreblocks:micro_iron_glass'),
('moreblocks:slope_iron_glass_outer 7',3,'','','moreblocks:micro_iron_glass','','moreblocks:micro_iron_glass','moreblocks:iron_glass','moreblocks:micro_iron_glass','moreblocks:iron_glass','moreblocks:iron_glass'),
('moreblocks:slope_iron_glass_outer_half 10',3,'moreblocks:micro_iron_glass','','','moreblocks:iron_glass','moreblocks:iron_glass','moreblocks:micro_iron_glass','','',''),
('moreblocks:slope_iron_glass_outer_half 10',3,'','','moreblocks:micro_iron_glass','moreblocks:micro_iron_glass','moreblocks:iron_glass','moreblocks:iron_glass','','',''),
('moreblocks:slope_iron_glass_outer_half_raised 7',3,'moreblocks:micro_iron_glass','','','moreblocks:iron_glass','moreblocks:iron_glass','moreblocks:micro_iron_glass','moreblocks:iron_glass','moreblocks:iron_glass','moreblocks:iron_glass'),
('moreblocks:slope_iron_glass_outer_half_raised 7',3,'','','moreblocks:micro_iron_glass','moreblocks:micro_iron_glass','moreblocks:iron_glass','moreblocks:iron_glass','moreblocks:iron_glass','moreblocks:iron_glass','moreblocks:iron_glass'),
('moreblocks:panel_iron_glass 12',2,'moreblocks:iron_glass','','moreblocks:iron_glass','moreblocks:iron_glass','','','','',''),
('moreblocks:panel_iron_glass 12',2,'','moreblocks:iron_glass','moreblocks:iron_glass','moreblocks:iron_glass','','','','',''),
('moreblocks:stair_cactus_checker 8',3,'moreblocks:cactus_checker','','','moreblocks:cactus_checker','moreblocks:cactus_checker','','moreblocks:cactus_checker','moreblocks:cactus_checker','moreblocks:cactus_checker'),
('moreblocks:stair_cactus_checker 8',3,'','','moreblocks:cactus_checker','','moreblocks:cactus_checker','moreblocks:cactus_checker','moreblocks:cactus_checker','moreblocks:cactus_checker','moreblocks:cactus_checker'),
('moreblocks:stair_cactus_checker_alt',2,'moreblocks:panel_cactus_checker','','','moreblocks:panel_cactus_checker','','','','',''),
('moreblocks:stair_cactus_checker_alt',2,'','moreblocks:panel_cactus_checker','moreblocks:panel_cactus_checker','','','','','',''),
('moreblocks:slab_cactus_checker 6',3,'moreblocks:cactus_checker','moreblocks:cactus_checker','moreblocks:cactus_checker','','','','','',''),
('moreblocks:slab_cactus_checker',2,'moreblocks:panel_cactus_checker','moreblocks:panel_cactus_checker','','','','','','',''),
('moreblocks:slab_cactus_checker',1,'moreblocks:panel_cactus_checker','moreblocks:panel_cactus_checker','','','','','','',''),
('moreblocks:slope_cactus_checker 7',3,'moreblocks:panel_cactus_checker','','','moreblocks:cactus_checker','moreblocks:panel_cactus_checker','','moreblocks:cactus_checker','moreblocks:cactus_checker','moreblocks:panel_cactus_checker'),
('moreblocks:slope_cactus_checker 7',3,'','','moreblocks:panel_cactus_checker','','moreblocks:panel_cactus_checker','moreblocks:cactus_checker','moreblocks:panel_cactus_checker','moreblocks:cactus_checker','moreblocks:cactus_checker'),
('moreblocks:slope_cactus_checker_half 10',3,'moreblocks:panel_cactus_checker','','','moreblocks:cactus_checker','moreblocks:cactus_checker','moreblocks:panel_cactus_checker','','',''),
('moreblocks:slope_cactus_checker_half 10',3,'','','moreblocks:panel_cactus_checker','moreblocks:panel_cactus_checker','moreblocks:cactus_checker','moreblocks:cactus_checker','','',''),
('moreblocks:slope_cactus_checker_half_raised 7',3,'moreblocks:panel_cactus_checker','','','moreblocks:cactus_checker','moreblocks:cactus_checker','moreblocks:panel_cactus_checker','moreblocks:cactus_checker','moreblocks:cactus_checker','moreblocks:cactus_checker'),
('moreblocks:slope_cactus_checker_half_raised 7',3,'','','moreblocks:panel_cactus_checker','moreblocks:panel_cactus_checker','moreblocks:cactus_checker','moreblocks:cactus_checker','moreblocks:cactus_checker','moreblocks:cactus_checker','moreblocks:cactus_checker'),
('moreblocks:slope_cactus_checker_inner 7',3,'moreblocks:stair_cactus_checker_half','','','moreblocks:cactus_checker','moreblocks:stair_cactus_checker_half','','moreblocks:cactus_checker','moreblocks:cactus_checker','moreblocks:stair_cactus_checker_half'),
('moreblocks:slope_cactus_checker_inner 7',3,'','','moreblocks:stair_cactus_checker_half','','moreblocks:stair_cactus_checker_half','moreblocks:cactus_checker','moreblocks:stair_cactus_checker_half','moreblocks:cactus_checker','moreblocks:cactus_checker'),
('moreblocks:slope_cactus_checker_inner_half 10',3,'moreblocks:stair_cactus_checker_half','','','moreblocks:cactus_checker','moreblocks:cactus_checker','moreblocks:stair_cactus_checker_half','','',''),
('moreblocks:slope_cactus_checker_inner_half 10',3,'','','moreblocks:stair_cactus_checker_half','moreblocks:stair_cactus_checker_half','moreblocks:cactus_checker','moreblocks:cactus_checker','','',''),
('moreblocks:slope_cactus_checker_inner_half_raised 7',3,'moreblocks:stair_cactus_checker_half','','','moreblocks:cactus_checker','moreblocks:cactus_checker','moreblocks:stair_cactus_checker_half','moreblocks:cactus_checker','moreblocks:cactus_checker','moreblocks:cactus_checker'),
('moreblocks:slope_cactus_checker_inner_half_raised 7',3,'','','moreblocks:stair_cactus_checker_half','moreblocks:stair_cactus_checker_half','moreblocks:cactus_checker','moreblocks:cactus_checker','moreblocks:cactus_checker','moreblocks:cactus_checker','moreblocks:cactus_checker'),
('moreblocks:slope_cactus_checker_outer 7',3,'moreblocks:micro_cactus_checker','','','moreblocks:cactus_checker','moreblocks:micro_cactus_checker','','moreblocks:cactus_checker','moreblocks:cactus_checker','moreblocks:micro_cactus_checker'),
('moreblocks:slope_cactus_checker_outer 7',3,'','','moreblocks:micro_cactus_checker','','moreblocks:micro_cactus_checker','moreblocks:cactus_checker','moreblocks:micro_cactus_checker','moreblocks:cactus_checker','moreblocks:cactus_checker'),
('moreblocks:slope_cactus_checker_outer_half 10',3,'moreblocks:micro_cactus_checker','','','moreblocks:cactus_checker','moreblocks:cactus_checker','moreblocks:micro_cactus_checker','','',''),
('moreblocks:slope_cactus_checker_outer_half 10',3,'','','moreblocks:micro_cactus_checker','moreblocks:micro_cactus_checker','moreblocks:cactus_checker','moreblocks:cactus_checker','','',''),
('moreblocks:slope_cactus_checker_outer_half_raised 7',3,'moreblocks:micro_cactus_checker','','','moreblocks:cactus_checker','moreblocks:cactus_checker','moreblocks:micro_cactus_checker','moreblocks:cactus_checker','moreblocks:cactus_checker','moreblocks:cactus_checker'),
('moreblocks:slope_cactus_checker_outer_half_raised 7',3,'','','moreblocks:micro_cactus_checker','moreblocks:micro_cactus_checker','moreblocks:cactus_checker','moreblocks:cactus_checker','moreblocks:cactus_checker','moreblocks:cactus_checker','moreblocks:cactus_checker'),
('moreblocks:panel_cactus_checker 12',2,'moreblocks:cactus_checker','','moreblocks:cactus_checker','moreblocks:cactus_checker','','','','',''),
('moreblocks:panel_cactus_checker 12',2,'','moreblocks:cactus_checker','moreblocks:cactus_checker','moreblocks:cactus_checker','','','','',''),
('moreblocks:stair_clean_glass 8',3,'moreblocks:clean_glass','','','moreblocks:clean_glass','moreblocks:clean_glass','','moreblocks:clean_glass','moreblocks:clean_glass','moreblocks:clean_glass'),
('moreblocks:stair_clean_glass 8',3,'','','moreblocks:clean_glass','','moreblocks:clean_glass','moreblocks:clean_glass','moreblocks:clean_glass','moreblocks:clean_glass','moreblocks:clean_glass'),
('moreblocks:stair_clean_glass_alt',2,'moreblocks:panel_clean_glass','','','moreblocks:panel_clean_glass','','','','',''),
('moreblocks:stair_clean_glass_alt',2,'','moreblocks:panel_clean_glass','moreblocks:panel_clean_glass','','','','','',''),
('moreblocks:slab_clean_glass 6',3,'moreblocks:clean_glass','moreblocks:clean_glass','moreblocks:clean_glass','','','','','',''),
('moreblocks:slab_clean_glass',2,'moreblocks:panel_clean_glass','moreblocks:panel_clean_glass','','','','','','',''),
('moreblocks:slab_clean_glass',1,'moreblocks:panel_clean_glass','moreblocks:panel_clean_glass','','','','','','',''),
('moreblocks:slope_clean_glass 7',3,'moreblocks:panel_clean_glass','','','moreblocks:clean_glass','moreblocks:panel_clean_glass','','moreblocks:clean_glass','moreblocks:clean_glass','moreblocks:panel_clean_glass'),
('moreblocks:slope_clean_glass 7',3,'','','moreblocks:panel_clean_glass','','moreblocks:panel_clean_glass','moreblocks:clean_glass','moreblocks:panel_clean_glass','moreblocks:clean_glass','moreblocks:clean_glass'),
('moreblocks:slope_clean_glass_half 10',3,'moreblocks:panel_clean_glass','','','moreblocks:clean_glass','moreblocks:clean_glass','moreblocks:panel_clean_glass','','',''),
('moreblocks:slope_clean_glass_half 10',3,'','','moreblocks:panel_clean_glass','moreblocks:panel_clean_glass','moreblocks:clean_glass','moreblocks:clean_glass','','',''),
('moreblocks:slope_clean_glass_half_raised 7',3,'moreblocks:panel_clean_glass','','','moreblocks:clean_glass','moreblocks:clean_glass','moreblocks:panel_clean_glass','moreblocks:clean_glass','moreblocks:clean_glass','moreblocks:clean_glass'),
('moreblocks:slope_clean_glass_half_raised 7',3,'','','moreblocks:panel_clean_glass','moreblocks:panel_clean_glass','moreblocks:clean_glass','moreblocks:clean_glass','moreblocks:clean_glass','moreblocks:clean_glass','moreblocks:clean_glass'),
('moreblocks:slope_clean_glass_inner 7',3,'moreblocks:stair_clean_glass_half','','','moreblocks:clean_glass','moreblocks:stair_clean_glass_half','','moreblocks:clean_glass','moreblocks:clean_glass','moreblocks:stair_clean_glass_half'),
('moreblocks:slope_clean_glass_inner 7',3,'','','moreblocks:stair_clean_glass_half','','moreblocks:stair_clean_glass_half','moreblocks:clean_glass','moreblocks:stair_clean_glass_half','moreblocks:clean_glass','moreblocks:clean_glass'),
('moreblocks:slope_clean_glass_inner_half 10',3,'moreblocks:stair_clean_glass_half','','','moreblocks:clean_glass','moreblocks:clean_glass','moreblocks:stair_clean_glass_half','','',''),
('moreblocks:slope_clean_glass_inner_half 10',3,'','','moreblocks:stair_clean_glass_half','moreblocks:stair_clean_glass_half','moreblocks:clean_glass','moreblocks:clean_glass','','',''),
('moreblocks:slope_clean_glass_inner_half_raised 7',3,'moreblocks:stair_clean_glass_half','','','moreblocks:clean_glass','moreblocks:clean_glass','moreblocks:stair_clean_glass_half','moreblocks:clean_glass','moreblocks:clean_glass','moreblocks:clean_glass'),
('moreblocks:slope_clean_glass_inner_half_raised 7',3,'','','moreblocks:stair_clean_glass_half','moreblocks:stair_clean_glass_half','moreblocks:clean_glass','moreblocks:clean_glass','moreblocks:clean_glass','moreblocks:clean_glass','moreblocks:clean_glass'),
('moreblocks:slope_clean_glass_outer 7',3,'moreblocks:micro_clean_glass','','','moreblocks:clean_glass','moreblocks:micro_clean_glass','','moreblocks:clean_glass','moreblocks:clean_glass','moreblocks:micro_clean_glass'),
('moreblocks:slope_clean_glass_outer 7',3,'','','moreblocks:micro_clean_glass','','moreblocks:micro_clean_glass','moreblocks:clean_glass','moreblocks:micro_clean_glass','moreblocks:clean_glass','moreblocks:clean_glass'),
('moreblocks:slope_clean_glass_outer_half 10',3,'moreblocks:micro_clean_glass','','','moreblocks:clean_glass','moreblocks:clean_glass','moreblocks:micro_clean_glass','','',''),
('moreblocks:slope_clean_glass_outer_half 10',3,'','','moreblocks:micro_clean_glass','moreblocks:micro_clean_glass','moreblocks:clean_glass','moreblocks:clean_glass','','',''),
('moreblocks:slope_clean_glass_outer_half_raised 7',3,'moreblocks:micro_clean_glass','','','moreblocks:clean_glass','moreblocks:clean_glass','moreblocks:micro_clean_glass','moreblocks:clean_glass','moreblocks:clean_glass','moreblocks:clean_glass'),
('moreblocks:slope_clean_glass_outer_half_raised 7',3,'','','moreblocks:micro_clean_glass','moreblocks:micro_clean_glass','moreblocks:clean_glass','moreblocks:clean_glass','moreblocks:clean_glass','moreblocks:clean_glass','moreblocks:clean_glass'),
('moreblocks:panel_clean_glass 12',2,'moreblocks:clean_glass','','moreblocks:clean_glass','moreblocks:clean_glass','','','','',''),
('moreblocks:panel_clean_glass 12',2,'','moreblocks:clean_glass','moreblocks:clean_glass','moreblocks:clean_glass','','','','',''),
('moreblocks:stair_wood_tile_center 8',3,'moreblocks:wood_tile_center','','','moreblocks:wood_tile_center','moreblocks:wood_tile_center','','moreblocks:wood_tile_center','moreblocks:wood_tile_center','moreblocks:wood_tile_center'),
('moreblocks:stair_wood_tile_center 8',3,'','','moreblocks:wood_tile_center','','moreblocks:wood_tile_center','moreblocks:wood_tile_center','moreblocks:wood_tile_center','moreblocks:wood_tile_center','moreblocks:wood_tile_center'),
('moreblocks:stair_wood_tile_center_alt',2,'moreblocks:panel_wood_tile_center','','','moreblocks:panel_wood_tile_center','','','','',''),
('moreblocks:stair_wood_tile_center_alt',2,'','moreblocks:panel_wood_tile_center','moreblocks:panel_wood_tile_center','','','','','',''),
('moreblocks:slab_wood_tile_center 6',3,'moreblocks:wood_tile_center','moreblocks:wood_tile_center','moreblocks:wood_tile_center','','','','','',''),
('moreblocks:slab_wood_tile_center',2,'moreblocks:panel_wood_tile_center','moreblocks:panel_wood_tile_center','','','','','','',''),
('moreblocks:slab_wood_tile_center',1,'moreblocks:panel_wood_tile_center','moreblocks:panel_wood_tile_center','','','','','','',''),
('moreblocks:slope_wood_tile_center 7',3,'moreblocks:panel_wood_tile_center','','','moreblocks:wood_tile_center','moreblocks:panel_wood_tile_center','','moreblocks:wood_tile_center','moreblocks:wood_tile_center','moreblocks:panel_wood_tile_center'),
('moreblocks:slope_wood_tile_center 7',3,'','','moreblocks:panel_wood_tile_center','','moreblocks:panel_wood_tile_center','moreblocks:wood_tile_center','moreblocks:panel_wood_tile_center','moreblocks:wood_tile_center','moreblocks:wood_tile_center'),
('moreblocks:slope_wood_tile_center_half 10',3,'moreblocks:panel_wood_tile_center','','','moreblocks:wood_tile_center','moreblocks:wood_tile_center','moreblocks:panel_wood_tile_center','','',''),
('moreblocks:slope_wood_tile_center_half 10',3,'','','moreblocks:panel_wood_tile_center','moreblocks:panel_wood_tile_center','moreblocks:wood_tile_center','moreblocks:wood_tile_center','','',''),
('moreblocks:slope_wood_tile_center_half_raised 7',3,'moreblocks:panel_wood_tile_center','','','moreblocks:wood_tile_center','moreblocks:wood_tile_center','moreblocks:panel_wood_tile_center','moreblocks:wood_tile_center','moreblocks:wood_tile_center','moreblocks:wood_tile_center'),
('moreblocks:slope_wood_tile_center_half_raised 7',3,'','','moreblocks:panel_wood_tile_center','moreblocks:panel_wood_tile_center','moreblocks:wood_tile_center','moreblocks:wood_tile_center','moreblocks:wood_tile_center','moreblocks:wood_tile_center','moreblocks:wood_tile_center'),
('moreblocks:slope_wood_tile_center_inner 7',3,'moreblocks:stair_wood_tile_center_half','','','moreblocks:wood_tile_center','moreblocks:stair_wood_tile_center_half','','moreblocks:wood_tile_center','moreblocks:wood_tile_center','moreblocks:stair_wood_tile_center_half'),
('moreblocks:slope_wood_tile_center_inner 7',3,'','','moreblocks:stair_wood_tile_center_half','','moreblocks:stair_wood_tile_center_half','moreblocks:wood_tile_center','moreblocks:stair_wood_tile_center_half','moreblocks:wood_tile_center','moreblocks:wood_tile_center'),
('moreblocks:slope_wood_tile_center_inner_half 10',3,'moreblocks:stair_wood_tile_center_half','','','moreblocks:wood_tile_center','moreblocks:wood_tile_center','moreblocks:stair_wood_tile_center_half','','',''),
('moreblocks:slope_wood_tile_center_inner_half 10',3,'','','moreblocks:stair_wood_tile_center_half','moreblocks:stair_wood_tile_center_half','moreblocks:wood_tile_center','moreblocks:wood_tile_center','','',''),
('moreblocks:slope_wood_tile_center_inner_half_raised 7',3,'moreblocks:stair_wood_tile_center_half','','','moreblocks:wood_tile_center','moreblocks:wood_tile_center','moreblocks:stair_wood_tile_center_half','moreblocks:wood_tile_center','moreblocks:wood_tile_center','moreblocks:wood_tile_center'),
('moreblocks:slope_wood_tile_center_inner_half_raised 7',3,'','','moreblocks:stair_wood_tile_center_half','moreblocks:stair_wood_tile_center_half','moreblocks:wood_tile_center','moreblocks:wood_tile_center','moreblocks:wood_tile_center','moreblocks:wood_tile_center','moreblocks:wood_tile_center'),
('moreblocks:slope_wood_tile_center_outer 7',3,'moreblocks:micro_wood_tile_center','','','moreblocks:wood_tile_center','moreblocks:micro_wood_tile_center','','moreblocks:wood_tile_center','moreblocks:wood_tile_center','moreblocks:micro_wood_tile_center'),
('moreblocks:slope_wood_tile_center_outer 7',3,'','','moreblocks:micro_wood_tile_center','','moreblocks:micro_wood_tile_center','moreblocks:wood_tile_center','moreblocks:micro_wood_tile_center','moreblocks:wood_tile_center','moreblocks:wood_tile_center'),
('moreblocks:slope_wood_tile_center_outer_half 10',3,'moreblocks:micro_wood_tile_center','','','moreblocks:wood_tile_center','moreblocks:wood_tile_center','moreblocks:micro_wood_tile_center','','',''),
('moreblocks:slope_wood_tile_center_outer_half 10',3,'','','moreblocks:micro_wood_tile_center','moreblocks:micro_wood_tile_center','moreblocks:wood_tile_center','moreblocks:wood_tile_center','','',''),
('moreblocks:slope_wood_tile_center_outer_half_raised 7',3,'moreblocks:micro_wood_tile_center','','','moreblocks:wood_tile_center','moreblocks:wood_tile_center','moreblocks:micro_wood_tile_center','moreblocks:wood_tile_center','moreblocks:wood_tile_center','moreblocks:wood_tile_center'),
('moreblocks:slope_wood_tile_center_outer_half_raised 7',3,'','','moreblocks:micro_wood_tile_center','moreblocks:micro_wood_tile_center','moreblocks:wood_tile_center','moreblocks:wood_tile_center','moreblocks:wood_tile_center','moreblocks:wood_tile_center','moreblocks:wood_tile_center'),
('moreblocks:panel_wood_tile_center 12',2,'moreblocks:wood_tile_center','','moreblocks:wood_tile_center','moreblocks:wood_tile_center','','','','',''),
('moreblocks:panel_wood_tile_center 12',2,'','moreblocks:wood_tile_center','moreblocks:wood_tile_center','moreblocks:wood_tile_center','','','','',''),
('moreblocks:stair_cactus_brick 8',3,'moreblocks:cactus_brick','','','moreblocks:cactus_brick','moreblocks:cactus_brick','','moreblocks:cactus_brick','moreblocks:cactus_brick','moreblocks:cactus_brick'),
('moreblocks:stair_cactus_brick 8',3,'','','moreblocks:cactus_brick','','moreblocks:cactus_brick','moreblocks:cactus_brick','moreblocks:cactus_brick','moreblocks:cactus_brick','moreblocks:cactus_brick'),
('moreblocks:stair_cactus_brick_alt',2,'moreblocks:panel_cactus_brick','','','moreblocks:panel_cactus_brick','','','','',''),
('moreblocks:stair_cactus_brick_alt',2,'','moreblocks:panel_cactus_brick','moreblocks:panel_cactus_brick','','','','','',''),
('moreblocks:slab_cactus_brick 6',3,'moreblocks:cactus_brick','moreblocks:cactus_brick','moreblocks:cactus_brick','','','','','',''),
('moreblocks:slab_cactus_brick',2,'moreblocks:panel_cactus_brick','moreblocks:panel_cactus_brick','','','','','','',''),
('moreblocks:slab_cactus_brick',1,'moreblocks:panel_cactus_brick','moreblocks:panel_cactus_brick','','','','','','',''),
('moreblocks:slope_cactus_brick 7',3,'moreblocks:panel_cactus_brick','','','moreblocks:cactus_brick','moreblocks:panel_cactus_brick','','moreblocks:cactus_brick','moreblocks:cactus_brick','moreblocks:panel_cactus_brick'),
('moreblocks:slope_cactus_brick 7',3,'','','moreblocks:panel_cactus_brick','','moreblocks:panel_cactus_brick','moreblocks:cactus_brick','moreblocks:panel_cactus_brick','moreblocks:cactus_brick','moreblocks:cactus_brick'),
('moreblocks:slope_cactus_brick_half 10',3,'moreblocks:panel_cactus_brick','','','moreblocks:cactus_brick','moreblocks:cactus_brick','moreblocks:panel_cactus_brick','','',''),
('moreblocks:slope_cactus_brick_half 10',3,'','','moreblocks:panel_cactus_brick','moreblocks:panel_cactus_brick','moreblocks:cactus_brick','moreblocks:cactus_brick','','',''),
('moreblocks:slope_cactus_brick_half_raised 7',3,'moreblocks:panel_cactus_brick','','','moreblocks:cactus_brick','moreblocks:cactus_brick','moreblocks:panel_cactus_brick','moreblocks:cactus_brick','moreblocks:cactus_brick','moreblocks:cactus_brick'),
('moreblocks:slope_cactus_brick_half_raised 7',3,'','','moreblocks:panel_cactus_brick','moreblocks:panel_cactus_brick','moreblocks:cactus_brick','moreblocks:cactus_brick','moreblocks:cactus_brick','moreblocks:cactus_brick','moreblocks:cactus_brick'),
('moreblocks:slope_cactus_brick_inner 7',3,'moreblocks:stair_cactus_brick_half','','','moreblocks:cactus_brick','moreblocks:stair_cactus_brick_half','','moreblocks:cactus_brick','moreblocks:cactus_brick','moreblocks:stair_cactus_brick_half'),
('moreblocks:slope_cactus_brick_inner 7',3,'','','moreblocks:stair_cactus_brick_half','','moreblocks:stair_cactus_brick_half','moreblocks:cactus_brick','moreblocks:stair_cactus_brick_half','moreblocks:cactus_brick','moreblocks:cactus_brick'),
('moreblocks:slope_cactus_brick_inner_half 10',3,'moreblocks:stair_cactus_brick_half','','','moreblocks:cactus_brick','moreblocks:cactus_brick','moreblocks:stair_cactus_brick_half','','',''),
('moreblocks:slope_cactus_brick_inner_half 10',3,'','','moreblocks:stair_cactus_brick_half','moreblocks:stair_cactus_brick_half','moreblocks:cactus_brick','moreblocks:cactus_brick','','',''),
('moreblocks:slope_cactus_brick_inner_half_raised 7',3,'moreblocks:stair_cactus_brick_half','','','moreblocks:cactus_brick','moreblocks:cactus_brick','moreblocks:stair_cactus_brick_half','moreblocks:cactus_brick','moreblocks:cactus_brick','moreblocks:cactus_brick'),
('moreblocks:slope_cactus_brick_inner_half_raised 7',3,'','','moreblocks:stair_cactus_brick_half','moreblocks:stair_cactus_brick_half','moreblocks:cactus_brick','moreblocks:cactus_brick','moreblocks:cactus_brick','moreblocks:cactus_brick','moreblocks:cactus_brick'),
('moreblocks:slope_cactus_brick_outer 7',3,'moreblocks:micro_cactus_brick','','','moreblocks:cactus_brick','moreblocks:micro_cactus_brick','','moreblocks:cactus_brick','moreblocks:cactus_brick','moreblocks:micro_cactus_brick'),
('moreblocks:slope_cactus_brick_outer 7',3,'','','moreblocks:micro_cactus_brick','','moreblocks:micro_cactus_brick','moreblocks:cactus_brick','moreblocks:micro_cactus_brick','moreblocks:cactus_brick','moreblocks:cactus_brick'),
('moreblocks:slope_cactus_brick_outer_half 10',3,'moreblocks:micro_cactus_brick','','','moreblocks:cactus_brick','moreblocks:cactus_brick','moreblocks:micro_cactus_brick','','',''),
('moreblocks:slope_cactus_brick_outer_half 10',3,'','','moreblocks:micro_cactus_brick','moreblocks:micro_cactus_brick','moreblocks:cactus_brick','moreblocks:cactus_brick','','',''),
('moreblocks:slope_cactus_brick_outer_half_raised 7',3,'moreblocks:micro_cactus_brick','','','moreblocks:cactus_brick','moreblocks:cactus_brick','moreblocks:micro_cactus_brick','moreblocks:cactus_brick','moreblocks:cactus_brick','moreblocks:cactus_brick'),
('moreblocks:slope_cactus_brick_outer_half_raised 7',3,'','','moreblocks:micro_cactus_brick','moreblocks:micro_cactus_brick','moreblocks:cactus_brick','moreblocks:cactus_brick','moreblocks:cactus_brick','moreblocks:cactus_brick','moreblocks:cactus_brick'),
('moreblocks:panel_cactus_brick 12',2,'moreblocks:cactus_brick','','moreblocks:cactus_brick','moreblocks:cactus_brick','','','','',''),
('moreblocks:panel_cactus_brick 12',2,'','moreblocks:cactus_brick','moreblocks:cactus_brick','moreblocks:cactus_brick','','','','',''),
('moreblocks:stair_stone_tile 8',3,'moreblocks:stone_tile','','','moreblocks:stone_tile','moreblocks:stone_tile','','moreblocks:stone_tile','moreblocks:stone_tile','moreblocks:stone_tile'),
('moreblocks:stair_stone_tile 8',3,'','','moreblocks:stone_tile','','moreblocks:stone_tile','moreblocks:stone_tile','moreblocks:stone_tile','moreblocks:stone_tile','moreblocks:stone_tile'),
('moreblocks:stair_stone_tile_alt',2,'moreblocks:panel_stone_tile','','','moreblocks:panel_stone_tile','','','','',''),
('moreblocks:stair_stone_tile_alt',2,'','moreblocks:panel_stone_tile','moreblocks:panel_stone_tile','','','','','',''),
('moreblocks:slab_stone_tile 6',3,'moreblocks:stone_tile','moreblocks:stone_tile','moreblocks:stone_tile','','','','','',''),
('moreblocks:slab_stone_tile',2,'moreblocks:panel_stone_tile','moreblocks:panel_stone_tile','','','','','','',''),
('moreblocks:slab_stone_tile',1,'moreblocks:panel_stone_tile','moreblocks:panel_stone_tile','','','','','','',''),
('moreblocks:slope_stone_tile 7',3,'moreblocks:panel_stone_tile','','','moreblocks:stone_tile','moreblocks:panel_stone_tile','','moreblocks:stone_tile','moreblocks:stone_tile','moreblocks:panel_stone_tile'),
('moreblocks:slope_stone_tile 7',3,'','','moreblocks:panel_stone_tile','','moreblocks:panel_stone_tile','moreblocks:stone_tile','moreblocks:panel_stone_tile','moreblocks:stone_tile','moreblocks:stone_tile'),
('moreblocks:slope_stone_tile_half 10',3,'moreblocks:panel_stone_tile','','','moreblocks:stone_tile','moreblocks:stone_tile','moreblocks:panel_stone_tile','','',''),
('moreblocks:slope_stone_tile_half 10',3,'','','moreblocks:panel_stone_tile','moreblocks:panel_stone_tile','moreblocks:stone_tile','moreblocks:stone_tile','','',''),
('moreblocks:slope_stone_tile_half_raised 7',3,'moreblocks:panel_stone_tile','','','moreblocks:stone_tile','moreblocks:stone_tile','moreblocks:panel_stone_tile','moreblocks:stone_tile','moreblocks:stone_tile','moreblocks:stone_tile'),
('moreblocks:slope_stone_tile_half_raised 7',3,'','','moreblocks:panel_stone_tile','moreblocks:panel_stone_tile','moreblocks:stone_tile','moreblocks:stone_tile','moreblocks:stone_tile','moreblocks:stone_tile','moreblocks:stone_tile'),
('moreblocks:slope_stone_tile_inner 7',3,'moreblocks:stair_stone_tile_half','','','moreblocks:stone_tile','moreblocks:stair_stone_tile_half','','moreblocks:stone_tile','moreblocks:stone_tile','moreblocks:stair_stone_tile_half'),
('moreblocks:slope_stone_tile_inner 7',3,'','','moreblocks:stair_stone_tile_half','','moreblocks:stair_stone_tile_half','moreblocks:stone_tile','moreblocks:stair_stone_tile_half','moreblocks:stone_tile','moreblocks:stone_tile'),
('moreblocks:slope_stone_tile_inner_half 10',3,'moreblocks:stair_stone_tile_half','','','moreblocks:stone_tile','moreblocks:stone_tile','moreblocks:stair_stone_tile_half','','',''),
('moreblocks:slope_stone_tile_inner_half 10',3,'','','moreblocks:stair_stone_tile_half','moreblocks:stair_stone_tile_half','moreblocks:stone_tile','moreblocks:stone_tile','','',''),
('moreblocks:slope_stone_tile_inner_half_raised 7',3,'moreblocks:stair_stone_tile_half','','','moreblocks:stone_tile','moreblocks:stone_tile','moreblocks:stair_stone_tile_half','moreblocks:stone_tile','moreblocks:stone_tile','moreblocks:stone_tile'),
('moreblocks:slope_stone_tile_inner_half_raised 7',3,'','','moreblocks:stair_stone_tile_half','moreblocks:stair_stone_tile_half','moreblocks:stone_tile','moreblocks:stone_tile','moreblocks:stone_tile','moreblocks:stone_tile','moreblocks:stone_tile'),
('moreblocks:slope_stone_tile_outer 7',3,'moreblocks:micro_stone_tile','','','moreblocks:stone_tile','moreblocks:micro_stone_tile','','moreblocks:stone_tile','moreblocks:stone_tile','moreblocks:micro_stone_tile'),
('moreblocks:slope_stone_tile_outer 7',3,'','','moreblocks:micro_stone_tile','','moreblocks:micro_stone_tile','moreblocks:stone_tile','moreblocks:micro_stone_tile','moreblocks:stone_tile','moreblocks:stone_tile'),
('moreblocks:slope_stone_tile_outer_half 10',3,'moreblocks:micro_stone_tile','','','moreblocks:stone_tile','moreblocks:stone_tile','moreblocks:micro_stone_tile','','',''),
('moreblocks:slope_stone_tile_outer_half 10',3,'','','moreblocks:micro_stone_tile','moreblocks:micro_stone_tile','moreblocks:stone_tile','moreblocks:stone_tile','','',''),
('moreblocks:slope_stone_tile_outer_half_raised 7',3,'moreblocks:micro_stone_tile','','','moreblocks:stone_tile','moreblocks:stone_tile','moreblocks:micro_stone_tile','moreblocks:stone_tile','moreblocks:stone_tile','moreblocks:stone_tile'),
('moreblocks:slope_stone_tile_outer_half_raised 7',3,'','','moreblocks:micro_stone_tile','moreblocks:micro_stone_tile','moreblocks:stone_tile','moreblocks:stone_tile','moreblocks:stone_tile','moreblocks:stone_tile','moreblocks:stone_tile'),
('moreblocks:panel_stone_tile 12',2,'moreblocks:stone_tile','','moreblocks:stone_tile','moreblocks:stone_tile','','','','',''),
('moreblocks:panel_stone_tile 12',2,'','moreblocks:stone_tile','moreblocks:stone_tile','moreblocks:stone_tile','','','','',''),
('moreblocks:stair_wood_tile 8',3,'moreblocks:wood_tile','','','moreblocks:wood_tile','moreblocks:wood_tile','','moreblocks:wood_tile','moreblocks:wood_tile','moreblocks:wood_tile'),
('moreblocks:stair_wood_tile 8',3,'','','moreblocks:wood_tile','','moreblocks:wood_tile','moreblocks:wood_tile','moreblocks:wood_tile','moreblocks:wood_tile','moreblocks:wood_tile'),
('moreblocks:stair_wood_tile_alt',2,'moreblocks:panel_wood_tile','','','moreblocks:panel_wood_tile','','','','',''),
('moreblocks:stair_wood_tile_alt',2,'','moreblocks:panel_wood_tile','moreblocks:panel_wood_tile','','','','','',''),
('moreblocks:slab_wood_tile 6',3,'moreblocks:wood_tile','moreblocks:wood_tile','moreblocks:wood_tile','','','','','',''),
('moreblocks:slab_wood_tile',2,'moreblocks:panel_wood_tile','moreblocks:panel_wood_tile','','','','','','',''),
('moreblocks:slab_wood_tile',1,'moreblocks:panel_wood_tile','moreblocks:panel_wood_tile','','','','','','',''),
('moreblocks:slope_wood_tile 7',3,'moreblocks:panel_wood_tile','','','moreblocks:wood_tile','moreblocks:panel_wood_tile','','moreblocks:wood_tile','moreblocks:wood_tile','moreblocks:panel_wood_tile'),
('moreblocks:slope_wood_tile 7',3,'','','moreblocks:panel_wood_tile','','moreblocks:panel_wood_tile','moreblocks:wood_tile','moreblocks:panel_wood_tile','moreblocks:wood_tile','moreblocks:wood_tile'),
('moreblocks:slope_wood_tile_half 10',3,'moreblocks:panel_wood_tile','','','moreblocks:wood_tile','moreblocks:wood_tile','moreblocks:panel_wood_tile','','',''),
('moreblocks:slope_wood_tile_half 10',3,'','','moreblocks:panel_wood_tile','moreblocks:panel_wood_tile','moreblocks:wood_tile','moreblocks:wood_tile','','',''),
('moreblocks:slope_wood_tile_half_raised 7',3,'moreblocks:panel_wood_tile','','','moreblocks:wood_tile','moreblocks:wood_tile','moreblocks:panel_wood_tile','moreblocks:wood_tile','moreblocks:wood_tile','moreblocks:wood_tile'),
('moreblocks:slope_wood_tile_half_raised 7',3,'','','moreblocks:panel_wood_tile','moreblocks:panel_wood_tile','moreblocks:wood_tile','moreblocks:wood_tile','moreblocks:wood_tile','moreblocks:wood_tile','moreblocks:wood_tile'),
('moreblocks:slope_wood_tile_inner 7',3,'moreblocks:stair_wood_tile_half','','','moreblocks:wood_tile','moreblocks:stair_wood_tile_half','','moreblocks:wood_tile','moreblocks:wood_tile','moreblocks:stair_wood_tile_half'),
('moreblocks:slope_wood_tile_inner 7',3,'','','moreblocks:stair_wood_tile_half','','moreblocks:stair_wood_tile_half','moreblocks:wood_tile','moreblocks:stair_wood_tile_half','moreblocks:wood_tile','moreblocks:wood_tile'),
('moreblocks:slope_wood_tile_inner_half 10',3,'moreblocks:stair_wood_tile_half','','','moreblocks:wood_tile','moreblocks:wood_tile','moreblocks:stair_wood_tile_half','','',''),
('moreblocks:slope_wood_tile_inner_half 10',3,'','','moreblocks:stair_wood_tile_half','moreblocks:stair_wood_tile_half','moreblocks:wood_tile','moreblocks:wood_tile','','',''),
('moreblocks:slope_wood_tile_inner_half_raised 7',3,'moreblocks:stair_wood_tile_half','','','moreblocks:wood_tile','moreblocks:wood_tile','moreblocks:stair_wood_tile_half','moreblocks:wood_tile','moreblocks:wood_tile','moreblocks:wood_tile'),
('moreblocks:slope_wood_tile_inner_half_raised 7',3,'','','moreblocks:stair_wood_tile_half','moreblocks:stair_wood_tile_half','moreblocks:wood_tile','moreblocks:wood_tile','moreblocks:wood_tile','moreblocks:wood_tile','moreblocks:wood_tile'),
('moreblocks:slope_wood_tile_outer 7',3,'moreblocks:micro_wood_tile','','','moreblocks:wood_tile','moreblocks:micro_wood_tile','','moreblocks:wood_tile','moreblocks:wood_tile','moreblocks:micro_wood_tile'),
('moreblocks:slope_wood_tile_outer 7',3,'','','moreblocks:micro_wood_tile','','moreblocks:micro_wood_tile','moreblocks:wood_tile','moreblocks:micro_wood_tile','moreblocks:wood_tile','moreblocks:wood_tile'),
('moreblocks:slope_wood_tile_outer_half 10',3,'moreblocks:micro_wood_tile','','','moreblocks:wood_tile','moreblocks:wood_tile','moreblocks:micro_wood_tile','','',''),
('moreblocks:slope_wood_tile_outer_half 10',3,'','','moreblocks:micro_wood_tile','moreblocks:micro_wood_tile','moreblocks:wood_tile','moreblocks:wood_tile','','',''),
('moreblocks:slope_wood_tile_outer_half_raised 7',3,'moreblocks:micro_wood_tile','','','moreblocks:wood_tile','moreblocks:wood_tile','moreblocks:micro_wood_tile','moreblocks:wood_tile','moreblocks:wood_tile','moreblocks:wood_tile'),
('moreblocks:slope_wood_tile_outer_half_raised 7',3,'','','moreblocks:micro_wood_tile','moreblocks:micro_wood_tile','moreblocks:wood_tile','moreblocks:wood_tile','moreblocks:wood_tile','moreblocks:wood_tile','moreblocks:wood_tile'),
('moreblocks:panel_wood_tile 12',2,'moreblocks:wood_tile','','moreblocks:wood_tile','moreblocks:wood_tile','','','','',''),
('moreblocks:panel_wood_tile 12',2,'','moreblocks:wood_tile','moreblocks:wood_tile','moreblocks:wood_tile','','','','',''),
('moreblocks:stair_split_stone_tile_alt 8',3,'moreblocks:split_stone_tile_alt','','','moreblocks:split_stone_tile_alt','moreblocks:split_stone_tile_alt','','moreblocks:split_stone_tile_alt','moreblocks:split_stone_tile_alt','moreblocks:split_stone_tile_alt'),
('moreblocks:stair_split_stone_tile_alt 8',3,'','','moreblocks:split_stone_tile_alt','','moreblocks:split_stone_tile_alt','moreblocks:split_stone_tile_alt','moreblocks:split_stone_tile_alt','moreblocks:split_stone_tile_alt','moreblocks:split_stone_tile_alt'),
('moreblocks:stair_split_stone_tile_alt_alt',2,'moreblocks:panel_split_stone_tile_alt','','','moreblocks:panel_split_stone_tile_alt','','','','',''),
('moreblocks:stair_split_stone_tile_alt_alt',2,'','moreblocks:panel_split_stone_tile_alt','moreblocks:panel_split_stone_tile_alt','','','','','',''),
('moreblocks:slab_split_stone_tile_alt 6',3,'moreblocks:split_stone_tile_alt','moreblocks:split_stone_tile_alt','moreblocks:split_stone_tile_alt','','','','','',''),
('moreblocks:slab_split_stone_tile_alt',2,'moreblocks:panel_split_stone_tile_alt','moreblocks:panel_split_stone_tile_alt','','','','','','',''),
('moreblocks:slab_split_stone_tile_alt',1,'moreblocks:panel_split_stone_tile_alt','moreblocks:panel_split_stone_tile_alt','','','','','','',''),
('moreblocks:slope_split_stone_tile_alt 7',3,'moreblocks:panel_split_stone_tile_alt','','','moreblocks:split_stone_tile_alt','moreblocks:panel_split_stone_tile_alt','','moreblocks:split_stone_tile_alt','moreblocks:split_stone_tile_alt','moreblocks:panel_split_stone_tile_alt'),
('moreblocks:slope_split_stone_tile_alt 7',3,'','','moreblocks:panel_split_stone_tile_alt','','moreblocks:panel_split_stone_tile_alt','moreblocks:split_stone_tile_alt','moreblocks:panel_split_stone_tile_alt','moreblocks:split_stone_tile_alt','moreblocks:split_stone_tile_alt'),
('moreblocks:slope_split_stone_tile_alt_half 10',3,'moreblocks:panel_split_stone_tile_alt','','','moreblocks:split_stone_tile_alt','moreblocks:split_stone_tile_alt','moreblocks:panel_split_stone_tile_alt','','',''),
('moreblocks:slope_split_stone_tile_alt_half 10',3,'','','moreblocks:panel_split_stone_tile_alt','moreblocks:panel_split_stone_tile_alt','moreblocks:split_stone_tile_alt','moreblocks:split_stone_tile_alt','','',''),
('moreblocks:slope_split_stone_tile_alt_half_raised 7',3,'moreblocks:panel_split_stone_tile_alt','','','moreblocks:split_stone_tile_alt','moreblocks:split_stone_tile_alt','moreblocks:panel_split_stone_tile_alt','moreblocks:split_stone_tile_alt','moreblocks:split_stone_tile_alt','moreblocks:split_stone_tile_alt'),
('moreblocks:slope_split_stone_tile_alt_half_raised 7',3,'','','moreblocks:panel_split_stone_tile_alt','moreblocks:panel_split_stone_tile_alt','moreblocks:split_stone_tile_alt','moreblocks:split_stone_tile_alt','moreblocks:split_stone_tile_alt','moreblocks:split_stone_tile_alt','moreblocks:split_stone_tile_alt'),
('moreblocks:slope_split_stone_tile_alt_inner 7',3,'moreblocks:stair_split_stone_tile_alt_half','','','moreblocks:split_stone_tile_alt','moreblocks:stair_split_stone_tile_alt_half','','moreblocks:split_stone_tile_alt','moreblocks:split_stone_tile_alt','moreblocks:stair_split_stone_tile_alt_half'),
('moreblocks:slope_split_stone_tile_alt_inner 7',3,'','','moreblocks:stair_split_stone_tile_alt_half','','moreblocks:stair_split_stone_tile_alt_half','moreblocks:split_stone_tile_alt','moreblocks:stair_split_stone_tile_alt_half','moreblocks:split_stone_tile_alt','moreblocks:split_stone_tile_alt'),
('moreblocks:slope_split_stone_tile_alt_inner_half 10',3,'moreblocks:stair_split_stone_tile_alt_half','','','moreblocks:split_stone_tile_alt','moreblocks:split_stone_tile_alt','moreblocks:stair_split_stone_tile_alt_half','','',''),
('moreblocks:slope_split_stone_tile_alt_inner_half 10',3,'','','moreblocks:stair_split_stone_tile_alt_half','moreblocks:stair_split_stone_tile_alt_half','moreblocks:split_stone_tile_alt','moreblocks:split_stone_tile_alt','','',''),
('moreblocks:slope_split_stone_tile_alt_inner_half_raised 7',3,'moreblocks:stair_split_stone_tile_alt_half','','','moreblocks:split_stone_tile_alt','moreblocks:split_stone_tile_alt','moreblocks:stair_split_stone_tile_alt_half','moreblocks:split_stone_tile_alt','moreblocks:split_stone_tile_alt','moreblocks:split_stone_tile_alt'),
('moreblocks:slope_split_stone_tile_alt_inner_half_raised 7',3,'','','moreblocks:stair_split_stone_tile_alt_half','moreblocks:stair_split_stone_tile_alt_half','moreblocks:split_stone_tile_alt','moreblocks:split_stone_tile_alt','moreblocks:split_stone_tile_alt','moreblocks:split_stone_tile_alt','moreblocks:split_stone_tile_alt'),
('moreblocks:slope_split_stone_tile_alt_outer 7',3,'moreblocks:micro_split_stone_tile_alt','','','moreblocks:split_stone_tile_alt','moreblocks:micro_split_stone_tile_alt','','moreblocks:split_stone_tile_alt','moreblocks:split_stone_tile_alt','moreblocks:micro_split_stone_tile_alt'),
('moreblocks:slope_split_stone_tile_alt_outer 7',3,'','','moreblocks:micro_split_stone_tile_alt','','moreblocks:micro_split_stone_tile_alt','moreblocks:split_stone_tile_alt','moreblocks:micro_split_stone_tile_alt','moreblocks:split_stone_tile_alt','moreblocks:split_stone_tile_alt'),
('moreblocks:slope_split_stone_tile_alt_outer_half 10',3,'moreblocks:micro_split_stone_tile_alt','','','moreblocks:split_stone_tile_alt','moreblocks:split_stone_tile_alt','moreblocks:micro_split_stone_tile_alt','','',''),
('moreblocks:slope_split_stone_tile_alt_outer_half 10',3,'','','moreblocks:micro_split_stone_tile_alt','moreblocks:micro_split_stone_tile_alt','moreblocks:split_stone_tile_alt','moreblocks:split_stone_tile_alt','','',''),
('moreblocks:slope_split_stone_tile_alt_outer_half_raised 7',3,'moreblocks:micro_split_stone_tile_alt','','','moreblocks:split_stone_tile_alt','moreblocks:split_stone_tile_alt','moreblocks:micro_split_stone_tile_alt','moreblocks:split_stone_tile_alt','moreblocks:split_stone_tile_alt','moreblocks:split_stone_tile_alt'),
('moreblocks:slope_split_stone_tile_alt_outer_half_raised 7',3,'','','moreblocks:micro_split_stone_tile_alt','moreblocks:micro_split_stone_tile_alt','moreblocks:split_stone_tile_alt','moreblocks:split_stone_tile_alt','moreblocks:split_stone_tile_alt','moreblocks:split_stone_tile_alt','moreblocks:split_stone_tile_alt'),
('moreblocks:panel_split_stone_tile_alt 12',2,'moreblocks:split_stone_tile_alt','','moreblocks:split_stone_tile_alt','moreblocks:split_stone_tile_alt','','','','',''),
('moreblocks:panel_split_stone_tile_alt 12',2,'','moreblocks:split_stone_tile_alt','moreblocks:split_stone_tile_alt','moreblocks:split_stone_tile_alt','','','','',''),
('moreblocks:stair_coal_glass 8',3,'moreblocks:coal_glass','','','moreblocks:coal_glass','moreblocks:coal_glass','','moreblocks:coal_glass','moreblocks:coal_glass','moreblocks:coal_glass'),
('moreblocks:stair_coal_glass 8',3,'','','moreblocks:coal_glass','','moreblocks:coal_glass','moreblocks:coal_glass','moreblocks:coal_glass','moreblocks:coal_glass','moreblocks:coal_glass'),
('moreblocks:stair_coal_glass_alt',2,'moreblocks:panel_coal_glass','','','moreblocks:panel_coal_glass','','','','',''),
('moreblocks:stair_coal_glass_alt',2,'','moreblocks:panel_coal_glass','moreblocks:panel_coal_glass','','','','','',''),
('moreblocks:slab_coal_glass 6',3,'moreblocks:coal_glass','moreblocks:coal_glass','moreblocks:coal_glass','','','','','',''),
('moreblocks:slab_coal_glass',2,'moreblocks:panel_coal_glass','moreblocks:panel_coal_glass','','','','','','',''),
('moreblocks:slab_coal_glass',1,'moreblocks:panel_coal_glass','moreblocks:panel_coal_glass','','','','','','',''),
('moreblocks:slope_coal_glass 7',3,'moreblocks:panel_coal_glass','','','moreblocks:coal_glass','moreblocks:panel_coal_glass','','moreblocks:coal_glass','moreblocks:coal_glass','moreblocks:panel_coal_glass'),
('moreblocks:slope_coal_glass 7',3,'','','moreblocks:panel_coal_glass','','moreblocks:panel_coal_glass','moreblocks:coal_glass','moreblocks:panel_coal_glass','moreblocks:coal_glass','moreblocks:coal_glass'),
('moreblocks:slope_coal_glass_half 10',3,'moreblocks:panel_coal_glass','','','moreblocks:coal_glass','moreblocks:coal_glass','moreblocks:panel_coal_glass','','',''),
('moreblocks:slope_coal_glass_half 10',3,'','','moreblocks:panel_coal_glass','moreblocks:panel_coal_glass','moreblocks:coal_glass','moreblocks:coal_glass','','',''),
('moreblocks:slope_coal_glass_half_raised 7',3,'moreblocks:panel_coal_glass','','','moreblocks:coal_glass','moreblocks:coal_glass','moreblocks:panel_coal_glass','moreblocks:coal_glass','moreblocks:coal_glass','moreblocks:coal_glass'),
('moreblocks:slope_coal_glass_half_raised 7',3,'','','moreblocks:panel_coal_glass','moreblocks:panel_coal_glass','moreblocks:coal_glass','moreblocks:coal_glass','moreblocks:coal_glass','moreblocks:coal_glass','moreblocks:coal_glass'),
('moreblocks:slope_coal_glass_inner 7',3,'moreblocks:stair_coal_glass_half','','','moreblocks:coal_glass','moreblocks:stair_coal_glass_half','','moreblocks:coal_glass','moreblocks:coal_glass','moreblocks:stair_coal_glass_half'),
('moreblocks:slope_coal_glass_inner 7',3,'','','moreblocks:stair_coal_glass_half','','moreblocks:stair_coal_glass_half','moreblocks:coal_glass','moreblocks:stair_coal_glass_half','moreblocks:coal_glass','moreblocks:coal_glass'),
('moreblocks:slope_coal_glass_inner_half 10',3,'moreblocks:stair_coal_glass_half','','','moreblocks:coal_glass','moreblocks:coal_glass','moreblocks:stair_coal_glass_half','','',''),
('moreblocks:slope_coal_glass_inner_half 10',3,'','','moreblocks:stair_coal_glass_half','moreblocks:stair_coal_glass_half','moreblocks:coal_glass','moreblocks:coal_glass','','',''),
('moreblocks:slope_coal_glass_inner_half_raised 7',3,'moreblocks:stair_coal_glass_half','','','moreblocks:coal_glass','moreblocks:coal_glass','moreblocks:stair_coal_glass_half','moreblocks:coal_glass','moreblocks:coal_glass','moreblocks:coal_glass'),
('moreblocks:slope_coal_glass_inner_half_raised 7',3,'','','moreblocks:stair_coal_glass_half','moreblocks:stair_coal_glass_half','moreblocks:coal_glass','moreblocks:coal_glass','moreblocks:coal_glass','moreblocks:coal_glass','moreblocks:coal_glass'),
('moreblocks:slope_coal_glass_outer 7',3,'moreblocks:micro_coal_glass','','','moreblocks:coal_glass','moreblocks:micro_coal_glass','','moreblocks:coal_glass','moreblocks:coal_glass','moreblocks:micro_coal_glass'),
('moreblocks:slope_coal_glass_outer 7',3,'','','moreblocks:micro_coal_glass','','moreblocks:micro_coal_glass','moreblocks:coal_glass','moreblocks:micro_coal_glass','moreblocks:coal_glass','moreblocks:coal_glass'),
('moreblocks:slope_coal_glass_outer_half 10',3,'moreblocks:micro_coal_glass','','','moreblocks:coal_glass','moreblocks:coal_glass','moreblocks:micro_coal_glass','','',''),
('moreblocks:slope_coal_glass_outer_half 10',3,'','','moreblocks:micro_coal_glass','moreblocks:micro_coal_glass','moreblocks:coal_glass','moreblocks:coal_glass','','',''),
('moreblocks:slope_coal_glass_outer_half_raised 7',3,'moreblocks:micro_coal_glass','','','moreblocks:coal_glass','moreblocks:coal_glass','moreblocks:micro_coal_glass','moreblocks:coal_glass','moreblocks:coal_glass','moreblocks:coal_glass'),
('moreblocks:slope_coal_glass_outer_half_raised 7',3,'','','moreblocks:micro_coal_glass','moreblocks:micro_coal_glass','moreblocks:coal_glass','moreblocks:coal_glass','moreblocks:coal_glass','moreblocks:coal_glass','moreblocks:coal_glass'),
('moreblocks:panel_coal_glass 12',2,'moreblocks:coal_glass','','moreblocks:coal_glass','moreblocks:coal_glass','','','','',''),
('moreblocks:panel_coal_glass 12',2,'','moreblocks:coal_glass','moreblocks:coal_glass','moreblocks:coal_glass','','','','',''),
('moreblocks:stair_cobble_compressed 8',3,'moreblocks:cobble_compressed','','','moreblocks:cobble_compressed','moreblocks:cobble_compressed','','moreblocks:cobble_compressed','moreblocks:cobble_compressed','moreblocks:cobble_compressed'),
('moreblocks:stair_cobble_compressed 8',3,'','','moreblocks:cobble_compressed','','moreblocks:cobble_compressed','moreblocks:cobble_compressed','moreblocks:cobble_compressed','moreblocks:cobble_compressed','moreblocks:cobble_compressed'),
('moreblocks:stair_cobble_compressed_alt',2,'moreblocks:panel_cobble_compressed','','','moreblocks:panel_cobble_compressed','','','','',''),
('moreblocks:stair_cobble_compressed_alt',2,'','moreblocks:panel_cobble_compressed','moreblocks:panel_cobble_compressed','','','','','',''),
('moreblocks:slab_cobble_compressed 6',3,'moreblocks:cobble_compressed','moreblocks:cobble_compressed','moreblocks:cobble_compressed','','','','','',''),
('moreblocks:slab_cobble_compressed',2,'moreblocks:panel_cobble_compressed','moreblocks:panel_cobble_compressed','','','','','','',''),
('moreblocks:slab_cobble_compressed',1,'moreblocks:panel_cobble_compressed','moreblocks:panel_cobble_compressed','','','','','','',''),
('moreblocks:slope_cobble_compressed 7',3,'moreblocks:panel_cobble_compressed','','','moreblocks:cobble_compressed','moreblocks:panel_cobble_compressed','','moreblocks:cobble_compressed','moreblocks:cobble_compressed','moreblocks:panel_cobble_compressed'),
('moreblocks:slope_cobble_compressed 7',3,'','','moreblocks:panel_cobble_compressed','','moreblocks:panel_cobble_compressed','moreblocks:cobble_compressed','moreblocks:panel_cobble_compressed','moreblocks:cobble_compressed','moreblocks:cobble_compressed'),
('moreblocks:slope_cobble_compressed_half 10',3,'moreblocks:panel_cobble_compressed','','','moreblocks:cobble_compressed','moreblocks:cobble_compressed','moreblocks:panel_cobble_compressed','','',''),
('moreblocks:slope_cobble_compressed_half 10',3,'','','moreblocks:panel_cobble_compressed','moreblocks:panel_cobble_compressed','moreblocks:cobble_compressed','moreblocks:cobble_compressed','','',''),
('moreblocks:slope_cobble_compressed_half_raised 7',3,'moreblocks:panel_cobble_compressed','','','moreblocks:cobble_compressed','moreblocks:cobble_compressed','moreblocks:panel_cobble_compressed','moreblocks:cobble_compressed','moreblocks:cobble_compressed','moreblocks:cobble_compressed'),
('moreblocks:slope_cobble_compressed_half_raised 7',3,'','','moreblocks:panel_cobble_compressed','moreblocks:panel_cobble_compressed','moreblocks:cobble_compressed','moreblocks:cobble_compressed','moreblocks:cobble_compressed','moreblocks:cobble_compressed','moreblocks:cobble_compressed'),
('moreblocks:slope_cobble_compressed_inner 7',3,'moreblocks:stair_cobble_compressed_half','','','moreblocks:cobble_compressed','moreblocks:stair_cobble_compressed_half','','moreblocks:cobble_compressed','moreblocks:cobble_compressed','moreblocks:stair_cobble_compressed_half'),
('moreblocks:slope_cobble_compressed_inner 7',3,'','','moreblocks:stair_cobble_compressed_half','','moreblocks:stair_cobble_compressed_half','moreblocks:cobble_compressed','moreblocks:stair_cobble_compressed_half','moreblocks:cobble_compressed','moreblocks:cobble_compressed'),
('moreblocks:slope_cobble_compressed_inner_half 10',3,'moreblocks:stair_cobble_compressed_half','','','moreblocks:cobble_compressed','moreblocks:cobble_compressed','moreblocks:stair_cobble_compressed_half','','',''),
('moreblocks:slope_cobble_compressed_inner_half 10',3,'','','moreblocks:stair_cobble_compressed_half','moreblocks:stair_cobble_compressed_half','moreblocks:cobble_compressed','moreblocks:cobble_compressed','','',''),
('moreblocks:slope_cobble_compressed_inner_half_raised 7',3,'moreblocks:stair_cobble_compressed_half','','','moreblocks:cobble_compressed','moreblocks:cobble_compressed','moreblocks:stair_cobble_compressed_half','moreblocks:cobble_compressed','moreblocks:cobble_compressed','moreblocks:cobble_compressed'),
('moreblocks:slope_cobble_compressed_inner_half_raised 7',3,'','','moreblocks:stair_cobble_compressed_half','moreblocks:stair_cobble_compressed_half','moreblocks:cobble_compressed','moreblocks:cobble_compressed','moreblocks:cobble_compressed','moreblocks:cobble_compressed','moreblocks:cobble_compressed'),
('moreblocks:slope_cobble_compressed_outer 7',3,'moreblocks:micro_cobble_compressed','','','moreblocks:cobble_compressed','moreblocks:micro_cobble_compressed','','moreblocks:cobble_compressed','moreblocks:cobble_compressed','moreblocks:micro_cobble_compressed'),
('moreblocks:slope_cobble_compressed_outer 7',3,'','','moreblocks:micro_cobble_compressed','','moreblocks:micro_cobble_compressed','moreblocks:cobble_compressed','moreblocks:micro_cobble_compressed','moreblocks:cobble_compressed','moreblocks:cobble_compressed'),
('moreblocks:slope_cobble_compressed_outer_half 10',3,'moreblocks:micro_cobble_compressed','','','moreblocks:cobble_compressed','moreblocks:cobble_compressed','moreblocks:micro_cobble_compressed','','',''),
('moreblocks:slope_cobble_compressed_outer_half 10',3,'','','moreblocks:micro_cobble_compressed','moreblocks:micro_cobble_compressed','moreblocks:cobble_compressed','moreblocks:cobble_compressed','','',''),
('moreblocks:slope_cobble_compressed_outer_half_raised 7',3,'moreblocks:micro_cobble_compressed','','','moreblocks:cobble_compressed','moreblocks:cobble_compressed','moreblocks:micro_cobble_compressed','moreblocks:cobble_compressed','moreblocks:cobble_compressed','moreblocks:cobble_compressed'),
('moreblocks:slope_cobble_compressed_outer_half_raised 7',3,'','','moreblocks:micro_cobble_compressed','moreblocks:micro_cobble_compressed','moreblocks:cobble_compressed','moreblocks:cobble_compressed','moreblocks:cobble_compressed','moreblocks:cobble_compressed','moreblocks:cobble_compressed'),
('moreblocks:panel_cobble_compressed 12',2,'moreblocks:cobble_compressed','','moreblocks:cobble_compressed','moreblocks:cobble_compressed','','','','',''),
('moreblocks:panel_cobble_compressed 12',2,'','moreblocks:cobble_compressed','moreblocks:cobble_compressed','moreblocks:cobble_compressed','','','','',''),
('moreblocks:stair_iron_checker 8',3,'moreblocks:iron_checker','','','moreblocks:iron_checker','moreblocks:iron_checker','','moreblocks:iron_checker','moreblocks:iron_checker','moreblocks:iron_checker'),
('moreblocks:stair_iron_checker 8',3,'','','moreblocks:iron_checker','','moreblocks:iron_checker','moreblocks:iron_checker','moreblocks:iron_checker','moreblocks:iron_checker','moreblocks:iron_checker'),
('moreblocks:stair_iron_checker_alt',2,'moreblocks:panel_iron_checker','','','moreblocks:panel_iron_checker','','','','',''),
('moreblocks:stair_iron_checker_alt',2,'','moreblocks:panel_iron_checker','moreblocks:panel_iron_checker','','','','','',''),
('moreblocks:slab_iron_checker 6',3,'moreblocks:iron_checker','moreblocks:iron_checker','moreblocks:iron_checker','','','','','',''),
('moreblocks:slab_iron_checker',2,'moreblocks:panel_iron_checker','moreblocks:panel_iron_checker','','','','','','',''),
('moreblocks:slab_iron_checker',1,'moreblocks:panel_iron_checker','moreblocks:panel_iron_checker','','','','','','',''),
('moreblocks:slope_iron_checker 7',3,'moreblocks:panel_iron_checker','','','moreblocks:iron_checker','moreblocks:panel_iron_checker','','moreblocks:iron_checker','moreblocks:iron_checker','moreblocks:panel_iron_checker'),
('moreblocks:slope_iron_checker 7',3,'','','moreblocks:panel_iron_checker','','moreblocks:panel_iron_checker','moreblocks:iron_checker','moreblocks:panel_iron_checker','moreblocks:iron_checker','moreblocks:iron_checker'),
('moreblocks:slope_iron_checker_half 10',3,'moreblocks:panel_iron_checker','','','moreblocks:iron_checker','moreblocks:iron_checker','moreblocks:panel_iron_checker','','',''),
('moreblocks:slope_iron_checker_half 10',3,'','','moreblocks:panel_iron_checker','moreblocks:panel_iron_checker','moreblocks:iron_checker','moreblocks:iron_checker','','',''),
('moreblocks:slope_iron_checker_half_raised 7',3,'moreblocks:panel_iron_checker','','','moreblocks:iron_checker','moreblocks:iron_checker','moreblocks:panel_iron_checker','moreblocks:iron_checker','moreblocks:iron_checker','moreblocks:iron_checker'),
('moreblocks:slope_iron_checker_half_raised 7',3,'','','moreblocks:panel_iron_checker','moreblocks:panel_iron_checker','moreblocks:iron_checker','moreblocks:iron_checker','moreblocks:iron_checker','moreblocks:iron_checker','moreblocks:iron_checker'),
('moreblocks:slope_iron_checker_inner 7',3,'moreblocks:stair_iron_checker_half','','','moreblocks:iron_checker','moreblocks:stair_iron_checker_half','','moreblocks:iron_checker','moreblocks:iron_checker','moreblocks:stair_iron_checker_half'),
('moreblocks:slope_iron_checker_inner 7',3,'','','moreblocks:stair_iron_checker_half','','moreblocks:stair_iron_checker_half','moreblocks:iron_checker','moreblocks:stair_iron_checker_half','moreblocks:iron_checker','moreblocks:iron_checker'),
('moreblocks:slope_iron_checker_inner_half 10',3,'moreblocks:stair_iron_checker_half','','','moreblocks:iron_checker','moreblocks:iron_checker','moreblocks:stair_iron_checker_half','','',''),
('moreblocks:slope_iron_checker_inner_half 10',3,'','','moreblocks:stair_iron_checker_half','moreblocks:stair_iron_checker_half','moreblocks:iron_checker','moreblocks:iron_checker','','',''),
('moreblocks:slope_iron_checker_inner_half_raised 7',3,'moreblocks:stair_iron_checker_half','','','moreblocks:iron_checker','moreblocks:iron_checker','moreblocks:stair_iron_checker_half','moreblocks:iron_checker','moreblocks:iron_checker','moreblocks:iron_checker'),
('moreblocks:slope_iron_checker_inner_half_raised 7',3,'','','moreblocks:stair_iron_checker_half','moreblocks:stair_iron_checker_half','moreblocks:iron_checker','moreblocks:iron_checker','moreblocks:iron_checker','moreblocks:iron_checker','moreblocks:iron_checker'),
('moreblocks:slope_iron_checker_outer 7',3,'moreblocks:micro_iron_checker','','','moreblocks:iron_checker','moreblocks:micro_iron_checker','','moreblocks:iron_checker','moreblocks:iron_checker','moreblocks:micro_iron_checker'),
('moreblocks:slope_iron_checker_outer 7',3,'','','moreblocks:micro_iron_checker','','moreblocks:micro_iron_checker','moreblocks:iron_checker','moreblocks:micro_iron_checker','moreblocks:iron_checker','moreblocks:iron_checker'),
('moreblocks:slope_iron_checker_outer_half 10',3,'moreblocks:micro_iron_checker','','','moreblocks:iron_checker','moreblocks:iron_checker','moreblocks:micro_iron_checker','','',''),
('moreblocks:slope_iron_checker_outer_half 10',3,'','','moreblocks:micro_iron_checker','moreblocks:micro_iron_checker','moreblocks:iron_checker','moreblocks:iron_checker','','',''),
('moreblocks:slope_iron_checker_outer_half_raised 7',3,'moreblocks:micro_iron_checker','','','moreblocks:iron_checker','moreblocks:iron_checker','moreblocks:micro_iron_checker','moreblocks:iron_checker','moreblocks:iron_checker','moreblocks:iron_checker'),
('moreblocks:slope_iron_checker_outer_half_raised 7',3,'','','moreblocks:micro_iron_checker','moreblocks:micro_iron_checker','moreblocks:iron_checker','moreblocks:iron_checker','moreblocks:iron_checker','moreblocks:iron_checker','moreblocks:iron_checker'),
('moreblocks:panel_iron_checker 12',2,'moreblocks:iron_checker','','moreblocks:iron_checker','moreblocks:iron_checker','','','','',''),
('moreblocks:panel_iron_checker 12',2,'','moreblocks:iron_checker','moreblocks:iron_checker','moreblocks:iron_checker','','','','',''),
('moreblocks:stair_grey_bricks 8',3,'moreblocks:grey_bricks','','','moreblocks:grey_bricks','moreblocks:grey_bricks','','moreblocks:grey_bricks','moreblocks:grey_bricks','moreblocks:grey_bricks'),
('moreblocks:stair_grey_bricks 8',3,'','','moreblocks:grey_bricks','','moreblocks:grey_bricks','moreblocks:grey_bricks','moreblocks:grey_bricks','moreblocks:grey_bricks','moreblocks:grey_bricks'),
('moreblocks:stair_grey_bricks_alt',2,'moreblocks:panel_grey_bricks','','','moreblocks:panel_grey_bricks','','','','',''),
('moreblocks:stair_grey_bricks_alt',2,'','moreblocks:panel_grey_bricks','moreblocks:panel_grey_bricks','','','','','',''),
('moreblocks:slab_grey_bricks 6',3,'moreblocks:grey_bricks','moreblocks:grey_bricks','moreblocks:grey_bricks','','','','','',''),
('moreblocks:slab_grey_bricks',2,'moreblocks:panel_grey_bricks','moreblocks:panel_grey_bricks','','','','','','',''),
('moreblocks:slab_grey_bricks',1,'moreblocks:panel_grey_bricks','moreblocks:panel_grey_bricks','','','','','','',''),
('moreblocks:slope_grey_bricks 7',3,'moreblocks:panel_grey_bricks','','','moreblocks:grey_bricks','moreblocks:panel_grey_bricks','','moreblocks:grey_bricks','moreblocks:grey_bricks','moreblocks:panel_grey_bricks'),
('moreblocks:slope_grey_bricks 7',3,'','','moreblocks:panel_grey_bricks','','moreblocks:panel_grey_bricks','moreblocks:grey_bricks','moreblocks:panel_grey_bricks','moreblocks:grey_bricks','moreblocks:grey_bricks'),
('moreblocks:slope_grey_bricks_half 10',3,'moreblocks:panel_grey_bricks','','','moreblocks:grey_bricks','moreblocks:grey_bricks','moreblocks:panel_grey_bricks','','',''),
('moreblocks:slope_grey_bricks_half 10',3,'','','moreblocks:panel_grey_bricks','moreblocks:panel_grey_bricks','moreblocks:grey_bricks','moreblocks:grey_bricks','','',''),
('moreblocks:slope_grey_bricks_half_raised 7',3,'moreblocks:panel_grey_bricks','','','moreblocks:grey_bricks','moreblocks:grey_bricks','moreblocks:panel_grey_bricks','moreblocks:grey_bricks','moreblocks:grey_bricks','moreblocks:grey_bricks'),
('moreblocks:slope_grey_bricks_half_raised 7',3,'','','moreblocks:panel_grey_bricks','moreblocks:panel_grey_bricks','moreblocks:grey_bricks','moreblocks:grey_bricks','moreblocks:grey_bricks','moreblocks:grey_bricks','moreblocks:grey_bricks'),
('moreblocks:slope_grey_bricks_inner 7',3,'moreblocks:stair_grey_bricks_half','','','moreblocks:grey_bricks','moreblocks:stair_grey_bricks_half','','moreblocks:grey_bricks','moreblocks:grey_bricks','moreblocks:stair_grey_bricks_half'),
('moreblocks:slope_grey_bricks_inner 7',3,'','','moreblocks:stair_grey_bricks_half','','moreblocks:stair_grey_bricks_half','moreblocks:grey_bricks','moreblocks:stair_grey_bricks_half','moreblocks:grey_bricks','moreblocks:grey_bricks'),
('moreblocks:slope_grey_bricks_inner_half 10',3,'moreblocks:stair_grey_bricks_half','','','moreblocks:grey_bricks','moreblocks:grey_bricks','moreblocks:stair_grey_bricks_half','','',''),
('moreblocks:slope_grey_bricks_inner_half 10',3,'','','moreblocks:stair_grey_bricks_half','moreblocks:stair_grey_bricks_half','moreblocks:grey_bricks','moreblocks:grey_bricks','','',''),
('moreblocks:slope_grey_bricks_inner_half_raised 7',3,'moreblocks:stair_grey_bricks_half','','','moreblocks:grey_bricks','moreblocks:grey_bricks','moreblocks:stair_grey_bricks_half','moreblocks:grey_bricks','moreblocks:grey_bricks','moreblocks:grey_bricks'),
('moreblocks:slope_grey_bricks_inner_half_raised 7',3,'','','moreblocks:stair_grey_bricks_half','moreblocks:stair_grey_bricks_half','moreblocks:grey_bricks','moreblocks:grey_bricks','moreblocks:grey_bricks','moreblocks:grey_bricks','moreblocks:grey_bricks'),
('moreblocks:slope_grey_bricks_outer 7',3,'moreblocks:micro_grey_bricks','','','moreblocks:grey_bricks','moreblocks:micro_grey_bricks','','moreblocks:grey_bricks','moreblocks:grey_bricks','moreblocks:micro_grey_bricks'),
('moreblocks:slope_grey_bricks_outer 7',3,'','','moreblocks:micro_grey_bricks','','moreblocks:micro_grey_bricks','moreblocks:grey_bricks','moreblocks:micro_grey_bricks','moreblocks:grey_bricks','moreblocks:grey_bricks'),
('moreblocks:slope_grey_bricks_outer_half 10',3,'moreblocks:micro_grey_bricks','','','moreblocks:grey_bricks','moreblocks:grey_bricks','moreblocks:micro_grey_bricks','','',''),
('moreblocks:slope_grey_bricks_outer_half 10',3,'','','moreblocks:micro_grey_bricks','moreblocks:micro_grey_bricks','moreblocks:grey_bricks','moreblocks:grey_bricks','','',''),
('moreblocks:slope_grey_bricks_outer_half_raised 7',3,'moreblocks:micro_grey_bricks','','','moreblocks:grey_bricks','moreblocks:grey_bricks','moreblocks:micro_grey_bricks','moreblocks:grey_bricks','moreblocks:grey_bricks','moreblocks:grey_bricks'),
('moreblocks:slope_grey_bricks_outer_half_raised 7',3,'','','moreblocks:micro_grey_bricks','moreblocks:micro_grey_bricks','moreblocks:grey_bricks','moreblocks:grey_bricks','moreblocks:grey_bricks','moreblocks:grey_bricks','moreblocks:grey_bricks'),
('moreblocks:panel_grey_bricks 12',2,'moreblocks:grey_bricks','','moreblocks:grey_bricks','moreblocks:grey_bricks','','','','',''),
('moreblocks:panel_grey_bricks 12',2,'','moreblocks:grey_bricks','moreblocks:grey_bricks','moreblocks:grey_bricks','','','','',''),
('moreblocks:stair_coal_stone 8',3,'moreblocks:coal_stone','','','moreblocks:coal_stone','moreblocks:coal_stone','','moreblocks:coal_stone','moreblocks:coal_stone','moreblocks:coal_stone'),
('moreblocks:stair_coal_stone 8',3,'','','moreblocks:coal_stone','','moreblocks:coal_stone','moreblocks:coal_stone','moreblocks:coal_stone','moreblocks:coal_stone','moreblocks:coal_stone'),
('moreblocks:stair_coal_stone_alt',2,'moreblocks:panel_coal_stone','','','moreblocks:panel_coal_stone','','','','',''),
('moreblocks:stair_coal_stone_alt',2,'','moreblocks:panel_coal_stone','moreblocks:panel_coal_stone','','','','','',''),
('moreblocks:slab_coal_stone 6',3,'moreblocks:coal_stone','moreblocks:coal_stone','moreblocks:coal_stone','','','','','',''),
('moreblocks:slab_coal_stone',2,'moreblocks:panel_coal_stone','moreblocks:panel_coal_stone','','','','','','',''),
('moreblocks:slab_coal_stone',1,'moreblocks:panel_coal_stone','moreblocks:panel_coal_stone','','','','','','',''),
('moreblocks:slope_coal_stone 7',3,'moreblocks:panel_coal_stone','','','moreblocks:coal_stone','moreblocks:panel_coal_stone','','moreblocks:coal_stone','moreblocks:coal_stone','moreblocks:panel_coal_stone'),
('moreblocks:slope_coal_stone 7',3,'','','moreblocks:panel_coal_stone','','moreblocks:panel_coal_stone','moreblocks:coal_stone','moreblocks:panel_coal_stone','moreblocks:coal_stone','moreblocks:coal_stone'),
('moreblocks:slope_coal_stone_half 10',3,'moreblocks:panel_coal_stone','','','moreblocks:coal_stone','moreblocks:coal_stone','moreblocks:panel_coal_stone','','',''),
('moreblocks:slope_coal_stone_half 10',3,'','','moreblocks:panel_coal_stone','moreblocks:panel_coal_stone','moreblocks:coal_stone','moreblocks:coal_stone','','',''),
('moreblocks:slope_coal_stone_half_raised 7',3,'moreblocks:panel_coal_stone','','','moreblocks:coal_stone','moreblocks:coal_stone','moreblocks:panel_coal_stone','moreblocks:coal_stone','moreblocks:coal_stone','moreblocks:coal_stone'),
('moreblocks:slope_coal_stone_half_raised 7',3,'','','moreblocks:panel_coal_stone','moreblocks:panel_coal_stone','moreblocks:coal_stone','moreblocks:coal_stone','moreblocks:coal_stone','moreblocks:coal_stone','moreblocks:coal_stone'),
('moreblocks:slope_coal_stone_inner 7',3,'moreblocks:stair_coal_stone_half','','','moreblocks:coal_stone','moreblocks:stair_coal_stone_half','','moreblocks:coal_stone','moreblocks:coal_stone','moreblocks:stair_coal_stone_half'),
('moreblocks:slope_coal_stone_inner 7',3,'','','moreblocks:stair_coal_stone_half','','moreblocks:stair_coal_stone_half','moreblocks:coal_stone','moreblocks:stair_coal_stone_half','moreblocks:coal_stone','moreblocks:coal_stone'),
('moreblocks:slope_coal_stone_inner_half 10',3,'moreblocks:stair_coal_stone_half','','','moreblocks:coal_stone','moreblocks:coal_stone','moreblocks:stair_coal_stone_half','','',''),
('moreblocks:slope_coal_stone_inner_half 10',3,'','','moreblocks:stair_coal_stone_half','moreblocks:stair_coal_stone_half','moreblocks:coal_stone','moreblocks:coal_stone','','',''),
('moreblocks:slope_coal_stone_inner_half_raised 7',3,'moreblocks:stair_coal_stone_half','','','moreblocks:coal_stone','moreblocks:coal_stone','moreblocks:stair_coal_stone_half','moreblocks:coal_stone','moreblocks:coal_stone','moreblocks:coal_stone'),
('moreblocks:slope_coal_stone_inner_half_raised 7',3,'','','moreblocks:stair_coal_stone_half','moreblocks:stair_coal_stone_half','moreblocks:coal_stone','moreblocks:coal_stone','moreblocks:coal_stone','moreblocks:coal_stone','moreblocks:coal_stone'),
('moreblocks:slope_coal_stone_outer 7',3,'moreblocks:micro_coal_stone','','','moreblocks:coal_stone','moreblocks:micro_coal_stone','','moreblocks:coal_stone','moreblocks:coal_stone','moreblocks:micro_coal_stone'),
('moreblocks:slope_coal_stone_outer 7',3,'','','moreblocks:micro_coal_stone','','moreblocks:micro_coal_stone','moreblocks:coal_stone','moreblocks:micro_coal_stone','moreblocks:coal_stone','moreblocks:coal_stone'),
('moreblocks:slope_coal_stone_outer_half 10',3,'moreblocks:micro_coal_stone','','','moreblocks:coal_stone','moreblocks:coal_stone','moreblocks:micro_coal_stone','','',''),
('moreblocks:slope_coal_stone_outer_half 10',3,'','','moreblocks:micro_coal_stone','moreblocks:micro_coal_stone','moreblocks:coal_stone','moreblocks:coal_stone','','',''),
('moreblocks:slope_coal_stone_outer_half_raised 7',3,'moreblocks:micro_coal_stone','','','moreblocks:coal_stone','moreblocks:coal_stone','moreblocks:micro_coal_stone','moreblocks:coal_stone','moreblocks:coal_stone','moreblocks:coal_stone'),
('moreblocks:slope_coal_stone_outer_half_raised 7',3,'','','moreblocks:micro_coal_stone','moreblocks:micro_coal_stone','moreblocks:coal_stone','moreblocks:coal_stone','moreblocks:coal_stone','moreblocks:coal_stone','moreblocks:coal_stone'),
('moreblocks:panel_coal_stone 12',2,'moreblocks:coal_stone','','moreblocks:coal_stone','moreblocks:coal_stone','','','','',''),
('moreblocks:panel_coal_stone 12',2,'','moreblocks:coal_stone','moreblocks:coal_stone','moreblocks:coal_stone','','','','',''),
('moreblocks:stair_coal_checker 8',3,'moreblocks:coal_checker','','','moreblocks:coal_checker','moreblocks:coal_checker','','moreblocks:coal_checker','moreblocks:coal_checker','moreblocks:coal_checker'),
('moreblocks:stair_coal_checker 8',3,'','','moreblocks:coal_checker','','moreblocks:coal_checker','moreblocks:coal_checker','moreblocks:coal_checker','moreblocks:coal_checker','moreblocks:coal_checker'),
('moreblocks:stair_coal_checker_alt',2,'moreblocks:panel_coal_checker','','','moreblocks:panel_coal_checker','','','','',''),
('moreblocks:stair_coal_checker_alt',2,'','moreblocks:panel_coal_checker','moreblocks:panel_coal_checker','','','','','',''),
('moreblocks:slab_coal_checker 6',3,'moreblocks:coal_checker','moreblocks:coal_checker','moreblocks:coal_checker','','','','','',''),
('moreblocks:slab_coal_checker',2,'moreblocks:panel_coal_checker','moreblocks:panel_coal_checker','','','','','','',''),
('moreblocks:slab_coal_checker',1,'moreblocks:panel_coal_checker','moreblocks:panel_coal_checker','','','','','','',''),
('moreblocks:slope_coal_checker 7',3,'moreblocks:panel_coal_checker','','','moreblocks:coal_checker','moreblocks:panel_coal_checker','','moreblocks:coal_checker','moreblocks:coal_checker','moreblocks:panel_coal_checker'),
('moreblocks:slope_coal_checker 7',3,'','','moreblocks:panel_coal_checker','','moreblocks:panel_coal_checker','moreblocks:coal_checker','moreblocks:panel_coal_checker','moreblocks:coal_checker','moreblocks:coal_checker'),
('moreblocks:slope_coal_checker_half 10',3,'moreblocks:panel_coal_checker','','','moreblocks:coal_checker','moreblocks:coal_checker','moreblocks:panel_coal_checker','','',''),
('moreblocks:slope_coal_checker_half 10',3,'','','moreblocks:panel_coal_checker','moreblocks:panel_coal_checker','moreblocks:coal_checker','moreblocks:coal_checker','','',''),
('moreblocks:slope_coal_checker_half_raised 7',3,'moreblocks:panel_coal_checker','','','moreblocks:coal_checker','moreblocks:coal_checker','moreblocks:panel_coal_checker','moreblocks:coal_checker','moreblocks:coal_checker','moreblocks:coal_checker'),
('moreblocks:slope_coal_checker_half_raised 7',3,'','','moreblocks:panel_coal_checker','moreblocks:panel_coal_checker','moreblocks:coal_checker','moreblocks:coal_checker','moreblocks:coal_checker','moreblocks:coal_checker','moreblocks:coal_checker'),
('moreblocks:slope_coal_checker_inner 7',3,'moreblocks:stair_coal_checker_half','','','moreblocks:coal_checker','moreblocks:stair_coal_checker_half','','moreblocks:coal_checker','moreblocks:coal_checker','moreblocks:stair_coal_checker_half'),
('moreblocks:slope_coal_checker_inner 7',3,'','','moreblocks:stair_coal_checker_half','','moreblocks:stair_coal_checker_half','moreblocks:coal_checker','moreblocks:stair_coal_checker_half','moreblocks:coal_checker','moreblocks:coal_checker'),
('moreblocks:slope_coal_checker_inner_half 10',3,'moreblocks:stair_coal_checker_half','','','moreblocks:coal_checker','moreblocks:coal_checker','moreblocks:stair_coal_checker_half','','',''),
('moreblocks:slope_coal_checker_inner_half 10',3,'','','moreblocks:stair_coal_checker_half','moreblocks:stair_coal_checker_half','moreblocks:coal_checker','moreblocks:coal_checker','','',''),
('moreblocks:slope_coal_checker_inner_half_raised 7',3,'moreblocks:stair_coal_checker_half','','','moreblocks:coal_checker','moreblocks:coal_checker','moreblocks:stair_coal_checker_half','moreblocks:coal_checker','moreblocks:coal_checker','moreblocks:coal_checker'),
('moreblocks:slope_coal_checker_inner_half_raised 7',3,'','','moreblocks:stair_coal_checker_half','moreblocks:stair_coal_checker_half','moreblocks:coal_checker','moreblocks:coal_checker','moreblocks:coal_checker','moreblocks:coal_checker','moreblocks:coal_checker'),
('moreblocks:slope_coal_checker_outer 7',3,'moreblocks:micro_coal_checker','','','moreblocks:coal_checker','moreblocks:micro_coal_checker','','moreblocks:coal_checker','moreblocks:coal_checker','moreblocks:micro_coal_checker'),
('moreblocks:slope_coal_checker_outer 7',3,'','','moreblocks:micro_coal_checker','','moreblocks:micro_coal_checker','moreblocks:coal_checker','moreblocks:micro_coal_checker','moreblocks:coal_checker','moreblocks:coal_checker'),
('moreblocks:slope_coal_checker_outer_half 10',3,'moreblocks:micro_coal_checker','','','moreblocks:coal_checker','moreblocks:coal_checker','moreblocks:micro_coal_checker','','',''),
('moreblocks:slope_coal_checker_outer_half 10',3,'','','moreblocks:micro_coal_checker','moreblocks:micro_coal_checker','moreblocks:coal_checker','moreblocks:coal_checker','','',''),
('moreblocks:slope_coal_checker_outer_half_raised 7',3,'moreblocks:micro_coal_checker','','','moreblocks:coal_checker','moreblocks:coal_checker','moreblocks:micro_coal_checker','moreblocks:coal_checker','moreblocks:coal_checker','moreblocks:coal_checker'),
('moreblocks:slope_coal_checker_outer_half_raised 7',3,'','','moreblocks:micro_coal_checker','moreblocks:micro_coal_checker','moreblocks:coal_checker','moreblocks:coal_checker','moreblocks:coal_checker','moreblocks:coal_checker','moreblocks:coal_checker'),
('moreblocks:panel_coal_checker 12',2,'moreblocks:coal_checker','','moreblocks:coal_checker','moreblocks:coal_checker','','','','',''),
('moreblocks:panel_coal_checker 12',2,'','moreblocks:coal_checker','moreblocks:coal_checker','moreblocks:coal_checker','','','','',''),
('moreblocks:stair_iron_stone 8',3,'moreblocks:iron_stone','','','moreblocks:iron_stone','moreblocks:iron_stone','','moreblocks:iron_stone','moreblocks:iron_stone','moreblocks:iron_stone'),
('moreblocks:stair_iron_stone 8',3,'','','moreblocks:iron_stone','','moreblocks:iron_stone','moreblocks:iron_stone','moreblocks:iron_stone','moreblocks:iron_stone','moreblocks:iron_stone'),
('moreblocks:stair_iron_stone_alt',2,'moreblocks:panel_iron_stone','','','moreblocks:panel_iron_stone','','','','',''),
('moreblocks:stair_iron_stone_alt',2,'','moreblocks:panel_iron_stone','moreblocks:panel_iron_stone','','','','','',''),
('moreblocks:slab_iron_stone 6',3,'moreblocks:iron_stone','moreblocks:iron_stone','moreblocks:iron_stone','','','','','',''),
('moreblocks:slab_iron_stone',2,'moreblocks:panel_iron_stone','moreblocks:panel_iron_stone','','','','','','',''),
('moreblocks:slab_iron_stone',1,'moreblocks:panel_iron_stone','moreblocks:panel_iron_stone','','','','','','',''),
('moreblocks:slope_iron_stone 7',3,'moreblocks:panel_iron_stone','','','moreblocks:iron_stone','moreblocks:panel_iron_stone','','moreblocks:iron_stone','moreblocks:iron_stone','moreblocks:panel_iron_stone'),
('moreblocks:slope_iron_stone 7',3,'','','moreblocks:panel_iron_stone','','moreblocks:panel_iron_stone','moreblocks:iron_stone','moreblocks:panel_iron_stone','moreblocks:iron_stone','moreblocks:iron_stone'),
('moreblocks:slope_iron_stone_half 10',3,'moreblocks:panel_iron_stone','','','moreblocks:iron_stone','moreblocks:iron_stone','moreblocks:panel_iron_stone','','',''),
('moreblocks:slope_iron_stone_half 10',3,'','','moreblocks:panel_iron_stone','moreblocks:panel_iron_stone','moreblocks:iron_stone','moreblocks:iron_stone','','',''),
('moreblocks:slope_iron_stone_half_raised 7',3,'moreblocks:panel_iron_stone','','','moreblocks:iron_stone','moreblocks:iron_stone','moreblocks:panel_iron_stone','moreblocks:iron_stone','moreblocks:iron_stone','moreblocks:iron_stone'),
('moreblocks:slope_iron_stone_half_raised 7',3,'','','moreblocks:panel_iron_stone','moreblocks:panel_iron_stone','moreblocks:iron_stone','moreblocks:iron_stone','moreblocks:iron_stone','moreblocks:iron_stone','moreblocks:iron_stone'),
('moreblocks:slope_iron_stone_inner 7',3,'moreblocks:stair_iron_stone_half','','','moreblocks:iron_stone','moreblocks:stair_iron_stone_half','','moreblocks:iron_stone','moreblocks:iron_stone','moreblocks:stair_iron_stone_half'),
('moreblocks:slope_iron_stone_inner 7',3,'','','moreblocks:stair_iron_stone_half','','moreblocks:stair_iron_stone_half','moreblocks:iron_stone','moreblocks:stair_iron_stone_half','moreblocks:iron_stone','moreblocks:iron_stone'),
('moreblocks:slope_iron_stone_inner_half 10',3,'moreblocks:stair_iron_stone_half','','','moreblocks:iron_stone','moreblocks:iron_stone','moreblocks:stair_iron_stone_half','','',''),
('moreblocks:slope_iron_stone_inner_half 10',3,'','','moreblocks:stair_iron_stone_half','moreblocks:stair_iron_stone_half','moreblocks:iron_stone','moreblocks:iron_stone','','',''),
('moreblocks:slope_iron_stone_inner_half_raised 7',3,'moreblocks:stair_iron_stone_half','','','moreblocks:iron_stone','moreblocks:iron_stone','moreblocks:stair_iron_stone_half','moreblocks:iron_stone','moreblocks:iron_stone','moreblocks:iron_stone'),
('moreblocks:slope_iron_stone_inner_half_raised 7',3,'','','moreblocks:stair_iron_stone_half','moreblocks:stair_iron_stone_half','moreblocks:iron_stone','moreblocks:iron_stone','moreblocks:iron_stone','moreblocks:iron_stone','moreblocks:iron_stone'),
('moreblocks:slope_iron_stone_outer 7',3,'moreblocks:micro_iron_stone','','','moreblocks:iron_stone','moreblocks:micro_iron_stone','','moreblocks:iron_stone','moreblocks:iron_stone','moreblocks:micro_iron_stone'),
('moreblocks:slope_iron_stone_outer 7',3,'','','moreblocks:micro_iron_stone','','moreblocks:micro_iron_stone','moreblocks:iron_stone','moreblocks:micro_iron_stone','moreblocks:iron_stone','moreblocks:iron_stone'),
('moreblocks:slope_iron_stone_outer_half 10',3,'moreblocks:micro_iron_stone','','','moreblocks:iron_stone','moreblocks:iron_stone','moreblocks:micro_iron_stone','','',''),
('moreblocks:slope_iron_stone_outer_half 10',3,'','','moreblocks:micro_iron_stone','moreblocks:micro_iron_stone','moreblocks:iron_stone','moreblocks:iron_stone','','',''),
('moreblocks:slope_iron_stone_outer_half_raised 7',3,'moreblocks:micro_iron_stone','','','moreblocks:iron_stone','moreblocks:iron_stone','moreblocks:micro_iron_stone','moreblocks:iron_stone','moreblocks:iron_stone','moreblocks:iron_stone'),
('moreblocks:slope_iron_stone_outer_half_raised 7',3,'','','moreblocks:micro_iron_stone','moreblocks:micro_iron_stone','moreblocks:iron_stone','moreblocks:iron_stone','moreblocks:iron_stone','moreblocks:iron_stone','moreblocks:iron_stone'),
('moreblocks:panel_iron_stone 12',2,'moreblocks:iron_stone','','moreblocks:iron_stone','moreblocks:iron_stone','','','','',''),
('moreblocks:panel_iron_stone 12',2,'','moreblocks:iron_stone','moreblocks:iron_stone','moreblocks:iron_stone','','','','',''),
('moreblocks:stair_super_glow_glass 8',3,'moreblocks:super_glow_glass','','','moreblocks:super_glow_glass','moreblocks:super_glow_glass','','moreblocks:super_glow_glass','moreblocks:super_glow_glass','moreblocks:super_glow_glass'),
('moreblocks:stair_super_glow_glass 8',3,'','','moreblocks:super_glow_glass','','moreblocks:super_glow_glass','moreblocks:super_glow_glass','moreblocks:super_glow_glass','moreblocks:super_glow_glass','moreblocks:super_glow_glass'),
('moreblocks:stair_super_glow_glass_alt',2,'moreblocks:panel_super_glow_glass','','','moreblocks:panel_super_glow_glass','','','','',''),
('moreblocks:stair_super_glow_glass_alt',2,'','moreblocks:panel_super_glow_glass','moreblocks:panel_super_glow_glass','','','','','',''),
('moreblocks:slab_super_glow_glass 6',3,'moreblocks:super_glow_glass','moreblocks:super_glow_glass','moreblocks:super_glow_glass','','','','','',''),
('moreblocks:slab_super_glow_glass',2,'moreblocks:panel_super_glow_glass','moreblocks:panel_super_glow_glass','','','','','','',''),
('moreblocks:slab_super_glow_glass',1,'moreblocks:panel_super_glow_glass','moreblocks:panel_super_glow_glass','','','','','','',''),
('moreblocks:slope_super_glow_glass 7',3,'moreblocks:panel_super_glow_glass','','','moreblocks:super_glow_glass','moreblocks:panel_super_glow_glass','','moreblocks:super_glow_glass','moreblocks:super_glow_glass','moreblocks:panel_super_glow_glass'),
('moreblocks:slope_super_glow_glass 7',3,'','','moreblocks:panel_super_glow_glass','','moreblocks:panel_super_glow_glass','moreblocks:super_glow_glass','moreblocks:panel_super_glow_glass','moreblocks:super_glow_glass','moreblocks:super_glow_glass'),
('moreblocks:slope_super_glow_glass_half 10',3,'moreblocks:panel_super_glow_glass','','','moreblocks:super_glow_glass','moreblocks:super_glow_glass','moreblocks:panel_super_glow_glass','','',''),
('moreblocks:slope_super_glow_glass_half 10',3,'','','moreblocks:panel_super_glow_glass','moreblocks:panel_super_glow_glass','moreblocks:super_glow_glass','moreblocks:super_glow_glass','','',''),
('moreblocks:slope_super_glow_glass_half_raised 7',3,'moreblocks:panel_super_glow_glass','','','moreblocks:super_glow_glass','moreblocks:super_glow_glass','moreblocks:panel_super_glow_glass','moreblocks:super_glow_glass','moreblocks:super_glow_glass','moreblocks:super_glow_glass'),
('moreblocks:slope_super_glow_glass_half_raised 7',3,'','','moreblocks:panel_super_glow_glass','moreblocks:panel_super_glow_glass','moreblocks:super_glow_glass','moreblocks:super_glow_glass','moreblocks:super_glow_glass','moreblocks:super_glow_glass','moreblocks:super_glow_glass'),
('moreblocks:slope_super_glow_glass_inner 7',3,'moreblocks:stair_super_glow_glass_half','','','moreblocks:super_glow_glass','moreblocks:stair_super_glow_glass_half','','moreblocks:super_glow_glass','moreblocks:super_glow_glass','moreblocks:stair_super_glow_glass_half'),
('moreblocks:slope_super_glow_glass_inner 7',3,'','','moreblocks:stair_super_glow_glass_half','','moreblocks:stair_super_glow_glass_half','moreblocks:super_glow_glass','moreblocks:stair_super_glow_glass_half','moreblocks:super_glow_glass','moreblocks:super_glow_glass'),
('moreblocks:slope_super_glow_glass_inner_half 10',3,'moreblocks:stair_super_glow_glass_half','','','moreblocks:super_glow_glass','moreblocks:super_glow_glass','moreblocks:stair_super_glow_glass_half','','',''),
('moreblocks:slope_super_glow_glass_inner_half 10',3,'','','moreblocks:stair_super_glow_glass_half','moreblocks:stair_super_glow_glass_half','moreblocks:super_glow_glass','moreblocks:super_glow_glass','','',''),
('moreblocks:slope_super_glow_glass_inner_half_raised 7',3,'moreblocks:stair_super_glow_glass_half','','','moreblocks:super_glow_glass','moreblocks:super_glow_glass','moreblocks:stair_super_glow_glass_half','moreblocks:super_glow_glass','moreblocks:super_glow_glass','moreblocks:super_glow_glass'),
('moreblocks:slope_super_glow_glass_inner_half_raised 7',3,'','','moreblocks:stair_super_glow_glass_half','moreblocks:stair_super_glow_glass_half','moreblocks:super_glow_glass','moreblocks:super_glow_glass','moreblocks:super_glow_glass','moreblocks:super_glow_glass','moreblocks:super_glow_glass'),
('moreblocks:slope_super_glow_glass_outer 7',3,'moreblocks:micro_super_glow_glass','','','moreblocks:super_glow_glass','moreblocks:micro_super_glow_glass','','moreblocks:super_glow_glass','moreblocks:super_glow_glass','moreblocks:micro_super_glow_glass'),
('moreblocks:slope_super_glow_glass_outer 7',3,'','','moreblocks:micro_super_glow_glass','','moreblocks:micro_super_glow_glass','moreblocks:super_glow_glass','moreblocks:micro_super_glow_glass','moreblocks:super_glow_glass','moreblocks:super_glow_glass'),
('moreblocks:slope_super_glow_glass_outer_half 10',3,'moreblocks:micro_super_glow_glass','','','moreblocks:super_glow_glass','moreblocks:super_glow_glass','moreblocks:micro_super_glow_glass','','',''),
('moreblocks:slope_super_glow_glass_outer_half 10',3,'','','moreblocks:micro_super_glow_glass','moreblocks:micro_super_glow_glass','moreblocks:super_glow_glass','moreblocks:super_glow_glass','','',''),
('moreblocks:slope_super_glow_glass_outer_half_raised 7',3,'moreblocks:micro_super_glow_glass','','','moreblocks:super_glow_glass','moreblocks:super_glow_glass','moreblocks:micro_super_glow_glass','moreblocks:super_glow_glass','moreblocks:super_glow_glass','moreblocks:super_glow_glass'),
('moreblocks:slope_super_glow_glass_outer_half_raised 7',3,'','','moreblocks:micro_super_glow_glass','moreblocks:micro_super_glow_glass','moreblocks:super_glow_glass','moreblocks:super_glow_glass','moreblocks:super_glow_glass','moreblocks:super_glow_glass','moreblocks:super_glow_glass'),
('moreblocks:panel_super_glow_glass 12',2,'moreblocks:super_glow_glass','','moreblocks:super_glow_glass','moreblocks:super_glow_glass','','','','',''),
('moreblocks:panel_super_glow_glass 12',2,'','moreblocks:super_glow_glass','moreblocks:super_glow_glass','moreblocks:super_glow_glass','','','','',''),
('moreblocks:stair_wood_tile_full 8',3,'moreblocks:wood_tile_full','','','moreblocks:wood_tile_full','moreblocks:wood_tile_full','','moreblocks:wood_tile_full','moreblocks:wood_tile_full','moreblocks:wood_tile_full'),
('moreblocks:stair_wood_tile_full 8',3,'','','moreblocks:wood_tile_full','','moreblocks:wood_tile_full','moreblocks:wood_tile_full','moreblocks:wood_tile_full','moreblocks:wood_tile_full','moreblocks:wood_tile_full'),
('moreblocks:stair_wood_tile_full_alt',2,'moreblocks:panel_wood_tile_full','','','moreblocks:panel_wood_tile_full','','','','',''),
('moreblocks:stair_wood_tile_full_alt',2,'','moreblocks:panel_wood_tile_full','moreblocks:panel_wood_tile_full','','','','','',''),
('moreblocks:slab_wood_tile_full 6',3,'moreblocks:wood_tile_full','moreblocks:wood_tile_full','moreblocks:wood_tile_full','','','','','',''),
('moreblocks:slab_wood_tile_full',2,'moreblocks:panel_wood_tile_full','moreblocks:panel_wood_tile_full','','','','','','',''),
('moreblocks:slab_wood_tile_full',1,'moreblocks:panel_wood_tile_full','moreblocks:panel_wood_tile_full','','','','','','',''),
('moreblocks:slope_wood_tile_full 7',3,'moreblocks:panel_wood_tile_full','','','moreblocks:wood_tile_full','moreblocks:panel_wood_tile_full','','moreblocks:wood_tile_full','moreblocks:wood_tile_full','moreblocks:panel_wood_tile_full'),
('moreblocks:slope_wood_tile_full 7',3,'','','moreblocks:panel_wood_tile_full','','moreblocks:panel_wood_tile_full','moreblocks:wood_tile_full','moreblocks:panel_wood_tile_full','moreblocks:wood_tile_full','moreblocks:wood_tile_full'),
('moreblocks:slope_wood_tile_full_half 10',3,'moreblocks:panel_wood_tile_full','','','moreblocks:wood_tile_full','moreblocks:wood_tile_full','moreblocks:panel_wood_tile_full','','',''),
('moreblocks:slope_wood_tile_full_half 10',3,'','','moreblocks:panel_wood_tile_full','moreblocks:panel_wood_tile_full','moreblocks:wood_tile_full','moreblocks:wood_tile_full','','',''),
('moreblocks:slope_wood_tile_full_half_raised 7',3,'moreblocks:panel_wood_tile_full','','','moreblocks:wood_tile_full','moreblocks:wood_tile_full','moreblocks:panel_wood_tile_full','moreblocks:wood_tile_full','moreblocks:wood_tile_full','moreblocks:wood_tile_full'),
('moreblocks:slope_wood_tile_full_half_raised 7',3,'','','moreblocks:panel_wood_tile_full','moreblocks:panel_wood_tile_full','moreblocks:wood_tile_full','moreblocks:wood_tile_full','moreblocks:wood_tile_full','moreblocks:wood_tile_full','moreblocks:wood_tile_full'),
('moreblocks:slope_wood_tile_full_inner 7',3,'moreblocks:stair_wood_tile_full_half','','','moreblocks:wood_tile_full','moreblocks:stair_wood_tile_full_half','','moreblocks:wood_tile_full','moreblocks:wood_tile_full','moreblocks:stair_wood_tile_full_half'),
('moreblocks:slope_wood_tile_full_inner 7',3,'','','moreblocks:stair_wood_tile_full_half','','moreblocks:stair_wood_tile_full_half','moreblocks:wood_tile_full','moreblocks:stair_wood_tile_full_half','moreblocks:wood_tile_full','moreblocks:wood_tile_full'),
('moreblocks:slope_wood_tile_full_inner_half 10',3,'moreblocks:stair_wood_tile_full_half','','','moreblocks:wood_tile_full','moreblocks:wood_tile_full','moreblocks:stair_wood_tile_full_half','','',''),
('moreblocks:slope_wood_tile_full_inner_half 10',3,'','','moreblocks:stair_wood_tile_full_half','moreblocks:stair_wood_tile_full_half','moreblocks:wood_tile_full','moreblocks:wood_tile_full','','',''),
('moreblocks:slope_wood_tile_full_inner_half_raised 7',3,'moreblocks:stair_wood_tile_full_half','','','moreblocks:wood_tile_full','moreblocks:wood_tile_full','moreblocks:stair_wood_tile_full_half','moreblocks:wood_tile_full','moreblocks:wood_tile_full','moreblocks:wood_tile_full'),
('moreblocks:slope_wood_tile_full_inner_half_raised 7',3,'','','moreblocks:stair_wood_tile_full_half','moreblocks:stair_wood_tile_full_half','moreblocks:wood_tile_full','moreblocks:wood_tile_full','moreblocks:wood_tile_full','moreblocks:wood_tile_full','moreblocks:wood_tile_full'),
('moreblocks:slope_wood_tile_full_outer 7',3,'moreblocks:micro_wood_tile_full','','','moreblocks:wood_tile_full','moreblocks:micro_wood_tile_full','','moreblocks:wood_tile_full','moreblocks:wood_tile_full','moreblocks:micro_wood_tile_full'),
('moreblocks:slope_wood_tile_full_outer 7',3,'','','moreblocks:micro_wood_tile_full','','moreblocks:micro_wood_tile_full','moreblocks:wood_tile_full','moreblocks:micro_wood_tile_full','moreblocks:wood_tile_full','moreblocks:wood_tile_full'),
('moreblocks:slope_wood_tile_full_outer_half 10',3,'moreblocks:micro_wood_tile_full','','','moreblocks:wood_tile_full','moreblocks:wood_tile_full','moreblocks:micro_wood_tile_full','','',''),
('moreblocks:slope_wood_tile_full_outer_half 10',3,'','','moreblocks:micro_wood_tile_full','moreblocks:micro_wood_tile_full','moreblocks:wood_tile_full','moreblocks:wood_tile_full','','',''),
('moreblocks:slope_wood_tile_full_outer_half_raised 7',3,'moreblocks:micro_wood_tile_full','','','moreblocks:wood_tile_full','moreblocks:wood_tile_full','moreblocks:micro_wood_tile_full','moreblocks:wood_tile_full','moreblocks:wood_tile_full','moreblocks:wood_tile_full'),
('moreblocks:slope_wood_tile_full_outer_half_raised 7',3,'','','moreblocks:micro_wood_tile_full','moreblocks:micro_wood_tile_full','moreblocks:wood_tile_full','moreblocks:wood_tile_full','moreblocks:wood_tile_full','moreblocks:wood_tile_full','moreblocks:wood_tile_full'),
('moreblocks:panel_wood_tile_full 12',2,'moreblocks:wood_tile_full','','moreblocks:wood_tile_full','moreblocks:wood_tile_full','','','','',''),
('moreblocks:panel_wood_tile_full 12',2,'','moreblocks:wood_tile_full','moreblocks:wood_tile_full','moreblocks:wood_tile_full','','','','',''),
('moreblocks:stair_circle_stone_bricks 8',3,'moreblocks:circle_stone_bricks','','','moreblocks:circle_stone_bricks','moreblocks:circle_stone_bricks','','moreblocks:circle_stone_bricks','moreblocks:circle_stone_bricks','moreblocks:circle_stone_bricks'),
('moreblocks:stair_circle_stone_bricks 8',3,'','','moreblocks:circle_stone_bricks','','moreblocks:circle_stone_bricks','moreblocks:circle_stone_bricks','moreblocks:circle_stone_bricks','moreblocks:circle_stone_bricks','moreblocks:circle_stone_bricks'),
('moreblocks:stair_circle_stone_bricks_alt',2,'moreblocks:panel_circle_stone_bricks','','','moreblocks:panel_circle_stone_bricks','','','','',''),
('moreblocks:stair_circle_stone_bricks_alt',2,'','moreblocks:panel_circle_stone_bricks','moreblocks:panel_circle_stone_bricks','','','','','',''),
('moreblocks:slab_circle_stone_bricks 6',3,'moreblocks:circle_stone_bricks','moreblocks:circle_stone_bricks','moreblocks:circle_stone_bricks','','','','','',''),
('moreblocks:slab_circle_stone_bricks',2,'moreblocks:panel_circle_stone_bricks','moreblocks:panel_circle_stone_bricks','','','','','','',''),
('moreblocks:slab_circle_stone_bricks',1,'moreblocks:panel_circle_stone_bricks','moreblocks:panel_circle_stone_bricks','','','','','','',''),
('moreblocks:slope_circle_stone_bricks 7',3,'moreblocks:panel_circle_stone_bricks','','','moreblocks:circle_stone_bricks','moreblocks:panel_circle_stone_bricks','','moreblocks:circle_stone_bricks','moreblocks:circle_stone_bricks','moreblocks:panel_circle_stone_bricks'),
('moreblocks:slope_circle_stone_bricks 7',3,'','','moreblocks:panel_circle_stone_bricks','','moreblocks:panel_circle_stone_bricks','moreblocks:circle_stone_bricks','moreblocks:panel_circle_stone_bricks','moreblocks:circle_stone_bricks','moreblocks:circle_stone_bricks'),
('moreblocks:slope_circle_stone_bricks_half 10',3,'moreblocks:panel_circle_stone_bricks','','','moreblocks:circle_stone_bricks','moreblocks:circle_stone_bricks','moreblocks:panel_circle_stone_bricks','','',''),
('moreblocks:slope_circle_stone_bricks_half 10',3,'','','moreblocks:panel_circle_stone_bricks','moreblocks:panel_circle_stone_bricks','moreblocks:circle_stone_bricks','moreblocks:circle_stone_bricks','','',''),
('moreblocks:slope_circle_stone_bricks_half_raised 7',3,'moreblocks:panel_circle_stone_bricks','','','moreblocks:circle_stone_bricks','moreblocks:circle_stone_bricks','moreblocks:panel_circle_stone_bricks','moreblocks:circle_stone_bricks','moreblocks:circle_stone_bricks','moreblocks:circle_stone_bricks'),
('moreblocks:slope_circle_stone_bricks_half_raised 7',3,'','','moreblocks:panel_circle_stone_bricks','moreblocks:panel_circle_stone_bricks','moreblocks:circle_stone_bricks','moreblocks:circle_stone_bricks','moreblocks:circle_stone_bricks','moreblocks:circle_stone_bricks','moreblocks:circle_stone_bricks'),
('moreblocks:slope_circle_stone_bricks_inner 7',3,'moreblocks:stair_circle_stone_bricks_half','','','moreblocks:circle_stone_bricks','moreblocks:stair_circle_stone_bricks_half','','moreblocks:circle_stone_bricks','moreblocks:circle_stone_bricks','moreblocks:stair_circle_stone_bricks_half'),
('moreblocks:slope_circle_stone_bricks_inner 7',3,'','','moreblocks:stair_circle_stone_bricks_half','','moreblocks:stair_circle_stone_bricks_half','moreblocks:circle_stone_bricks','moreblocks:stair_circle_stone_bricks_half','moreblocks:circle_stone_bricks','moreblocks:circle_stone_bricks'),
('moreblocks:slope_circle_stone_bricks_inner_half 10',3,'moreblocks:stair_circle_stone_bricks_half','','','moreblocks:circle_stone_bricks','moreblocks:circle_stone_bricks','moreblocks:stair_circle_stone_bricks_half','','',''),
('moreblocks:slope_circle_stone_bricks_inner_half 10',3,'','','moreblocks:stair_circle_stone_bricks_half','moreblocks:stair_circle_stone_bricks_half','moreblocks:circle_stone_bricks','moreblocks:circle_stone_bricks','','',''),
('moreblocks:slope_circle_stone_bricks_inner_half_raised 7',3,'moreblocks:stair_circle_stone_bricks_half','','','moreblocks:circle_stone_bricks','moreblocks:circle_stone_bricks','moreblocks:stair_circle_stone_bricks_half','moreblocks:circle_stone_bricks','moreblocks:circle_stone_bricks','moreblocks:circle_stone_bricks'),
('moreblocks:slope_circle_stone_bricks_inner_half_raised 7',3,'','','moreblocks:stair_circle_stone_bricks_half','moreblocks:stair_circle_stone_bricks_half','moreblocks:circle_stone_bricks','moreblocks:circle_stone_bricks','moreblocks:circle_stone_bricks','moreblocks:circle_stone_bricks','moreblocks:circle_stone_bricks'),
('moreblocks:slope_circle_stone_bricks_outer 7',3,'moreblocks:micro_circle_stone_bricks','','','moreblocks:circle_stone_bricks','moreblocks:micro_circle_stone_bricks','','moreblocks:circle_stone_bricks','moreblocks:circle_stone_bricks','moreblocks:micro_circle_stone_bricks'),
('moreblocks:slope_circle_stone_bricks_outer 7',3,'','','moreblocks:micro_circle_stone_bricks','','moreblocks:micro_circle_stone_bricks','moreblocks:circle_stone_bricks','moreblocks:micro_circle_stone_bricks','moreblocks:circle_stone_bricks','moreblocks:circle_stone_bricks'),
('moreblocks:slope_circle_stone_bricks_outer_half 10',3,'moreblocks:micro_circle_stone_bricks','','','moreblocks:circle_stone_bricks','moreblocks:circle_stone_bricks','moreblocks:micro_circle_stone_bricks','','',''),
('moreblocks:slope_circle_stone_bricks_outer_half 10',3,'','','moreblocks:micro_circle_stone_bricks','moreblocks:micro_circle_stone_bricks','moreblocks:circle_stone_bricks','moreblocks:circle_stone_bricks','','',''),
('moreblocks:slope_circle_stone_bricks_outer_half_raised 7',3,'moreblocks:micro_circle_stone_bricks','','','moreblocks:circle_stone_bricks','moreblocks:circle_stone_bricks','moreblocks:micro_circle_stone_bricks','moreblocks:circle_stone_bricks','moreblocks:circle_stone_bricks','moreblocks:circle_stone_bricks'),
('moreblocks:slope_circle_stone_bricks_outer_half_raised 7',3,'','','moreblocks:micro_circle_stone_bricks','moreblocks:micro_circle_stone_bricks','moreblocks:circle_stone_bricks','moreblocks:circle_stone_bricks','moreblocks:circle_stone_bricks','moreblocks:circle_stone_bricks','moreblocks:circle_stone_bricks'),
('moreblocks:panel_circle_stone_bricks 12',2,'moreblocks:circle_stone_bricks','','moreblocks:circle_stone_bricks','moreblocks:circle_stone_bricks','','','','',''),
('moreblocks:panel_circle_stone_bricks 12',2,'','moreblocks:circle_stone_bricks','moreblocks:circle_stone_bricks','moreblocks:circle_stone_bricks','','','','',''),
('moreblocks:stair_split_stone_tile 8',3,'moreblocks:split_stone_tile','','','moreblocks:split_stone_tile','moreblocks:split_stone_tile','','moreblocks:split_stone_tile','moreblocks:split_stone_tile','moreblocks:split_stone_tile'),
('moreblocks:stair_split_stone_tile 8',3,'','','moreblocks:split_stone_tile','','moreblocks:split_stone_tile','moreblocks:split_stone_tile','moreblocks:split_stone_tile','moreblocks:split_stone_tile','moreblocks:split_stone_tile'),
('moreblocks:stair_split_stone_tile_alt',2,'moreblocks:panel_split_stone_tile','','','moreblocks:panel_split_stone_tile','','','','',''),
('moreblocks:stair_split_stone_tile_alt',2,'','moreblocks:panel_split_stone_tile','moreblocks:panel_split_stone_tile','','','','','',''),
('moreblocks:slab_split_stone_tile 6',3,'moreblocks:split_stone_tile','moreblocks:split_stone_tile','moreblocks:split_stone_tile','','','','','',''),
('moreblocks:slab_split_stone_tile',2,'moreblocks:panel_split_stone_tile','moreblocks:panel_split_stone_tile','','','','','','',''),
('moreblocks:slab_split_stone_tile',1,'moreblocks:panel_split_stone_tile','moreblocks:panel_split_stone_tile','','','','','','',''),
('moreblocks:slope_split_stone_tile 7',3,'moreblocks:panel_split_stone_tile','','','moreblocks:split_stone_tile','moreblocks:panel_split_stone_tile','','moreblocks:split_stone_tile','moreblocks:split_stone_tile','moreblocks:panel_split_stone_tile'),
('moreblocks:slope_split_stone_tile 7',3,'','','moreblocks:panel_split_stone_tile','','moreblocks:panel_split_stone_tile','moreblocks:split_stone_tile','moreblocks:panel_split_stone_tile','moreblocks:split_stone_tile','moreblocks:split_stone_tile'),
('moreblocks:slope_split_stone_tile_half 10',3,'moreblocks:panel_split_stone_tile','','','moreblocks:split_stone_tile','moreblocks:split_stone_tile','moreblocks:panel_split_stone_tile','','',''),
('moreblocks:slope_split_stone_tile_half 10',3,'','','moreblocks:panel_split_stone_tile','moreblocks:panel_split_stone_tile','moreblocks:split_stone_tile','moreblocks:split_stone_tile','','',''),
('moreblocks:slope_split_stone_tile_half_raised 7',3,'moreblocks:panel_split_stone_tile','','','moreblocks:split_stone_tile','moreblocks:split_stone_tile','moreblocks:panel_split_stone_tile','moreblocks:split_stone_tile','moreblocks:split_stone_tile','moreblocks:split_stone_tile'),
('moreblocks:slope_split_stone_tile_half_raised 7',3,'','','moreblocks:panel_split_stone_tile','moreblocks:panel_split_stone_tile','moreblocks:split_stone_tile','moreblocks:split_stone_tile','moreblocks:split_stone_tile','moreblocks:split_stone_tile','moreblocks:split_stone_tile'),
('moreblocks:slope_split_stone_tile_inner 7',3,'moreblocks:stair_split_stone_tile_half','','','moreblocks:split_stone_tile','moreblocks:stair_split_stone_tile_half','','moreblocks:split_stone_tile','moreblocks:split_stone_tile','moreblocks:stair_split_stone_tile_half'),
('moreblocks:slope_split_stone_tile_inner 7',3,'','','moreblocks:stair_split_stone_tile_half','','moreblocks:stair_split_stone_tile_half','moreblocks:split_stone_tile','moreblocks:stair_split_stone_tile_half','moreblocks:split_stone_tile','moreblocks:split_stone_tile'),
('moreblocks:slope_split_stone_tile_inner_half 10',3,'moreblocks:stair_split_stone_tile_half','','','moreblocks:split_stone_tile','moreblocks:split_stone_tile','moreblocks:stair_split_stone_tile_half','','',''),
('moreblocks:slope_split_stone_tile_inner_half 10',3,'','','moreblocks:stair_split_stone_tile_half','moreblocks:stair_split_stone_tile_half','moreblocks:split_stone_tile','moreblocks:split_stone_tile','','',''),
('moreblocks:slope_split_stone_tile_inner_half_raised 7',3,'moreblocks:stair_split_stone_tile_half','','','moreblocks:split_stone_tile','moreblocks:split_stone_tile','moreblocks:stair_split_stone_tile_half','moreblocks:split_stone_tile','moreblocks:split_stone_tile','moreblocks:split_stone_tile'),
('moreblocks:slope_split_stone_tile_inner_half_raised 7',3,'','','moreblocks:stair_split_stone_tile_half','moreblocks:stair_split_stone_tile_half','moreblocks:split_stone_tile','moreblocks:split_stone_tile','moreblocks:split_stone_tile','moreblocks:split_stone_tile','moreblocks:split_stone_tile'),
('moreblocks:slope_split_stone_tile_outer 7',3,'moreblocks:micro_split_stone_tile','','','moreblocks:split_stone_tile','moreblocks:micro_split_stone_tile','','moreblocks:split_stone_tile','moreblocks:split_stone_tile','moreblocks:micro_split_stone_tile'),
('moreblocks:slope_split_stone_tile_outer 7',3,'','','moreblocks:micro_split_stone_tile','','moreblocks:micro_split_stone_tile','moreblocks:split_stone_tile','moreblocks:micro_split_stone_tile','moreblocks:split_stone_tile','moreblocks:split_stone_tile'),
('moreblocks:slope_split_stone_tile_outer_half 10',3,'moreblocks:micro_split_stone_tile','','','moreblocks:split_stone_tile','moreblocks:split_stone_tile','moreblocks:micro_split_stone_tile','','',''),
('moreblocks:slope_split_stone_tile_outer_half 10',3,'','','moreblocks:micro_split_stone_tile','moreblocks:micro_split_stone_tile','moreblocks:split_stone_tile','moreblocks:split_stone_tile','','',''),
('moreblocks:slope_split_stone_tile_outer_half_raised 7',3,'moreblocks:micro_split_stone_tile','','','moreblocks:split_stone_tile','moreblocks:split_stone_tile','moreblocks:micro_split_stone_tile','moreblocks:split_stone_tile','moreblocks:split_stone_tile','moreblocks:split_stone_tile'),
('moreblocks:slope_split_stone_tile_outer_half_raised 7',3,'','','moreblocks:micro_split_stone_tile','moreblocks:micro_split_stone_tile','moreblocks:split_stone_tile','moreblocks:split_stone_tile','moreblocks:split_stone_tile','moreblocks:split_stone_tile','moreblocks:split_stone_tile'),
('moreblocks:panel_split_stone_tile 12',2,'moreblocks:split_stone_tile','','moreblocks:split_stone_tile','moreblocks:split_stone_tile','','','','',''),
('moreblocks:panel_split_stone_tile 12',2,'','moreblocks:split_stone_tile','moreblocks:split_stone_tile','moreblocks:split_stone_tile','','','','',''),
('moreblocks:stair_all_faces_tree 8',3,'moreblocks:all_faces_tree','','','moreblocks:all_faces_tree','moreblocks:all_faces_tree','','moreblocks:all_faces_tree','moreblocks:all_faces_tree','moreblocks:all_faces_tree'),
('moreblocks:stair_all_faces_tree 8',3,'','','moreblocks:all_faces_tree','','moreblocks:all_faces_tree','moreblocks:all_faces_tree','moreblocks:all_faces_tree','moreblocks:all_faces_tree','moreblocks:all_faces_tree'),
('moreblocks:stair_all_faces_tree_alt',2,'moreblocks:panel_all_faces_tree','','','moreblocks:panel_all_faces_tree','','','','',''),
('moreblocks:stair_all_faces_tree_alt',2,'','moreblocks:panel_all_faces_tree','moreblocks:panel_all_faces_tree','','','','','',''),
('moreblocks:slab_all_faces_tree 6',3,'moreblocks:all_faces_tree','moreblocks:all_faces_tree','moreblocks:all_faces_tree','','','','','',''),
('moreblocks:slab_all_faces_tree',2,'moreblocks:panel_all_faces_tree','moreblocks:panel_all_faces_tree','','','','','','',''),
('moreblocks:slab_all_faces_tree',1,'moreblocks:panel_all_faces_tree','moreblocks:panel_all_faces_tree','','','','','','',''),
('moreblocks:slope_all_faces_tree 7',3,'moreblocks:panel_all_faces_tree','','','moreblocks:all_faces_tree','moreblocks:panel_all_faces_tree','','moreblocks:all_faces_tree','moreblocks:all_faces_tree','moreblocks:panel_all_faces_tree'),
('moreblocks:slope_all_faces_tree 7',3,'','','moreblocks:panel_all_faces_tree','','moreblocks:panel_all_faces_tree','moreblocks:all_faces_tree','moreblocks:panel_all_faces_tree','moreblocks:all_faces_tree','moreblocks:all_faces_tree'),
('moreblocks:slope_all_faces_tree_half 10',3,'moreblocks:panel_all_faces_tree','','','moreblocks:all_faces_tree','moreblocks:all_faces_tree','moreblocks:panel_all_faces_tree','','',''),
('moreblocks:slope_all_faces_tree_half 10',3,'','','moreblocks:panel_all_faces_tree','moreblocks:panel_all_faces_tree','moreblocks:all_faces_tree','moreblocks:all_faces_tree','','',''),
('moreblocks:slope_all_faces_tree_half_raised 7',3,'moreblocks:panel_all_faces_tree','','','moreblocks:all_faces_tree','moreblocks:all_faces_tree','moreblocks:panel_all_faces_tree','moreblocks:all_faces_tree','moreblocks:all_faces_tree','moreblocks:all_faces_tree'),
('moreblocks:slope_all_faces_tree_half_raised 7',3,'','','moreblocks:panel_all_faces_tree','moreblocks:panel_all_faces_tree','moreblocks:all_faces_tree','moreblocks:all_faces_tree','moreblocks:all_faces_tree','moreblocks:all_faces_tree','moreblocks:all_faces_tree'),
('moreblocks:slope_all_faces_tree_inner 7',3,'moreblocks:stair_all_faces_tree_half','','','moreblocks:all_faces_tree','moreblocks:stair_all_faces_tree_half','','moreblocks:all_faces_tree','moreblocks:all_faces_tree','moreblocks:stair_all_faces_tree_half'),
('moreblocks:slope_all_faces_tree_inner 7',3,'','','moreblocks:stair_all_faces_tree_half','','moreblocks:stair_all_faces_tree_half','moreblocks:all_faces_tree','moreblocks:stair_all_faces_tree_half','moreblocks:all_faces_tree','moreblocks:all_faces_tree'),
('moreblocks:slope_all_faces_tree_inner_half 10',3,'moreblocks:stair_all_faces_tree_half','','','moreblocks:all_faces_tree','moreblocks:all_faces_tree','moreblocks:stair_all_faces_tree_half','','',''),
('moreblocks:slope_all_faces_tree_inner_half 10',3,'','','moreblocks:stair_all_faces_tree_half','moreblocks:stair_all_faces_tree_half','moreblocks:all_faces_tree','moreblocks:all_faces_tree','','',''),
('moreblocks:slope_all_faces_tree_inner_half_raised 7',3,'moreblocks:stair_all_faces_tree_half','','','moreblocks:all_faces_tree','moreblocks:all_faces_tree','moreblocks:stair_all_faces_tree_half','moreblocks:all_faces_tree','moreblocks:all_faces_tree','moreblocks:all_faces_tree'),
('moreblocks:slope_all_faces_tree_inner_half_raised 7',3,'','','moreblocks:stair_all_faces_tree_half','moreblocks:stair_all_faces_tree_half','moreblocks:all_faces_tree','moreblocks:all_faces_tree','moreblocks:all_faces_tree','moreblocks:all_faces_tree','moreblocks:all_faces_tree'),
('moreblocks:slope_all_faces_tree_outer 7',3,'moreblocks:micro_all_faces_tree','','','moreblocks:all_faces_tree','moreblocks:micro_all_faces_tree','','moreblocks:all_faces_tree','moreblocks:all_faces_tree','moreblocks:micro_all_faces_tree'),
('moreblocks:slope_all_faces_tree_outer 7',3,'','','moreblocks:micro_all_faces_tree','','moreblocks:micro_all_faces_tree','moreblocks:all_faces_tree','moreblocks:micro_all_faces_tree','moreblocks:all_faces_tree','moreblocks:all_faces_tree'),
('moreblocks:slope_all_faces_tree_outer_half 10',3,'moreblocks:micro_all_faces_tree','','','moreblocks:all_faces_tree','moreblocks:all_faces_tree','moreblocks:micro_all_faces_tree','','',''),
('moreblocks:slope_all_faces_tree_outer_half 10',3,'','','moreblocks:micro_all_faces_tree','moreblocks:micro_all_faces_tree','moreblocks:all_faces_tree','moreblocks:all_faces_tree','','',''),
('moreblocks:slope_all_faces_tree_outer_half_raised 7',3,'moreblocks:micro_all_faces_tree','','','moreblocks:all_faces_tree','moreblocks:all_faces_tree','moreblocks:micro_all_faces_tree','moreblocks:all_faces_tree','moreblocks:all_faces_tree','moreblocks:all_faces_tree'),
('moreblocks:slope_all_faces_tree_outer_half_raised 7',3,'','','moreblocks:micro_all_faces_tree','moreblocks:micro_all_faces_tree','moreblocks:all_faces_tree','moreblocks:all_faces_tree','moreblocks:all_faces_tree','moreblocks:all_faces_tree','moreblocks:all_faces_tree'),
('moreblocks:panel_all_faces_tree 12',2,'moreblocks:all_faces_tree','','moreblocks:all_faces_tree','moreblocks:all_faces_tree','','','','',''),
('moreblocks:panel_all_faces_tree 12',2,'','moreblocks:all_faces_tree','moreblocks:all_faces_tree','moreblocks:all_faces_tree','','','','',''),
('moreblocks:stair_glow_glass 8',3,'moreblocks:glow_glass','','','moreblocks:glow_glass','moreblocks:glow_glass','','moreblocks:glow_glass','moreblocks:glow_glass','moreblocks:glow_glass'),
('moreblocks:stair_glow_glass 8',3,'','','moreblocks:glow_glass','','moreblocks:glow_glass','moreblocks:glow_glass','moreblocks:glow_glass','moreblocks:glow_glass','moreblocks:glow_glass'),
('moreblocks:stair_glow_glass_alt',2,'moreblocks:panel_glow_glass','','','moreblocks:panel_glow_glass','','','','',''),
('moreblocks:stair_glow_glass_alt',2,'','moreblocks:panel_glow_glass','moreblocks:panel_glow_glass','','','','','',''),
('moreblocks:slab_glow_glass 6',3,'moreblocks:glow_glass','moreblocks:glow_glass','moreblocks:glow_glass','','','','','',''),
('moreblocks:slab_glow_glass',2,'moreblocks:panel_glow_glass','moreblocks:panel_glow_glass','','','','','','',''),
('moreblocks:slab_glow_glass',1,'moreblocks:panel_glow_glass','moreblocks:panel_glow_glass','','','','','','',''),
('moreblocks:slope_glow_glass 7',3,'moreblocks:panel_glow_glass','','','moreblocks:glow_glass','moreblocks:panel_glow_glass','','moreblocks:glow_glass','moreblocks:glow_glass','moreblocks:panel_glow_glass'),
('moreblocks:slope_glow_glass 7',3,'','','moreblocks:panel_glow_glass','','moreblocks:panel_glow_glass','moreblocks:glow_glass','moreblocks:panel_glow_glass','moreblocks:glow_glass','moreblocks:glow_glass'),
('moreblocks:slope_glow_glass_half 10',3,'moreblocks:panel_glow_glass','','','moreblocks:glow_glass','moreblocks:glow_glass','moreblocks:panel_glow_glass','','',''),
('moreblocks:slope_glow_glass_half 10',3,'','','moreblocks:panel_glow_glass','moreblocks:panel_glow_glass','moreblocks:glow_glass','moreblocks:glow_glass','','',''),
('moreblocks:slope_glow_glass_half_raised 7',3,'moreblocks:panel_glow_glass','','','moreblocks:glow_glass','moreblocks:glow_glass','moreblocks:panel_glow_glass','moreblocks:glow_glass','moreblocks:glow_glass','moreblocks:glow_glass'),
('moreblocks:slope_glow_glass_half_raised 7',3,'','','moreblocks:panel_glow_glass','moreblocks:panel_glow_glass','moreblocks:glow_glass','moreblocks:glow_glass','moreblocks:glow_glass','moreblocks:glow_glass','moreblocks:glow_glass'),
('moreblocks:slope_glow_glass_inner 7',3,'moreblocks:stair_glow_glass_half','','','moreblocks:glow_glass','moreblocks:stair_glow_glass_half','','moreblocks:glow_glass','moreblocks:glow_glass','moreblocks:stair_glow_glass_half'),
('moreblocks:slope_glow_glass_inner 7',3,'','','moreblocks:stair_glow_glass_half','','moreblocks:stair_glow_glass_half','moreblocks:glow_glass','moreblocks:stair_glow_glass_half','moreblocks:glow_glass','moreblocks:glow_glass'),
('moreblocks:slope_glow_glass_inner_half 10',3,'moreblocks:stair_glow_glass_half','','','moreblocks:glow_glass','moreblocks:glow_glass','moreblocks:stair_glow_glass_half','','',''),
('moreblocks:slope_glow_glass_inner_half 10',3,'','','moreblocks:stair_glow_glass_half','moreblocks:stair_glow_glass_half','moreblocks:glow_glass','moreblocks:glow_glass','','',''),
('moreblocks:slope_glow_glass_inner_half_raised 7',3,'moreblocks:stair_glow_glass_half','','','moreblocks:glow_glass','moreblocks:glow_glass','moreblocks:stair_glow_glass_half','moreblocks:glow_glass','moreblocks:glow_glass','moreblocks:glow_glass'),
('moreblocks:slope_glow_glass_inner_half_raised 7',3,'','','moreblocks:stair_glow_glass_half','moreblocks:stair_glow_glass_half','moreblocks:glow_glass','moreblocks:glow_glass','moreblocks:glow_glass','moreblocks:glow_glass','moreblocks:glow_glass'),
('moreblocks:slope_glow_glass_outer 7',3,'moreblocks:micro_glow_glass','','','moreblocks:glow_glass','moreblocks:micro_glow_glass','','moreblocks:glow_glass','moreblocks:glow_glass','moreblocks:micro_glow_glass'),
('moreblocks:slope_glow_glass_outer 7',3,'','','moreblocks:micro_glow_glass','','moreblocks:micro_glow_glass','moreblocks:glow_glass','moreblocks:micro_glow_glass','moreblocks:glow_glass','moreblocks:glow_glass'),
('moreblocks:slope_glow_glass_outer_half 10',3,'moreblocks:micro_glow_glass','','','moreblocks:glow_glass','moreblocks:glow_glass','moreblocks:micro_glow_glass','','',''),
('moreblocks:slope_glow_glass_outer_half 10',3,'','','moreblocks:micro_glow_glass','moreblocks:micro_glow_glass','moreblocks:glow_glass','moreblocks:glow_glass','','',''),
('moreblocks:slope_glow_glass_outer_half_raised 7',3,'moreblocks:micro_glow_glass','','','moreblocks:glow_glass','moreblocks:glow_glass','moreblocks:micro_glow_glass','moreblocks:glow_glass','moreblocks:glow_glass','moreblocks:glow_glass'),
('moreblocks:slope_glow_glass_outer_half_raised 7',3,'','','moreblocks:micro_glow_glass','moreblocks:micro_glow_glass','moreblocks:glow_glass','moreblocks:glow_glass','moreblocks:glow_glass','moreblocks:glow_glass','moreblocks:glow_glass'),
('moreblocks:panel_glow_glass 12',2,'moreblocks:glow_glass','','moreblocks:glow_glass','moreblocks:glow_glass','','','','',''),
('moreblocks:panel_glow_glass 12',2,'','moreblocks:glow_glass','moreblocks:glow_glass','moreblocks:glow_glass','','','','',''),
('moreblocks:stair_all_faces_jungle_tree 8',3,'moreblocks:all_faces_jungle_tree','','','moreblocks:all_faces_jungle_tree','moreblocks:all_faces_jungle_tree','','moreblocks:all_faces_jungle_tree','moreblocks:all_faces_jungle_tree','moreblocks:all_faces_jungle_tree'),
('moreblocks:stair_all_faces_jungle_tree 8',3,'','','moreblocks:all_faces_jungle_tree','','moreblocks:all_faces_jungle_tree','moreblocks:all_faces_jungle_tree','moreblocks:all_faces_jungle_tree','moreblocks:all_faces_jungle_tree','moreblocks:all_faces_jungle_tree'),
('moreblocks:stair_all_faces_jungle_tree_alt',2,'moreblocks:panel_all_faces_jungle_tree','','','moreblocks:panel_all_faces_jungle_tree','','','','',''),
('moreblocks:stair_all_faces_jungle_tree_alt',2,'','moreblocks:panel_all_faces_jungle_tree','moreblocks:panel_all_faces_jungle_tree','','','','','',''),
('moreblocks:slab_all_faces_jungle_tree 6',3,'moreblocks:all_faces_jungle_tree','moreblocks:all_faces_jungle_tree','moreblocks:all_faces_jungle_tree','','','','','',''),
('moreblocks:slab_all_faces_jungle_tree',2,'moreblocks:panel_all_faces_jungle_tree','moreblocks:panel_all_faces_jungle_tree','','','','','','',''),
('moreblocks:slab_all_faces_jungle_tree',1,'moreblocks:panel_all_faces_jungle_tree','moreblocks:panel_all_faces_jungle_tree','','','','','','',''),
('moreblocks:slope_all_faces_jungle_tree 7',3,'moreblocks:panel_all_faces_jungle_tree','','','moreblocks:all_faces_jungle_tree','moreblocks:panel_all_faces_jungle_tree','','moreblocks:all_faces_jungle_tree','moreblocks:all_faces_jungle_tree','moreblocks:panel_all_faces_jungle_tree'),
('moreblocks:slope_all_faces_jungle_tree 7',3,'','','moreblocks:panel_all_faces_jungle_tree','','moreblocks:panel_all_faces_jungle_tree','moreblocks:all_faces_jungle_tree','moreblocks:panel_all_faces_jungle_tree','moreblocks:all_faces_jungle_tree','moreblocks:all_faces_jungle_tree'),
('moreblocks:slope_all_faces_jungle_tree_half 10',3,'moreblocks:panel_all_faces_jungle_tree','','','moreblocks:all_faces_jungle_tree','moreblocks:all_faces_jungle_tree','moreblocks:panel_all_faces_jungle_tree','','',''),
('moreblocks:slope_all_faces_jungle_tree_half 10',3,'','','moreblocks:panel_all_faces_jungle_tree','moreblocks:panel_all_faces_jungle_tree','moreblocks:all_faces_jungle_tree','moreblocks:all_faces_jungle_tree','','',''),
('moreblocks:slope_all_faces_jungle_tree_half_raised 7',3,'moreblocks:panel_all_faces_jungle_tree','','','moreblocks:all_faces_jungle_tree','moreblocks:all_faces_jungle_tree','moreblocks:panel_all_faces_jungle_tree','moreblocks:all_faces_jungle_tree','moreblocks:all_faces_jungle_tree','moreblocks:all_faces_jungle_tree'),
('moreblocks:slope_all_faces_jungle_tree_half_raised 7',3,'','','moreblocks:panel_all_faces_jungle_tree','moreblocks:panel_all_faces_jungle_tree','moreblocks:all_faces_jungle_tree','moreblocks:all_faces_jungle_tree','moreblocks:all_faces_jungle_tree','moreblocks:all_faces_jungle_tree','moreblocks:all_faces_jungle_tree'),
('moreblocks:slope_all_faces_jungle_tree_inner 7',3,'moreblocks:stair_all_faces_jungle_tree_half','','','moreblocks:all_faces_jungle_tree','moreblocks:stair_all_faces_jungle_tree_half','','moreblocks:all_faces_jungle_tree','moreblocks:all_faces_jungle_tree','moreblocks:stair_all_faces_jungle_tree_half'),
('moreblocks:slope_all_faces_jungle_tree_inner 7',3,'','','moreblocks:stair_all_faces_jungle_tree_half','','moreblocks:stair_all_faces_jungle_tree_half','moreblocks:all_faces_jungle_tree','moreblocks:stair_all_faces_jungle_tree_half','moreblocks:all_faces_jungle_tree','moreblocks:all_faces_jungle_tree'),
('moreblocks:slope_all_faces_jungle_tree_inner_half 10',3,'moreblocks:stair_all_faces_jungle_tree_half','','','moreblocks:all_faces_jungle_tree','moreblocks:all_faces_jungle_tree','moreblocks:stair_all_faces_jungle_tree_half','','',''),
('moreblocks:slope_all_faces_jungle_tree_inner_half 10',3,'','','moreblocks:stair_all_faces_jungle_tree_half','moreblocks:stair_all_faces_jungle_tree_half','moreblocks:all_faces_jungle_tree','moreblocks:all_faces_jungle_tree','','',''),
('moreblocks:slope_all_faces_jungle_tree_inner_half_raised 7',3,'moreblocks:stair_all_faces_jungle_tree_half','','','moreblocks:all_faces_jungle_tree','moreblocks:all_faces_jungle_tree','moreblocks:stair_all_faces_jungle_tree_half','moreblocks:all_faces_jungle_tree','moreblocks:all_faces_jungle_tree','moreblocks:all_faces_jungle_tree'),
('moreblocks:slope_all_faces_jungle_tree_inner_half_raised 7',3,'','','moreblocks:stair_all_faces_jungle_tree_half','moreblocks:stair_all_faces_jungle_tree_half','moreblocks:all_faces_jungle_tree','moreblocks:all_faces_jungle_tree','moreblocks:all_faces_jungle_tree','moreblocks:all_faces_jungle_tree','moreblocks:all_faces_jungle_tree'),
('moreblocks:slope_all_faces_jungle_tree_outer 7',3,'moreblocks:micro_all_faces_jungle_tree','','','moreblocks:all_faces_jungle_tree','moreblocks:micro_all_faces_jungle_tree','','moreblocks:all_faces_jungle_tree','moreblocks:all_faces_jungle_tree','moreblocks:micro_all_faces_jungle_tree'),
('moreblocks:slope_all_faces_jungle_tree_outer 7',3,'','','moreblocks:micro_all_faces_jungle_tree','','moreblocks:micro_all_faces_jungle_tree','moreblocks:all_faces_jungle_tree','moreblocks:micro_all_faces_jungle_tree','moreblocks:all_faces_jungle_tree','moreblocks:all_faces_jungle_tree'),
('moreblocks:slope_all_faces_jungle_tree_outer_half 10',3,'moreblocks:micro_all_faces_jungle_tree','','','moreblocks:all_faces_jungle_tree','moreblocks:all_faces_jungle_tree','moreblocks:micro_all_faces_jungle_tree','','',''),
('moreblocks:slope_all_faces_jungle_tree_outer_half 10',3,'','','moreblocks:micro_all_faces_jungle_tree','moreblocks:micro_all_faces_jungle_tree','moreblocks:all_faces_jungle_tree','moreblocks:all_faces_jungle_tree','','',''),
('moreblocks:slope_all_faces_jungle_tree_outer_half_raised 7',3,'moreblocks:micro_all_faces_jungle_tree','','','moreblocks:all_faces_jungle_tree','moreblocks:all_faces_jungle_tree','moreblocks:micro_all_faces_jungle_tree','moreblocks:all_faces_jungle_tree','moreblocks:all_faces_jungle_tree','moreblocks:all_faces_jungle_tree'),
('moreblocks:slope_all_faces_jungle_tree_outer_half_raised 7',3,'','','moreblocks:micro_all_faces_jungle_tree','moreblocks:micro_all_faces_jungle_tree','moreblocks:all_faces_jungle_tree','moreblocks:all_faces_jungle_tree','moreblocks:all_faces_jungle_tree','moreblocks:all_faces_jungle_tree','moreblocks:all_faces_jungle_tree'),
('moreblocks:panel_all_faces_jungle_tree 12',2,'moreblocks:all_faces_jungle_tree','','moreblocks:all_faces_jungle_tree','moreblocks:all_faces_jungle_tree','','','','',''),
('moreblocks:panel_all_faces_jungle_tree 12',2,'','moreblocks:all_faces_jungle_tree','moreblocks:all_faces_jungle_tree','moreblocks:all_faces_jungle_tree','','','','',''),
('moreblocks:stair_tar 8',3,'moreblocks:tar','','','moreblocks:tar','moreblocks:tar','','moreblocks:tar','moreblocks:tar','moreblocks:tar'),
('moreblocks:stair_tar 8',3,'','','moreblocks:tar','','moreblocks:tar','moreblocks:tar','moreblocks:tar','moreblocks:tar','moreblocks:tar'),
('moreblocks:stair_tar_alt',2,'moreblocks:panel_tar','','','moreblocks:panel_tar','','','','',''),
('moreblocks:stair_tar_alt',2,'','moreblocks:panel_tar','moreblocks:panel_tar','','','','','',''),
('moreblocks:slab_tar 6',3,'moreblocks:tar','moreblocks:tar','moreblocks:tar','','','','','',''),
('moreblocks:slab_tar',2,'moreblocks:panel_tar','moreblocks:panel_tar','','','','','','',''),
('moreblocks:slab_tar',1,'moreblocks:panel_tar','moreblocks:panel_tar','','','','','','',''),
('moreblocks:slope_tar 7',3,'moreblocks:panel_tar','','','moreblocks:tar','moreblocks:panel_tar','','moreblocks:tar','moreblocks:tar','moreblocks:panel_tar'),
('moreblocks:slope_tar 7',3,'','','moreblocks:panel_tar','','moreblocks:panel_tar','moreblocks:tar','moreblocks:panel_tar','moreblocks:tar','moreblocks:tar'),
('moreblocks:slope_tar_half 10',3,'moreblocks:panel_tar','','','moreblocks:tar','moreblocks:tar','moreblocks:panel_tar','','',''),
('moreblocks:slope_tar_half 10',3,'','','moreblocks:panel_tar','moreblocks:panel_tar','moreblocks:tar','moreblocks:tar','','',''),
('moreblocks:slope_tar_half_raised 7',3,'moreblocks:panel_tar','','','moreblocks:tar','moreblocks:tar','moreblocks:panel_tar','moreblocks:tar','moreblocks:tar','moreblocks:tar'),
('moreblocks:slope_tar_half_raised 7',3,'','','moreblocks:panel_tar','moreblocks:panel_tar','moreblocks:tar','moreblocks:tar','moreblocks:tar','moreblocks:tar','moreblocks:tar'),
('moreblocks:slope_tar_inner 7',3,'moreblocks:stair_tar_half','','','moreblocks:tar','moreblocks:stair_tar_half','','moreblocks:tar','moreblocks:tar','moreblocks:stair_tar_half'),
('moreblocks:slope_tar_inner 7',3,'','','moreblocks:stair_tar_half','','moreblocks:stair_tar_half','moreblocks:tar','moreblocks:stair_tar_half','moreblocks:tar','moreblocks:tar'),
('moreblocks:slope_tar_inner_half 10',3,'moreblocks:stair_tar_half','','','moreblocks:tar','moreblocks:tar','moreblocks:stair_tar_half','','',''),
('moreblocks:slope_tar_inner_half 10',3,'','','moreblocks:stair_tar_half','moreblocks:stair_tar_half','moreblocks:tar','moreblocks:tar','','',''),
('moreblocks:slope_tar_inner_half_raised 7',3,'moreblocks:stair_tar_half','','','moreblocks:tar','moreblocks:tar','moreblocks:stair_tar_half','moreblocks:tar','moreblocks:tar','moreblocks:tar'),
('moreblocks:slope_tar_inner_half_raised 7',3,'','','moreblocks:stair_tar_half','moreblocks:stair_tar_half','moreblocks:tar','moreblocks:tar','moreblocks:tar','moreblocks:tar','moreblocks:tar'),
('moreblocks:slope_tar_outer 7',3,'moreblocks:micro_tar','','','moreblocks:tar','moreblocks:micro_tar','','moreblocks:tar','moreblocks:tar','moreblocks:micro_tar'),
('moreblocks:slope_tar_outer 7',3,'','','moreblocks:micro_tar','','moreblocks:micro_tar','moreblocks:tar','moreblocks:micro_tar','moreblocks:tar','moreblocks:tar'),
('moreblocks:slope_tar_outer_half 10',3,'moreblocks:micro_tar','','','moreblocks:tar','moreblocks:tar','moreblocks:micro_tar','','',''),
('moreblocks:slope_tar_outer_half 10',3,'','','moreblocks:micro_tar','moreblocks:micro_tar','moreblocks:tar','moreblocks:tar','','',''),
('moreblocks:slope_tar_outer_half_raised 7',3,'moreblocks:micro_tar','','','moreblocks:tar','moreblocks:tar','moreblocks:micro_tar','moreblocks:tar','moreblocks:tar','moreblocks:tar'),
('moreblocks:slope_tar_outer_half_raised 7',3,'','','moreblocks:micro_tar','moreblocks:micro_tar','moreblocks:tar','moreblocks:tar','moreblocks:tar','moreblocks:tar','moreblocks:tar'),
('moreblocks:panel_tar 12',2,'moreblocks:tar','','moreblocks:tar','moreblocks:tar','','','','',''),
('moreblocks:panel_tar 12',2,'','moreblocks:tar','moreblocks:tar','moreblocks:tar','','','','',''),
('moreblocks:stair_plankstone 8',3,'moreblocks:plankstone','','','moreblocks:plankstone','moreblocks:plankstone','','moreblocks:plankstone','moreblocks:plankstone','moreblocks:plankstone'),
('moreblocks:stair_plankstone 8',3,'','','moreblocks:plankstone','','moreblocks:plankstone','moreblocks:plankstone','moreblocks:plankstone','moreblocks:plankstone','moreblocks:plankstone'),
('moreblocks:stair_plankstone_alt',2,'moreblocks:panel_plankstone','','','moreblocks:panel_plankstone','','','','',''),
('moreblocks:stair_plankstone_alt',2,'','moreblocks:panel_plankstone','moreblocks:panel_plankstone','','','','','',''),
('moreblocks:slab_plankstone 6',3,'moreblocks:plankstone','moreblocks:plankstone','moreblocks:plankstone','','','','','',''),
('moreblocks:slab_plankstone',2,'moreblocks:panel_plankstone','moreblocks:panel_plankstone','','','','','','',''),
('moreblocks:slab_plankstone',1,'moreblocks:panel_plankstone','moreblocks:panel_plankstone','','','','','','',''),
('moreblocks:slope_plankstone 7',3,'moreblocks:panel_plankstone','','','moreblocks:plankstone','moreblocks:panel_plankstone','','moreblocks:plankstone','moreblocks:plankstone','moreblocks:panel_plankstone'),
('moreblocks:slope_plankstone 7',3,'','','moreblocks:panel_plankstone','','moreblocks:panel_plankstone','moreblocks:plankstone','moreblocks:panel_plankstone','moreblocks:plankstone','moreblocks:plankstone'),
('moreblocks:slope_plankstone_half 10',3,'moreblocks:panel_plankstone','','','moreblocks:plankstone','moreblocks:plankstone','moreblocks:panel_plankstone','','',''),
('moreblocks:slope_plankstone_half 10',3,'','','moreblocks:panel_plankstone','moreblocks:panel_plankstone','moreblocks:plankstone','moreblocks:plankstone','','',''),
('moreblocks:slope_plankstone_half_raised 7',3,'moreblocks:panel_plankstone','','','moreblocks:plankstone','moreblocks:plankstone','moreblocks:panel_plankstone','moreblocks:plankstone','moreblocks:plankstone','moreblocks:plankstone'),
('moreblocks:slope_plankstone_half_raised 7',3,'','','moreblocks:panel_plankstone','moreblocks:panel_plankstone','moreblocks:plankstone','moreblocks:plankstone','moreblocks:plankstone','moreblocks:plankstone','moreblocks:plankstone'),
('moreblocks:slope_plankstone_inner 7',3,'moreblocks:stair_plankstone_half','','','moreblocks:plankstone','moreblocks:stair_plankstone_half','','moreblocks:plankstone','moreblocks:plankstone','moreblocks:stair_plankstone_half'),
('moreblocks:slope_plankstone_inner 7',3,'','','moreblocks:stair_plankstone_half','','moreblocks:stair_plankstone_half','moreblocks:plankstone','moreblocks:stair_plankstone_half','moreblocks:plankstone','moreblocks:plankstone'),
('moreblocks:slope_plankstone_inner_half 10',3,'moreblocks:stair_plankstone_half','','','moreblocks:plankstone','moreblocks:plankstone','moreblocks:stair_plankstone_half','','',''),
('moreblocks:slope_plankstone_inner_half 10',3,'','','moreblocks:stair_plankstone_half','moreblocks:stair_plankstone_half','moreblocks:plankstone','moreblocks:plankstone','','',''),
('moreblocks:slope_plankstone_inner_half_raised 7',3,'moreblocks:stair_plankstone_half','','','moreblocks:plankstone','moreblocks:plankstone','moreblocks:stair_plankstone_half','moreblocks:plankstone','moreblocks:plankstone','moreblocks:plankstone'),
('moreblocks:slope_plankstone_inner_half_raised 7',3,'','','moreblocks:stair_plankstone_half','moreblocks:stair_plankstone_half','moreblocks:plankstone','moreblocks:plankstone','moreblocks:plankstone','moreblocks:plankstone','moreblocks:plankstone'),
('moreblocks:slope_plankstone_outer 7',3,'moreblocks:micro_plankstone','','','moreblocks:plankstone','moreblocks:micro_plankstone','','moreblocks:plankstone','moreblocks:plankstone','moreblocks:micro_plankstone'),
('moreblocks:slope_plankstone_outer 7',3,'','','moreblocks:micro_plankstone','','moreblocks:micro_plankstone','moreblocks:plankstone','moreblocks:micro_plankstone','moreblocks:plankstone','moreblocks:plankstone'),
('moreblocks:slope_plankstone_outer_half 10',3,'moreblocks:micro_plankstone','','','moreblocks:plankstone','moreblocks:plankstone','moreblocks:micro_plankstone','','',''),
('moreblocks:slope_plankstone_outer_half 10',3,'','','moreblocks:micro_plankstone','moreblocks:micro_plankstone','moreblocks:plankstone','moreblocks:plankstone','','',''),
('moreblocks:slope_plankstone_outer_half_raised 7',3,'moreblocks:micro_plankstone','','','moreblocks:plankstone','moreblocks:plankstone','moreblocks:micro_plankstone','moreblocks:plankstone','moreblocks:plankstone','moreblocks:plankstone'),
('moreblocks:slope_plankstone_outer_half_raised 7',3,'','','moreblocks:micro_plankstone','moreblocks:micro_plankstone','moreblocks:plankstone','moreblocks:plankstone','moreblocks:plankstone','moreblocks:plankstone','moreblocks:plankstone'),
('moreblocks:panel_plankstone 12',2,'moreblocks:plankstone','','moreblocks:plankstone','moreblocks:plankstone','','','','',''),
('moreblocks:panel_plankstone 12',2,'','moreblocks:plankstone','moreblocks:plankstone','moreblocks:plankstone','','','','',''),
('moreblocks:stair_coal_stone_bricks 8',3,'moreblocks:coal_stone_bricks','','','moreblocks:coal_stone_bricks','moreblocks:coal_stone_bricks','','moreblocks:coal_stone_bricks','moreblocks:coal_stone_bricks','moreblocks:coal_stone_bricks'),
('moreblocks:stair_coal_stone_bricks 8',3,'','','moreblocks:coal_stone_bricks','','moreblocks:coal_stone_bricks','moreblocks:coal_stone_bricks','moreblocks:coal_stone_bricks','moreblocks:coal_stone_bricks','moreblocks:coal_stone_bricks'),
('moreblocks:stair_coal_stone_bricks_alt',2,'moreblocks:panel_coal_stone_bricks','','','moreblocks:panel_coal_stone_bricks','','','','',''),
('moreblocks:stair_coal_stone_bricks_alt',2,'','moreblocks:panel_coal_stone_bricks','moreblocks:panel_coal_stone_bricks','','','','','',''),
('moreblocks:slab_coal_stone_bricks 6',3,'moreblocks:coal_stone_bricks','moreblocks:coal_stone_bricks','moreblocks:coal_stone_bricks','','','','','',''),
('moreblocks:slab_coal_stone_bricks',2,'moreblocks:panel_coal_stone_bricks','moreblocks:panel_coal_stone_bricks','','','','','','',''),
('moreblocks:slab_coal_stone_bricks',1,'moreblocks:panel_coal_stone_bricks','moreblocks:panel_coal_stone_bricks','','','','','','',''),
('moreblocks:slope_coal_stone_bricks 7',3,'moreblocks:panel_coal_stone_bricks','','','moreblocks:coal_stone_bricks','moreblocks:panel_coal_stone_bricks','','moreblocks:coal_stone_bricks','moreblocks:coal_stone_bricks','moreblocks:panel_coal_stone_bricks'),
('moreblocks:slope_coal_stone_bricks 7',3,'','','moreblocks:panel_coal_stone_bricks','','moreblocks:panel_coal_stone_bricks','moreblocks:coal_stone_bricks','moreblocks:panel_coal_stone_bricks','moreblocks:coal_stone_bricks','moreblocks:coal_stone_bricks'),
('moreblocks:slope_coal_stone_bricks_half 10',3,'moreblocks:panel_coal_stone_bricks','','','moreblocks:coal_stone_bricks','moreblocks:coal_stone_bricks','moreblocks:panel_coal_stone_bricks','','',''),
('moreblocks:slope_coal_stone_bricks_half 10',3,'','','moreblocks:panel_coal_stone_bricks','moreblocks:panel_coal_stone_bricks','moreblocks:coal_stone_bricks','moreblocks:coal_stone_bricks','','',''),
('moreblocks:slope_coal_stone_bricks_half_raised 7',3,'moreblocks:panel_coal_stone_bricks','','','moreblocks:coal_stone_bricks','moreblocks:coal_stone_bricks','moreblocks:panel_coal_stone_bricks','moreblocks:coal_stone_bricks','moreblocks:coal_stone_bricks','moreblocks:coal_stone_bricks'),
('moreblocks:slope_coal_stone_bricks_half_raised 7',3,'','','moreblocks:panel_coal_stone_bricks','moreblocks:panel_coal_stone_bricks','moreblocks:coal_stone_bricks','moreblocks:coal_stone_bricks','moreblocks:coal_stone_bricks','moreblocks:coal_stone_bricks','moreblocks:coal_stone_bricks'),
('moreblocks:slope_coal_stone_bricks_inner 7',3,'moreblocks:stair_coal_stone_bricks_half','','','moreblocks:coal_stone_bricks','moreblocks:stair_coal_stone_bricks_half','','moreblocks:coal_stone_bricks','moreblocks:coal_stone_bricks','moreblocks:stair_coal_stone_bricks_half'),
('moreblocks:slope_coal_stone_bricks_inner 7',3,'','','moreblocks:stair_coal_stone_bricks_half','','moreblocks:stair_coal_stone_bricks_half','moreblocks:coal_stone_bricks','moreblocks:stair_coal_stone_bricks_half','moreblocks:coal_stone_bricks','moreblocks:coal_stone_bricks'),
('moreblocks:slope_coal_stone_bricks_inner_half 10',3,'moreblocks:stair_coal_stone_bricks_half','','','moreblocks:coal_stone_bricks','moreblocks:coal_stone_bricks','moreblocks:stair_coal_stone_bricks_half','','',''),
('moreblocks:slope_coal_stone_bricks_inner_half 10',3,'','','moreblocks:stair_coal_stone_bricks_half','moreblocks:stair_coal_stone_bricks_half','moreblocks:coal_stone_bricks','moreblocks:coal_stone_bricks','','',''),
('moreblocks:slope_coal_stone_bricks_inner_half_raised 7',3,'moreblocks:stair_coal_stone_bricks_half','','','moreblocks:coal_stone_bricks','moreblocks:coal_stone_bricks','moreblocks:stair_coal_stone_bricks_half','moreblocks:coal_stone_bricks','moreblocks:coal_stone_bricks','moreblocks:coal_stone_bricks'),
('moreblocks:slope_coal_stone_bricks_inner_half_raised 7',3,'','','moreblocks:stair_coal_stone_bricks_half','moreblocks:stair_coal_stone_bricks_half','moreblocks:coal_stone_bricks','moreblocks:coal_stone_bricks','moreblocks:coal_stone_bricks','moreblocks:coal_stone_bricks','moreblocks:coal_stone_bricks'),
('moreblocks:slope_coal_stone_bricks_outer 7',3,'moreblocks:micro_coal_stone_bricks','','','moreblocks:coal_stone_bricks','moreblocks:micro_coal_stone_bricks','','moreblocks:coal_stone_bricks','moreblocks:coal_stone_bricks','moreblocks:micro_coal_stone_bricks'),
('moreblocks:slope_coal_stone_bricks_outer 7',3,'','','moreblocks:micro_coal_stone_bricks','','moreblocks:micro_coal_stone_bricks','moreblocks:coal_stone_bricks','moreblocks:micro_coal_stone_bricks','moreblocks:coal_stone_bricks','moreblocks:coal_stone_bricks'),
('moreblocks:slope_coal_stone_bricks_outer_half 10',3,'moreblocks:micro_coal_stone_bricks','','','moreblocks:coal_stone_bricks','moreblocks:coal_stone_bricks','moreblocks:micro_coal_stone_bricks','','',''),
('moreblocks:slope_coal_stone_bricks_outer_half 10',3,'','','moreblocks:micro_coal_stone_bricks','moreblocks:micro_coal_stone_bricks','moreblocks:coal_stone_bricks','moreblocks:coal_stone_bricks','','',''),
('moreblocks:slope_coal_stone_bricks_outer_half_raised 7',3,'moreblocks:micro_coal_stone_bricks','','','moreblocks:coal_stone_bricks','moreblocks:coal_stone_bricks','moreblocks:micro_coal_stone_bricks','moreblocks:coal_stone_bricks','moreblocks:coal_stone_bricks','moreblocks:coal_stone_bricks'),
('moreblocks:slope_coal_stone_bricks_outer_half_raised 7',3,'','','moreblocks:micro_coal_stone_bricks','moreblocks:micro_coal_stone_bricks','moreblocks:coal_stone_bricks','moreblocks:coal_stone_bricks','moreblocks:coal_stone_bricks','moreblocks:coal_stone_bricks','moreblocks:coal_stone_bricks'),
('moreblocks:panel_coal_stone_bricks 12',2,'moreblocks:coal_stone_bricks','','moreblocks:coal_stone_bricks','moreblocks:coal_stone_bricks','','','','',''),
('moreblocks:panel_coal_stone_bricks 12',2,'','moreblocks:coal_stone_bricks','moreblocks:coal_stone_bricks','moreblocks:coal_stone_bricks','','','','',''),
('moreblocks:stair_iron_stone_bricks 8',3,'moreblocks:iron_stone_bricks','','','moreblocks:iron_stone_bricks','moreblocks:iron_stone_bricks','','moreblocks:iron_stone_bricks','moreblocks:iron_stone_bricks','moreblocks:iron_stone_bricks'),
('moreblocks:stair_iron_stone_bricks 8',3,'','','moreblocks:iron_stone_bricks','','moreblocks:iron_stone_bricks','moreblocks:iron_stone_bricks','moreblocks:iron_stone_bricks','moreblocks:iron_stone_bricks','moreblocks:iron_stone_bricks'),
('moreblocks:stair_iron_stone_bricks_alt',2,'moreblocks:panel_iron_stone_bricks','','','moreblocks:panel_iron_stone_bricks','','','','',''),
('moreblocks:stair_iron_stone_bricks_alt',2,'','moreblocks:panel_iron_stone_bricks','moreblocks:panel_iron_stone_bricks','','','','','',''),
('moreblocks:slab_iron_stone_bricks 6',3,'moreblocks:iron_stone_bricks','moreblocks:iron_stone_bricks','moreblocks:iron_stone_bricks','','','','','',''),
('moreblocks:slab_iron_stone_bricks',2,'moreblocks:panel_iron_stone_bricks','moreblocks:panel_iron_stone_bricks','','','','','','',''),
('moreblocks:slab_iron_stone_bricks',1,'moreblocks:panel_iron_stone_bricks','moreblocks:panel_iron_stone_bricks','','','','','','',''),
('moreblocks:slope_iron_stone_bricks 7',3,'moreblocks:panel_iron_stone_bricks','','','moreblocks:iron_stone_bricks','moreblocks:panel_iron_stone_bricks','','moreblocks:iron_stone_bricks','moreblocks:iron_stone_bricks','moreblocks:panel_iron_stone_bricks'),
('moreblocks:slope_iron_stone_bricks 7',3,'','','moreblocks:panel_iron_stone_bricks','','moreblocks:panel_iron_stone_bricks','moreblocks:iron_stone_bricks','moreblocks:panel_iron_stone_bricks','moreblocks:iron_stone_bricks','moreblocks:iron_stone_bricks'),
('moreblocks:slope_iron_stone_bricks_half 10',3,'moreblocks:panel_iron_stone_bricks','','','moreblocks:iron_stone_bricks','moreblocks:iron_stone_bricks','moreblocks:panel_iron_stone_bricks','','',''),
('moreblocks:slope_iron_stone_bricks_half 10',3,'','','moreblocks:panel_iron_stone_bricks','moreblocks:panel_iron_stone_bricks','moreblocks:iron_stone_bricks','moreblocks:iron_stone_bricks','','',''),
('moreblocks:slope_iron_stone_bricks_half_raised 7',3,'moreblocks:panel_iron_stone_bricks','','','moreblocks:iron_stone_bricks','moreblocks:iron_stone_bricks','moreblocks:panel_iron_stone_bricks','moreblocks:iron_stone_bricks','moreblocks:iron_stone_bricks','moreblocks:iron_stone_bricks'),
('moreblocks:slope_iron_stone_bricks_half_raised 7',3,'','','moreblocks:panel_iron_stone_bricks','moreblocks:panel_iron_stone_bricks','moreblocks:iron_stone_bricks','moreblocks:iron_stone_bricks','moreblocks:iron_stone_bricks','moreblocks:iron_stone_bricks','moreblocks:iron_stone_bricks'),
('moreblocks:slope_iron_stone_bricks_inner 7',3,'moreblocks:stair_iron_stone_bricks_half','','','moreblocks:iron_stone_bricks','moreblocks:stair_iron_stone_bricks_half','','moreblocks:iron_stone_bricks','moreblocks:iron_stone_bricks','moreblocks:stair_iron_stone_bricks_half'),
('moreblocks:slope_iron_stone_bricks_inner 7',3,'','','moreblocks:stair_iron_stone_bricks_half','','moreblocks:stair_iron_stone_bricks_half','moreblocks:iron_stone_bricks','moreblocks:stair_iron_stone_bricks_half','moreblocks:iron_stone_bricks','moreblocks:iron_stone_bricks'),
('moreblocks:slope_iron_stone_bricks_inner_half 10',3,'moreblocks:stair_iron_stone_bricks_half','','','moreblocks:iron_stone_bricks','moreblocks:iron_stone_bricks','moreblocks:stair_iron_stone_bricks_half','','',''),
('moreblocks:slope_iron_stone_bricks_inner_half 10',3,'','','moreblocks:stair_iron_stone_bricks_half','moreblocks:stair_iron_stone_bricks_half','moreblocks:iron_stone_bricks','moreblocks:iron_stone_bricks','','',''),
('moreblocks:slope_iron_stone_bricks_inner_half_raised 7',3,'moreblocks:stair_iron_stone_bricks_half','','','moreblocks:iron_stone_bricks','moreblocks:iron_stone_bricks','moreblocks:stair_iron_stone_bricks_half','moreblocks:iron_stone_bricks','moreblocks:iron_stone_bricks','moreblocks:iron_stone_bricks'),
('moreblocks:slope_iron_stone_bricks_inner_half_raised 7',3,'','','moreblocks:stair_iron_stone_bricks_half','moreblocks:stair_iron_stone_bricks_half','moreblocks:iron_stone_bricks','moreblocks:iron_stone_bricks','moreblocks:iron_stone_bricks','moreblocks:iron_stone_bricks','moreblocks:iron_stone_bricks'),
('moreblocks:slope_iron_stone_bricks_outer 7',3,'moreblocks:micro_iron_stone_bricks','','','moreblocks:iron_stone_bricks','moreblocks:micro_iron_stone_bricks','','moreblocks:iron_stone_bricks','moreblocks:iron_stone_bricks','moreblocks:micro_iron_stone_bricks'),
('moreblocks:slope_iron_stone_bricks_outer 7',3,'','','moreblocks:micro_iron_stone_bricks','','moreblocks:micro_iron_stone_bricks','moreblocks:iron_stone_bricks','moreblocks:micro_iron_stone_bricks','moreblocks:iron_stone_bricks','moreblocks:iron_stone_bricks'),
('moreblocks:slope_iron_stone_bricks_outer_half 10',3,'moreblocks:micro_iron_stone_bricks','','','moreblocks:iron_stone_bricks','moreblocks:iron_stone_bricks','moreblocks:micro_iron_stone_bricks','','',''),
('moreblocks:slope_iron_stone_bricks_outer_half 10',3,'','','moreblocks:micro_iron_stone_bricks','moreblocks:micro_iron_stone_bricks','moreblocks:iron_stone_bricks','moreblocks:iron_stone_bricks','','',''),
('moreblocks:slope_iron_stone_bricks_outer_half_raised 7',3,'moreblocks:micro_iron_stone_bricks','','','moreblocks:iron_stone_bricks','moreblocks:iron_stone_bricks','moreblocks:micro_iron_stone_bricks','moreblocks:iron_stone_bricks','moreblocks:iron_stone_bricks','moreblocks:iron_stone_bricks'),
('moreblocks:slope_iron_stone_bricks_outer_half_raised 7',3,'','','moreblocks:micro_iron_stone_bricks','moreblocks:micro_iron_stone_bricks','moreblocks:iron_stone_bricks','moreblocks:iron_stone_bricks','moreblocks:iron_stone_bricks','moreblocks:iron_stone_bricks','moreblocks:iron_stone_bricks'),
('moreblocks:panel_iron_stone_bricks 12',2,'moreblocks:iron_stone_bricks','','moreblocks:iron_stone_bricks','moreblocks:iron_stone_bricks','','','','',''),
('moreblocks:panel_iron_stone_bricks 12',2,'','moreblocks:iron_stone_bricks','moreblocks:iron_stone_bricks','moreblocks:iron_stone_bricks','','','','',''),
('moreblocks:circular_saw',3,'','default:steel_ingot','','group:wood','group:wood','group:wood','group:wood','','group:wood');

UPDATE dbversion SET version = 45  WHERE dbname = 'game';

-- DBv46
ALTER TABLE itemdefs_nodes_drops ADD COLUMN min_items INT NOT NULL DEFAULT 1;
ALTER TABLE itemdefs_nodes_drops ADD COLUMN max_items INT NOT NULL DEFAULT 1;

UPDATE itemdefs_nodes_drops SET max_items = 2 WHERE item_name = 'farming:wheat_6';
UPDATE itemdefs_nodes_drops SET max_items = 3 WHERE item_name = 'farming:wheat_7';
UPDATE itemdefs_nodes_drops SET max_items = 4 WHERE item_name = 'farming:wheat_8';

UPDATE itemdefs_nodes_drops SET max_items = 2 WHERE item_name = 'farming:cotton_6';
UPDATE itemdefs_nodes_drops SET max_items = 3 WHERE item_name = 'farming:cotton_7';
UPDATE itemdefs_nodes_drops SET max_items = 4 WHERE item_name = 'farming:cotton_8';

UPDATE itemdefs_nodes_drops SET drop_rarity = drop_rarity / 2 where item_name LIKE 'farming:cotton_%' AND drop_name = 'farming:cotton' OR
item_name LIKE 'farming:wheat_%' AND drop_name = 'farming:wheat';

UPDATE dbversion SET version = 46  WHERE dbname = 'game';

-- DBv47
UPDATE creaturedefs_loot SET item = 'farming:cotton' WHERE item = 'farming:string';
UPDATE player_inventory_items SET item = REPLACE(item, 'farming:string', 'farming:cotton') WHERE item LIKE 'farming:string%';

UPDATE dbversion SET version = 47  WHERE dbname = 'game';

-- DBv48
INSERT INTO itemdefs (name,description,type,inventory_image,wield_image,wield_scale_x,wield_scale_y,wield_scale_z,stack_max,item_range,
    usable,liquids_pointable,node_placement_prediction) VALUES
('farming:wheat_dead','Rotten wheat',1,'','',1,1,1,99,-1,'f','f','farming:wheat_dead'),
('farming:cotton_dead','Rotten cotton',1,'','',1,1,1,99,-1,'f','f','farming:cotton_dead');

INSERT INTO itemdefs_groups (item_name,group_name,group_value) VALUES
('farming:wheat_dead','attached_node',1),
('farming:wheat_dead','flammable',2),
('farming:wheat_dead','not_in_creative_inventory',1),
('farming:wheat_dead','plant',1),
('farming:wheat_dead','snappy',3),
('farming:cotton_dead','attached_node',1),
('farming:cotton_dead','flammable',2),
('farming:cotton_dead','not_in_creative_inventory',1),
('farming:cotton_dead','plant',1),
('farming:cotton_dead','snappy',3);

INSERT INTO itemdefs_nodes_tiles (item_name,tile1,tile2,tile3,tile4,tile5,tile6) VALUES
('farming:wheat_dead','farming_wheat_9.png','','','','',''),
('farming:cotton_dead','farming_cotton_9.png','','','','','');

INSERT INTO itemdefs_nodes (item_name,drawtype,visual_scale,mesh,alpha,param_type,param_type2,is_ground_content,sunlight_propagates,
walkable,pointable,diggable,climbable,buildable_to,rightclickable,liquid_type,liquid_alternative_flowing,liquid_alternative_source,
liquid_viscosity,liquid_range,leveled,drowning,light_source,damage_per_second,waving,legacy_facedir_simple,legacy_wallmounted,max_drops) VALUES
('farming:wheat_dead',9,1,'',255,1,0,'t','f','f','t','t','f','t','f',0,'','',0,8,0,0,0,0,1,'f','f',1),
('farming:cotton_dead',9,1,'',255,1,0,'t','f','f','t','t','f','t','f',0,'','',0,8,0,0,0,0,1,'f','f',1);

INSERT INTO itemdefs_sounds (item_name,sound_name,sound_gain,sound_file) VALUES
('farming:wheat_dead','footstep',0.35,'default_grass_footstep'),
('farming:wheat_dead','dig',0.4,'default_dig_crumbly'),
('farming:wheat_dead','dug',0.7,'default_grass_footstep'),
('farming:wheat_dead','place',1,'default_place_node'),
('farming:cotton_dead','footstep',0.35,'default_grass_footstep'),
('farming:cotton_dead','dig',0.4,'default_dig_crumbly'),
('farming:cotton_dead','dug',0.7,'default_grass_footstep'),
('farming:cotton_dead','place',1,'default_place_node');

INSERT INTO itemdefs_nodeboxes (item_name,nodebox_type,collisionbox_type,selectionbox_type) VALUES
('farming:wheat_dead',0,0,1),
('farming:cotton_dead',0,0,1);

INSERT INTO itemdefs_nodeboxes_components (item_name,nodebox_id,minedge_x,minedge_y,minedge_z,maxedge_x,maxedge_y,maxedge_z) VALUES
('farming:wheat_dead',3,-5,-5,-5,5,-3.125,5),
('farming:cotton_dead',3,-5,-5,-5,5,-3.125,5);

CREATE TABLE abm_nodereplace (
    node_name TEXT NOT NULL,
    node_replace_name TEXT NOT NULL,
    interval NUMERIC(16, 4) NOT NULL,
    chance INT NOT NULL,
    PRIMARY KEY(node_name, node_replace_name)
);

INSERT INTO abm_nodereplace (node_name, node_replace_name, interval, chance) VALUES
('farming:wheat_8','farming:wheat_dead', 10, 15000),
('farming:cotton_8','farming:cotton_dead', 10, 15000);

UPDATE dbversion SET version = 48  WHERE dbname = 'game';

-- DBv49
INSERT INTO itemdefs (name,description,type,inventory_image,wield_image,wield_scale_x,wield_scale_y,wield_scale_z,stack_max,item_range,usable,
liquids_pointable,node_placement_prediction) VALUES
('default:teleporter','Teleporter box',1,'travelnet_inv.png','',0.6,0.6,0.6,99,-1,'f','f','default:teleporter');

INSERT INTO itemdefs_nodes_tiles (item_name,tile1,tile2,tile3,tile4,tile5,tile6) VALUES
('default:teleporter','travelnet_travelnet_front.png','travelnet_travelnet_back.png','travelnet_travelnet_side.png','default_steel_block.png','default_clay.png','');

INSERT INTO itemdefs_nodes (item_name,drawtype,visual_scale,mesh,alpha,param_type,param_type2,is_ground_content,sunlight_propagates,walkable,pointable,
diggable,climbable,buildable_to,rightclickable,liquid_type,liquid_alternative_flowing,liquid_alternative_source,liquid_viscosity,liquid_range,
leveled,drowning,light_source,damage_per_second,waving,legacy_facedir_simple,legacy_wallmounted,max_drops) VALUES
('default:teleporter',16,1,'travelnet.obj',255,1,3,'t','t','t','t','t','f','f','t',0,'','',0,8,0,0,10,0,0,'f','f',9);

INSERT INTO itemdefs_groups (item_name, group_name, group_value) VALUES
('default:teleporter','choppy',1),
('default:teleporter','cracky',1),
('default:teleporter','snappy',1);

INSERT INTO itemdefs_sounds (item_name, sound_name, sound_gain, sound_file) VALUES
('default:teleporter','footstep',1,''),
('default:teleporter','dug',1,''),
('default:teleporter','place',1,'');

INSERT INTO itemdefs_nodeboxes (item_name,nodebox_type,collisionbox_type,selectionbox_type) VALUES
('default:teleporter',0,1,1);

INSERT INTO itemdefs_nodeboxes_components (item_name,nodebox_id,minedge_x,minedge_y,minedge_z,maxedge_x,maxedge_y,maxedge_z) VALUES
('default:teleporter',2,4.5,-5,-5,5,14.5,5),
('default:teleporter',2,-5,-5,4.5,4.5,14.5,5),
('default:teleporter',2,-5,-5,-5,-4.5,14.5,5),
('default:teleporter',2,-5,-5,-5,5,-4.5,5),
('default:teleporter',2,-5,14.5,-5,5,15,5),
('default:teleporter',3,-5,-5,-5,5,15,5);

UPDATE dbversion SET version = 49  WHERE dbname = 'game';

-- DBv50
CREATE TABLE teleporter_location (
    loc_x NUMERIC(16, 4) NOT NULL,
    loc_y NUMERIC(16, 4) NOT NULL,
    loc_z NUMERIC(16, 4) NOT NULL,
    description TEXT NOT NULL UNIQUE,
    PRIMARY KEY (loc_x, loc_y, loc_z)
);

--
-- Add constraints to user tables
--

ALTER TABLE user_privs ADD CONSTRAINT uid FOREIGN KEY (user_id) REFERENCES player (user_id) ON DELETE CASCADE;
ALTER TABLE user_ext_attributes ADD CONSTRAINT uid FOREIGN KEY (user_id) REFERENCES player (user_id) ON DELETE CASCADE;
ALTER TABLE user_channels ADD CONSTRAINT uid FOREIGN KEY (user_id) REFERENCES player (user_id) ON DELETE CASCADE;
ALTER TABLE user_awards ADD CONSTRAINT uid FOREIGN KEY (id_achievement) REFERENCES achievement (id) ON DELETE CASCADE;

INSERT INTO itemdefs_groups (item_name, group_name, group_value) VALUES
('default:teleporter', 'unbreakable', 1);

ALTER TABLE itemdefs_nodes ADD COLUMN rightclick_formspec INT NOT NULL DEFAULT 0;

UPDATE itemdefs_nodes SET rightclick_formspec = 1 WHERE item_name = 'default:teleporter';

UPDATE dbversion SET version = 50  WHERE dbname = 'game';

-- DBv51
ALTER TABLE user_ext_attributes RENAME TO player_ext_attributes;
ALTER INDEX user_ext_attributes_pkey RENAME TO player_ext_attributes_pkey;

ALTER TABLE player ADD COLUMN rules_accepted BOOLEAN NOT NULL DEFAULT 'f';

UPDATE dbversion SET version = 51  WHERE dbname = 'game';

-- DBv52
ALTER TABLE oredefs_noise ADD CONSTRAINT ore_id FOREIGN KEY (ore_id) REFERENCES oredefs (ore_id) ON DELETE CASCADE;
ALTER TABLE oredefs_pop_into ADD CONSTRAINT ore_id FOREIGN KEY (ore_id) REFERENCES oredefs (ore_id) ON DELETE CASCADE;
ALTER TABLE itemdefs_eat ADD CONSTRAINT item_name FOREIGN KEY (name) REFERENCES itemdefs (name) ON DELETE CASCADE;
ALTER TABLE itemdefs_groups ADD CONSTRAINT item_name FOREIGN KEY (item_name) REFERENCES itemdefs (name) ON DELETE CASCADE;
ALTER TABLE itemdefs_nodeboxes ADD CONSTRAINT item_name FOREIGN KEY (item_name) REFERENCES itemdefs (name) ON DELETE CASCADE;
ALTER TABLE itemdefs_nodeboxes_components ADD CONSTRAINT item_name FOREIGN KEY (item_name) REFERENCES itemdefs (name) ON DELETE CASCADE;
ALTER TABLE itemdefs_nodes ADD CONSTRAINT item_name FOREIGN KEY (item_name) REFERENCES itemdefs (name) ON DELETE CASCADE;
ALTER TABLE itemdefs_nodes_soil ADD CONSTRAINT item_name FOREIGN KEY (item_name) REFERENCES itemdefs (name) ON DELETE CASCADE;
ALTER TABLE itemdefs_nodes_tiles ADD CONSTRAINT item_name FOREIGN KEY (item_name) REFERENCES itemdefs (name) ON DELETE CASCADE;
ALTER TABLE itemdefs_sounds ADD CONSTRAINT item_name FOREIGN KEY (item_name) REFERENCES itemdefs (name) ON DELETE CASCADE;
ALTER TABLE itemdefs_tool_capabilities ADD CONSTRAINT item_name FOREIGN KEY (item_name) REFERENCES itemdefs (name) ON DELETE CASCADE;
ALTER TABLE itemdefs_tool_capabilities_damage_groups ADD CONSTRAINT item_name FOREIGN KEY (item_name) REFERENCES itemdefs (name) ON DELETE CASCADE;
ALTER TABLE itemdefs_tool_capabilities_groupcap ADD CONSTRAINT item_name FOREIGN KEY (item_name) REFERENCES itemdefs (name) ON DELETE CASCADE;
ALTER TABLE itemdefs_tool_capabilities_groupcap_times ADD CONSTRAINT item_name FOREIGN KEY (item_name) REFERENCES itemdefs (name) ON DELETE CASCADE;
ALTER TABLE creaturedefs_animationinfos ADD CONSTRAINT creature_name FOREIGN KEY (name) REFERENCES creaturedefs (name) ON DELETE CASCADE;
ALTER TABLE creaturedefs_damages ADD CONSTRAINT creature_name FOREIGN KEY (name) REFERENCES creaturedefs (name) ON DELETE CASCADE;
ALTER TABLE creaturedefs_meshes ADD CONSTRAINT creature_name FOREIGN KEY (name) REFERENCES creaturedefs (name) ON DELETE CASCADE;
ALTER TABLE creaturedefs_sounds ADD CONSTRAINT creature_name FOREIGN KEY (name) REFERENCES creaturedefs (name) ON DELETE CASCADE;
ALTER TABLE creaturedefs_spawning_abms ADD CONSTRAINT creature_name FOREIGN KEY (name) REFERENCES creaturedefs (name) ON DELETE CASCADE;
ALTER TABLE creaturedefs_spawning_nodes ADD CONSTRAINT creature_name FOREIGN KEY (name) REFERENCES creaturedefs (name) ON DELETE CASCADE;
ALTER TABLE creaturedefs_spells ADD CONSTRAINT creature_name FOREIGN KEY (creature_name) REFERENCES creaturedefs (name) ON DELETE CASCADE;
ALTER TABLE creaturedefs_spells ADD CONSTRAINT spell_name FOREIGN KEY (spell_name) REFERENCES spelldefs (name) ON DELETE CASCADE;
ALTER TABLE creaturedefs_textures ADD CONSTRAINT creature_name FOREIGN KEY (name) REFERENCES creaturedefs (name) ON DELETE CASCADE;

UPDATE dbversion SET version = 52  WHERE dbname = 'game';

-- DBv53
CREATE TABLE IF NOT EXISTS biomes (
	name TEXT NOT NULL,
	node_dust TEXT NOT NULL,
	node_top TEXT NOT NULL,
	depth_top INT NOT NULL DEFAULT 0,
	node_filler TEXT NOT NULL,
	depth_filler INT NOT NULL DEFAULT -31000,
	node_stone TEXT NOT NULL,
	node_water_top TEXT NOT NULL,
	depth_water_top INT NOT NULL DEFAULT 0,
	node_water TEXT NOT NULL,
	y_min INT NOT NULL DEFAULT -31000,
	y_max INT NOT NULL DEFAULT 31000,
	heat_point INT NOT NULL DEFAULT 0,
	humidity_point INT NOT NULL DEFAULT 0,
	PRIMARY KEY (name)
);

INSERT INTO biomes (name, node_dust, node_top, depth_top, node_filler, depth_filler, node_stone, node_water_top, depth_water_top, node_water, y_min, y_max, heat_point, humidity_point) VALUES
('glacier', 'default:snowblock', 'default:snowblock', 1, 'default:snowblock', 3, 'default:ice', 'default:ice', 10, '', -8, 31000, -5, 50),
('glacier_ocean', 'default:snowblock', 'default:gravel', 1, 'default:gravel', 2, '', '', 0, '', -112, -9, -5, 50),
('tundra', 'default:snow', 'default:dirt_with_snow', 1, 'default:dirt', 0, '', '', 0, '', 2, 31000, 20, 30),
('tundra_ocean', '', 'default:sand', 1, 'default:sand', 2, '', '', 0, '', -112, 1, 20, 30),
('taiga', 'default:snow', 'default:snowblock', 1, 'default:dirt', 2, '', '', 0, '', 2, 31000, 20, 70),
('taiga_ocean', '', 'default:sand', 1, 'default:sand', 2, '', '', 0, '', -112, 1, 20, 70),
('stone_grassland', '', 'default:dirt_with_grass', 1, 'default:dirt', 0, '', '', 0, '', 6, 31000, 45, 30),
('stone_grassland_ocean', '', 'default:sand', 1, 'default:sand', 2, '', '', 0, '', -112, 5, 45, 30),
('coniferous_forest', '', 'default:dirt_with_grass', 1, 'default:dirt', 2, '', '', 0, '', 6, 31000, 45, 70),
('coniferous_forest_ocean', '', 'default:sand', 1, 'default:sand', 2, '', '', 0, '', -112, 5, 45, 70),
('sandstone_grassland', '', 'default:dirt_with_grass', 1, 'default:dirt', 0, 'default:sandstone', '', 0, '', 6, 31000, 70, 30),
('sandstone_grassland_ocean', '', 'default:sand', 1, 'default:sand', 2, 'default:sandstone', '', 0, '', -112, 5, 70, 30),
('deciduous_forest', '', 'default:dirt_with_grass', 1, 'default:dirt', 2, '', '', 0, '', 6, 31000, 70, 70),
('deciduous_forest_ocean', '', 'default:sand', 1, 'default:sand', 2, '', '', 0, '', -112, 5, 70, 70),
('desert', '', 'default:desert_sand', 1, 'default:desert_sand', 1, 'default:desert_stone', '', 0, '', 1, 31000, 95, 10),
('desert_ocean', '', 'default:sand', 1, 'default:sand', 2, 'default:desert_stone', '', 0, '', -112, 0, 95, 10),
('savanna', '', 'default:dirt_with_dry_grass', 1, 'default:dirt', 1, '', '', 0, '', 5, 31000, 95, 50),
('savanna_ocean', '', 'default:sand', 1, 'default:sand', 2, '', '', 0, '', -112, 4, 95, 50),
('rainforest', '', 'default:dirt_with_grass', 1, 'default:dirt', 2, '', '', 0, '', 1, 31000, 95, 90),
('rainforest_swamp', '', 'default:dirt', 1, 'default:dirt', 2, '', '', 0, '', 0, 0, 95, 90),
('rainforest_ocean', '', 'default:sand', 1, 'default:sand', 2, '', '', 0, '', -112, -1, 95, 90),
('underground', '', '', 0, '', -4, '', '', 0, '', -31000, -113, 50, 50);

CREATE TABLE IF NOT EXISTS decorations (
	id INT NOT NULL,
	name TEXT NOT NULL,
	type INT NOT NULL,
	place_on TEXT NOT NULL,
	sidelen INT NOT NULL DEFAULT 0,
	fill_ratio FLOAT NOT NULL DEFAULT 0,
	np_offset FLOAT NOT NULL DEFAULT 0,
	np_scale FLOAT NOT NULL DEFAULT 0,
	np_spread_x INT NOT NULL DEFAULT 0,
	np_spread_y INT NOT NULL DEFAULT 0,
	np_spread_z INT NOT NULL DEFAULT 0,
	np_seed INT NOT NULL DEFAULT 0,
	np_octaves INT NOT NULL DEFAULT 0,
	np_persist FLOAT NOT NULL DEFAULT 0,
	y_min INT NOT NULL DEFAULT 0,
	y_max INT NOT NULL DEFAULT 0,
	schematic TEXT NOT NULL,
	flags INT NOT NULL,
	rotation INT NOT NULL,
	decoration TEXT NOT NULL,
	height INT NOT NULL DEFAULT 0,
	height_max INT NOT NULL DEFAULT 0,
	spawn_by TEXT NOT NULL,
	num_spawn_by INT NOT NULL DEFAULT 0,
	PRIMARY KEY (id)
);

INSERT INTO decorations (id, name, type, place_on, sidelen, fill_ratio, np_offset, np_scale, np_spread_x, np_spread_y, np_spread_z, np_seed, np_octaves, np_persist, y_min, y_max, schematic, flags, rotation, decoration, height, height_max, spawn_by, num_spawn_by) VALUES
(0, 'papyrus', 0, 'default:dirt_with_grass', 8, 0, -0.3, 0.7, 100, 100, 100, 354, 0, 0.7, 1, 1, '', 0, 0, 'default:papyrus', 2, 4, 'default:water_source', 1),
(1, 'cacti', 0, 'default:desert_sand', 16, 0, -0.012, 0.024, 100, 100, 100, 230, 3, 0.6, 1, 30, '', 0, 0, 'default:cactus', 3, 4, '', 0),
(2, 'Dry shrubs', 0, 'default:desert_sand, default:dirt_with_snow', 16, 0, 0, 0.035, 100, 100, 100, 329, 3, 0.6, 1, 30, '', 0, 0, 'default:dry_shrub', 1, 0, '', 0),
(3, 'Acacia tree', 1, 'default:desert_sand, default:dirt_with_grass, default:dirt_with_dry_grass', 80, 0, 0, 0.002, 350, 350, 350, 2, 3, 0.66, 6, 150, 'acacia_tree.mts', 5, 4, '', 0, 0, '', 0 ),
(4, 'Apple tree v2', 1, 'default:dirt_with_grass', 80, 0, 0, 0.002, 350, 350, 350, 335, 3, 0.66, 0, 150, 'apple_tree2.mts', 5, 4, '', 0, 0, '', 0),
(5, 'Beerch Tree', 1, 'default:dirt_with_grass', 80, 0, 0, 0.001, 350, 350, 350, 334, 3, 0.66, 6, 150, 'beech_tree.mts', 5, 4, '', 0, 0, '', 0),
(6, 'Birch Tree', 1, 'default:dirt_with_grass', 80, 0, 0, 0.002, 350, 350, 350, 334, 3, 0.66, 6, 150, 'birch_tree.mts', 5, 4, '', 0, 0, '', 0),
(7, 'Douglas Tree', 1, 'default:dirt_with_grass, default:dirt_with_snow', 80, 0, 0, 0.002, 350, 350, 350, 2, 3, 0.66, 6, 150, 'douglas_tree.mts', 5, 4, '', 0, 0, '', 0),
(8, 'Oak Tree', 1, 'default:dirt_with_grass', 80, 0, 0, 0.001, 350, 350, 350, 332, 3, 0.66, 6, 150, 'oak_tree.mts', 5, 4, '', 0, 0, '', 0),
(9, 'Palm tree', 1, 'default:sand', 80, 0, 0, 0.002, 350, 350, 350, 330, 3, 0.66, 0, 150, 'palm_tree.mts', 5, 4, '', 0, 0, '', 0),
(10, 'Pine Tree', 1, 'default:dirt_with_grass, default:dirt_with_snow', 80, 0, 0, 0.002, 350, 350, 350, 336, 3, 0.66, 6, 150, 'pine_tree.mts', 5, 4, '', 0, 0, '', 0),
(11, 'Rubber tree', 1, 'default:dirt_with_grass', 80, 0, 0, 0.0005, 350, 350, 350, 335, 3, 0.66, 0, 150, 'rubber_tree.mts', 5, 4, '', 0, 0, 'default:water_source', 1),
(12, 'Sequoia tree', 1, 'default:dirt_with_grass', 80, 0, 0, 0.0005, 350, 350, 350, 333, 3, 0.66, 0, 150, 'sequoia_tree.mts', 5, 4, '', 0, 0, '', 1),
(13, 'Spruce tree', 1, 'default:dirt_with_grass', 80, 0, 0, 0.0005, 350, 350, 350, 331, 3, 0.66, 0, 150, 'spruce_tree.mts', 5, 4, '', 0, 0, '', 0),
(14, 'Willow tree', 1, 'default:dirt_with_grass, default:dirt_with_snow', 80, 0, 0, 0.0008, 350, 350, 350, 335, 3, 0.66, 0, 150, 'willow_tree.mts', 5, 4, '', 0, 0, 'default:water_source', 1),
(15, 'Apple tree', 1, 'default:dirt_with_grass', 16, 0, 0.04, 0.02, 250, 250, 250, 2, 3, 0.66, 6, 31000, 'apple_tree.mts', 5, 0, '', 0, 0, '', 0 ),
(16, 'Jungle tree', 1, 'default:dirt_with_grass, default:dirt', 80, 0.09, 0, 0, 0, 0, 0, 0, 0, 0, 0, 31000, 'jungle_tree.mts', 5, 0, '', 0, 0, '', 0 ),
(17, 'Taiga and temperate forest pine tree', 1, 'default:snowblock, default:dirt_with_grass', 16, 0, 0.04, 0.02, 250, 250, 250, 2, 3, 0.66, 0, 31000, 'pine_tree.mts', 5, 0, '', 0, 0, '', 0 ),
(18, 'Large cactus', 1, 'default:desert_sand', 80, 0, -0.0005, 0.0015, 200, 200, 200, 230, 3, 0.6, 2, 31000, 'large_cactus.mts', 1, 4, '', 0, 0, '', 0 ),
(19, 'Cactus', 0, 'default:desert_sand', 80, 0, -0.0005, 0.0015, 200, 200, 200, 230, 3, 0.6, 2, 31000, '', 0, 0, 'default:cactus', 2, 5, '', 0 ),
(20, 'Papyrus v7', 1, 'default:sand', 16, 0, -0.03, 0.7, 200, 200, 200, 354, 3, 0.7, 0, 0, 'papyrus.mts', 0, 0, '', 0, 0, '', 0 ),
(21, 'Junglegrass', 0, 'default:dirt_with_grass', 80, 0.1, 0, 0, 0, 0, 0, 0, 0, 0, 1, 31000, '', 0, 0, 'default:junglegrass', 1, 0, '', 0 ),
(22, 'Dry shrub', 0, 'default:desert_sand, default:dirt_with_snow', 16, 0, 0, 0.02, 200, 200, 200, 329, 3, 0.6, 2, 31000, '', 0, 0, 'default:dry_shrub', 1, 0, '', 0 ),
(23, 'Flower rose', 0, 'default:dirt_with_grass', 16, 0, 0, 0.006, 100, 100, 100, 436, 3, 0.6, 1, 30, '', 0, 0, 'flowers:rose',1 ,0, '',0),
(24, 'Flower tulip', 0, 'default:dirt_with_grass', 16, 0, 0, 0.006, 100, 100, 100, 436, 3, 0.6, 1, 30, '', 0, 0, 'flowers:tulip',1 ,0, '',0),
(25, 'Flower dandelion_yellow', 0, 'default:dirt_with_grass', 16, 0, 0, 0.006, 100, 100, 100, 436, 3, 0.6, 1, 30, '', 0, 0, 'flowers:dandelion_yellow',1 ,0, '',0),
(26, 'Flower geranium', 0, 'default:dirt_with_grass', 16, 0, 0, 0.006, 100, 100, 100, 436, 3, 0.6, 1, 30, '', 0, 0, 'flowers:geranium',1 ,0, '',0),
(27, 'Flower viola', 0, 'default:dirt_with_grass', 16, 0, 0, 0.006, 100, 100, 100, 436, 3, 0.6, 1, 30, '', 0, 0, 'flowers:viola',1 ,0, '',0),
(28, 'Flower dandelion_white', 0, 'default:dirt_with_grass', 16, 0, 0, 0.006, 100, 100, 100, 436, 3, 0.6, 1, 30, '', 0, 0, 'flowers:dandelion_white',1 ,0, '',0),
(29, 'Brown mushroom', 0, 'default:dirt_with_grass', 16, 0, 0, 0.04, 100, 100, 100, 7133, 3, 0.6, 1, 30, '', 0, 0, 'flowers:mushroom_fertile_brown', 1, 0, 'default:tree', 1),
(30, 'Red mushroom', 0, 'default:dirt_with_grass', 16, 0, 0, 0.04, 100, 100, 100, 7133, 3, 0.6, 1, 30, '', 0, 0, 'flowers:mushroom_fertile_red', 1, 0, 'default:tree', 1),
(31, 'Flower rose v7', 0, 'default:dirt_with_grass', 16, 0, -0.02, 0.03, 200, 200, 200, 436, 3, 0.6, 1, 31000, '', 0, 0, 'flowers:rose', 1, 0, '', 0),
(32, 'Flower tulip v7', 0, 'default:dirt_with_grass', 16, 0, -0.02, 0.03, 200, 200, 200, 19822, 3, 0.6, 1, 31000, '', 0, 0, 'flowers:tulip', 1, 0, '', 0),
(33, 'Flower dandelion_yellow v7', 0, 'default:dirt_with_grass', 16, 0, -0.02, 0.03, 200, 200, 200, 1220999, 3, 0.6, 1, 31000, '', 0, 0, 'flowers:dandelion_yellow', 1, 0, '', 0),
(34, 'Flower geranium v7', 0, 'default:dirt_with_grass', 16, 0, -0.02, 0.03, 200, 200, 200, 36662, 3, 0.6, 1, 31000, '', 0, 0, 'flowers:geranium', 1, 0, '', 0),
(35, 'Flower viola v7', 0, 'default:dirt_with_grass', 16, 0, -0.02, 0.03, 200, 200, 200, 1133, 3, 0.6, 1, 31000, '', 0, 0, 'flowers:viola', 1, 0, '', 0),
(36, 'Flower dandelion_white v7', 0, 'default:dirt_with_grass', 16, 0, -0.02, 0.03, 200, 200, 200, 73133, 3, 0.6, 1, 31000, '', 0, 0, 'flowers:dandelion_white', 1, 0, '', 0),
(37, 'Brown mushroom v7', 0, 'default:dirt_with_grass', 16, 0, 0, 0.006, 200, 200, 200, 2, 3, 0.66, 6, 31000, '', 0, 0, 'flowers:mushroom_fertile_brown', 1, 0, '', 0),
(38, 'Red mushroom v7', 0, 'default:dirt_with_grass', 16, 0, 0, 0.006, 200, 200, 200, 2, 3, 0.66, 6, 31000, '', 0, 0, 'flowers:mushroom_fertile_red', 1, 0, '', 0),
(39, 'Long grasses 1', 0, 'default:dirt_with_grass', 16, 0, 0, 0.007, 100, 100, 100, 329, 0, 0.6, 1, 30, '', 0, 0, 'default:grass_1', 1, 0, '', 0),
(40, 'Long grasses 2', 0, 'default:dirt_with_grass', 16, 0, 0, 0.007, 100, 100, 100, 329, 0, 0.6, 1, 30, '', 0, 0, 'default:grass_2', 1, 0, '', 0),
(41, 'Long grasses 3', 0, 'default:dirt_with_grass', 16, 0, 0, 0.007, 100, 100, 100, 329, 0, 0.6, 1, 30, '', 0, 0, 'default:grass_3', 1, 0, '', 0),
(42, 'Long grasses 4', 0, 'default:dirt_with_grass', 16, 0, 0, 0.007, 100, 100, 100, 329, 0, 0.6, 1, 30, '', 0, 0, 'default:grass_4', 1, 0, '', 0),
(43, 'Long grasses 5', 0, 'default:dirt_with_grass', 16, 0, 0, 0.007, 100, 100, 100, 329, 0, 0.6, 1, 30, '', 0, 0, 'default:grass_5', 1, 0, '', 0),
(44, 'Grasses 1', 0, 'default:dirt_with_grass, default:sand', 16, 0, 0.03, 0.03, 200, 200, 200, 329, 3, 0.6, 5, 31000, '', 0, 0, 'default:grass_1', 1, 0, '', 0),
(45, 'Grasses 2', 0, 'default:dirt_with_grass, default:sand', 16, 0, 0.015, 0.045, 200, 200, 200, 329, 3, 0.6, 5, 31000, '', 0, 0, 'default:grass_2', 1, 0, '', 0),
(46, 'Grasses 3', 0, 'default:dirt_with_grass, default:sand', 16, 0, 0, 0.06, 200, 200, 200, 329, 3, 0.6, 5, 31000, '', 0, 0, 'default:grass_3', 1, 0, '', 0),
(47, 'Grasses 4', 0, 'default:dirt_with_grass, default:sand', 16, 0, -0.015, 0.075, 200, 200, 200, 329, 3, 0.6, 5, 31000, '', 0, 0, 'default:grass_4', 1, 0, '', 0),
(48, 'Grasses 5', 0, 'default:dirt_with_grass, default:sand', 16, 0, -0.03, 0.09, 200, 200, 200, 329, 3, 0.6, 5, 31000, '', 0, 0, 'default:grass_5', 1, 0, '', 0),
(49, 'Dry grasses 1', 0, 'default:dirt_with_grass', 16, 0, 0.09, -0.03, 200, 200, 200, 329, 3, 0.6, 5, 31000, '', 0, 0, 'default:dry_grass_1', 1, 0, '', 0),
(50, 'Dry grasses 2', 0, 'default:dirt_with_grass', 16, 0, 0.07, -0.01, 200, 200, 200, 329, 3, 0.6, 5, 31000, '', 0, 0, 'default:dry_grass_2', 1, 0, '', 0),
(51, 'Dry grasses 3', 0, 'default:dirt_with_grass', 16, 0, 0.05, 0.01, 200, 200, 200, 329, 3, 0.6, 5, 31000, '', 0, 0, 'default:dry_grass_3', 1, 0, '', 0),
(52, 'Dry grasses 4', 0, 'default:dirt_with_grass', 16, 0, 0.03, 0.03, 200, 200, 200, 329, 3, 0.6, 5, 31000, '', 0, 0, 'default:dry_grass_4', 1, 0, '', 0),
(53, 'Dry grasses 5', 0, 'default:dirt_with_grass', 16, 0, 0.01, 0.05, 200, 200, 200, 329, 3, 0.6, 5, 31000, '', 0, 0, 'default:dry_grass_5', 1, 0, '', 0);

CREATE TABLE IF NOT EXISTS decoration_biomes (
	decoration_id INT NOT NULL,
	biome_name TEXT NOT NULL,
	primary key (decoration_id, biome_name),
	CONSTRAINT decoration_id FOREIGN KEY (decoration_id) REFERENCES decorations (id) ON DELETE CASCADE,
	CONSTRAINT biome_name FOREIGN KEY (biome_name) REFERENCES biomes (name) ON DELETE CASCADE
);

INSERT INTO decoration_biomes (decoration_id, biome_name) VALUES
(15, 'deciduous_forest'),
(16, 'rainforest_swamp'),
(16, 'rainforest_ocean'),
(17, 'desert'),
(18, 'desert'),
(20, 'desert_ocean'),
(20, 'savanna_ocean'),
(21, 'rainforest'),
(22, 'tundra'),
(22, 'desert'),
(31, 'stone_grassland'),
(31, 'sandstone_grassland'),
(31, 'deciduous_forest'),
(31, 'coniferous_forest'),
(32, 'stone_grassland'),
(32, 'sandstone_grassland'),
(32, 'deciduous_forest'),
(32, 'coniferous_forest'),
(33, 'stone_grassland'),
(33, 'sandstone_grassland'),
(33, 'deciduous_forest'),
(33, 'coniferous_forest'),
(34, 'stone_grassland'),
(34, 'sandstone_grassland'),
(34, 'deciduous_forest'),
(34, 'coniferous_forest'),
(35, 'stone_grassland'),
(35, 'sandstone_grassland'),
(35, 'deciduous_forest'),
(35, 'coniferous_forest'),
(36, 'stone_grassland'),
(36, 'sandstone_grassland'),
(36, 'deciduous_forest'),
(36, 'coniferous_forest'),
(37, 'deciduous_forest'),
(37, 'coniferous_forest'),
(38, 'deciduous_forest'),
(38, 'coniferous_forest'),
(44, 'stone_grassland'),
(44, 'sandstone_grassland'),
(44, 'deciduous_forest'),
(44, 'coniferous_forest'),
(44, 'stone_grassland_ocean'),
(44, 'sandstone_grassland_ocean'),
(44, 'deciduous_forest_ocean'),
(44, 'coniferous_forest_ocean'),
(45, 'stone_grassland'),
(45, 'sandstone_grassland'),
(45, 'deciduous_forest'),
(45, 'coniferous_forest'),
(45, 'stone_grassland_ocean'),
(45, 'sandstone_grassland_ocean'),
(45, 'deciduous_forest_ocean'),
(45, 'coniferous_forest_ocean'),
(46, 'stone_grassland'),
(46, 'sandstone_grassland'),
(46, 'deciduous_forest'),
(46, 'coniferous_forest'),
(46, 'stone_grassland_ocean'),
(46, 'sandstone_grassland_ocean'),
(46, 'deciduous_forest_ocean'),
(46, 'coniferous_forest_ocean'),
(47, 'stone_grassland'),
(47, 'sandstone_grassland'),
(47, 'deciduous_forest'),
(47, 'coniferous_forest'),
(47, 'stone_grassland_ocean'),
(47, 'sandstone_grassland_ocean'),
(47, 'deciduous_forest_ocean'),
(47, 'coniferous_forest_ocean'),
(48, 'stone_grassland'),
(48, 'sandstone_grassland'),
(48, 'deciduous_forest'),
(48, 'coniferous_forest'),
(48, 'stone_grassland_ocean'),
(48, 'sandstone_grassland_ocean'),
(48, 'deciduous_forest_ocean'),
(48, 'coniferous_forest_ocean'),
(49, 'savanna'),
(50, 'savanna'),
(51, 'savanna'),
(52, 'savanna'),
(53, 'savanna');

CREATE TABLE IF NOT EXISTS biomes_mapgen (
	biome_name TEXT NOT NULL,
	mapgen INT NOT NULL,
	PRIMARY KEY (biome_name, mapgen),
	FOREIGN KEY (biome_name) REFERENCES biomes (name) ON DELETE CASCADE
);

INSERT INTO biomes_mapgen (biome_name, mapgen) VALUES
('glacier', 7),
('glacier_ocean', 7),
('tundra', 7),
('tundra_ocean', 7),
('taiga', 7),
('taiga_ocean', 7),
('stone_grassland', 7),
('stone_grassland_ocean', 7),
('coniferous_forest', 7),
('coniferous_forest_ocean', 7),
('sandstone_grassland', 7),
('sandstone_grassland_ocean', 7),
('deciduous_forest', 7),
('deciduous_forest_ocean', 7),
('desert', 7),
('desert_ocean', 7),
('savanna', 7),
('savanna_ocean', 7),
('rainforest', 7),
('rainforest_swamp', 7),
('rainforest_ocean', 7),
('underground', 7);

CREATE TABLE IF NOT EXISTS decorations_mapgen (
	decoration_id INT NOT NULL,
	mapgen INT NOT NULL,
	PRIMARY KEY(decoration_id, mapgen),
	FOREIGN KEY (decoration_id) REFERENCES decorations (id) ON DELETE CASCADE
);

INSERT INTO decorations_mapgen (decoration_id, mapgen) VALUES
(0, 6),
(1, 6),
(2, 6),
(3, 7),
(4, 7),
(5, 7),
(6, 7),
(7, 7),
(8, 7),
(9, 7),
(10, 7),
(11, 7),
(12, 7),
(13, 7),
(14, 7),
(15, 7),
(16, 7),
(17, 7),
(18, 7),
(19, 7),
(20, 7),
(21, 7),
(22, 7),
(23, 6),
(24, 6),
(25, 6),
(26, 6),
(27, 6),
(28, 6),
(29, 6),
(30, 6),
(31, 7),
(32, 7),
(33, 7),
(34, 7),
(35, 7),
(36, 7),
(39, 6),
(40, 6),
(41, 6),
(42, 6),
(43, 6),
(44, 7),
(45, 7),
(46, 7),
(47, 7),
(48, 7),
(49, 7),
(50, 7),
(51, 7),
(52, 7),
(53, 7);

UPDATE dbversion SET version = 53  WHERE dbname = 'game';

-- DBv55
CREATE TABLE player_ignored_players (
    user_id INT NOT NULL,
    ignored_player VARCHAR(128) NOT NULL,
    PRIMARY KEY(user_id, ignored_player),
    CONSTRAINT uid FOREIGN KEY (user_id) REFERENCES player (user_id) ON DELETE CASCADE
);

UPDATE dbversion set version = 55 WHERE dbname = 'game';

-- DBv56
ALTER TABLE player ALTER COLUMN pitch TYPE numeric(15,8);
ALTER TABLE player ALTER COLUMN yaw TYPE numeric(15,8);
ALTER TABLE player ALTER COLUMN posx TYPE numeric(15,8);
ALTER TABLE player ALTER COLUMN posy TYPE numeric(15,8);
ALTER TABLE player ALTER COLUMN posz TYPE numeric(15,8);

ALTER TABLE creaturedefs ADD COLUMN description VARCHAR(256);
UPDATE creaturedefs SET description = 'Bee' WHERE name = 'mobs:bee';
UPDATE creaturedefs SET description = 'Bunny' WHERE name = 'mobs:bunny';
UPDATE creaturedefs SET description = 'Cow' WHERE name = 'mobs:cow';
UPDATE creaturedefs SET description = 'Dirt monster' WHERE name = 'mobs:dirt_monster';
UPDATE creaturedefs SET description = 'Dungeon master' WHERE name = 'mobs:dungeon_master';
UPDATE creaturedefs SET description = 'Lava flan' WHERE name = 'mobs:lava_flan';
UPDATE creaturedefs SET description = 'Mese monster' WHERE name = 'mobs:mese_monster';
UPDATE creaturedefs SET description = 'Oerkki' WHERE name = 'mobs:oerkki';
UPDATE creaturedefs SET description = 'Rat' WHERE name = 'mobs:rat';
UPDATE creaturedefs SET description = 'Sand monster' WHERE name = 'mobs:sand_monster';
UPDATE creaturedefs SET description = 'Sheep' WHERE name = 'mobs:sheep';
UPDATE creaturedefs SET description = 'Spider' WHERE name = 'mobs:spider';
UPDATE creaturedefs SET description = 'Stone monster' WHERE name = 'mobs:stone_monster';
UPDATE creaturedefs SET description = 'Tree monster' WHERE name = 'mobs:tree_monster';
UPDATE creaturedefs SET description = 'Pumba' WHERE name = 'mobs:pumba';
UPDATE creaturedefs SET description = 'Kitten' WHERE name = 'mobs:kitten';
UPDATE creaturedefs SET description = 'Creeper' WHERE name = 'mobs:creeper';
UPDATE creaturedefs SET description = 'Yeti' WHERE name = 'mobs:yeti';
UPDATE creaturedefs SET description = 'Chicken' WHERE name = 'mobs:chicken';
UPDATE dbversion set version = 56 WHERE dbname = 'game';

-- DBv57
DELETE FROM oredefs_pop_into WHERE ore_id in (SELECT ore_id from oredefs WHERE ore_name like 'mese_crystals:mese_crystal_ore%');
DELETE FROM oredefs WHERE ore_name LIKE 'mese_crystals:mese_crystal_ore%';

UPDATE dbversion SET version = 57 WHERE dbname = 'game';

-- DBv58
ALTER TABLE user_awards ADD CONSTRAINT user_id FOREIGN KEY (id_player) REFERENCES player (user_id) ON DELETE CASCADE;
INSERT INTO tips (tip_en) VALUES ('[Tip] You can see if you are in the top crafters, diggers or placers on http://www.epixel-game.net/fr/statistics');
UPDATE dbversion SET version = 58 WHERE dbname = 'game';

-- DBv59
CREATE TABLE area_owners (
    area_id INT NOT NULL,
    user_id INT NOT NULL,
    PRIMARY KEY (area_id, user_id),
    CONSTRAINT uid FOREIGN KEY (user_id) REFERENCES player (user_id) ON DELETE CASCADE,
    CONSTRAINT areaid FOREIGN KEY (area_id) REFERENCES areas (id) ON DELETE CASCADE
);

INSERT INTO area_owners (area_id, user_id) SELECT areas.id, (SELECT id FROM users WHERE users.login = areas.area_owner) FROM areas;

ALTER TABLE areas DROP COLUMN area_owner;

INSERT INTO tips (tip_en) VALUES
('[Tip] You can add owners to your areas by using /area add_owner command.'),
('[Tip] If you want to remove a owner from one of your areas, use /area remove_owner command.');

UPDATE dbversion SET version = 59 WHERE dbname = 'game';
